ID,No.,Type,Star,Name,Doll ID,Doll,Damage,Accuracy,Evasion,Move Speed,Rate of Fire,Crit.Rate,Crit.Damage,Armor Pen.,Armor,Shield,Damage Amplify,Damage Reduction,Night View,Rounds,Equip Exp,Equip Level,EQUIP_INFO_ADJUST_MAX,Adjust Count,Locked
9372571,8,EOT (Holographic),★★★★★,EOT 518,-,-,8,14,-,-,-4,-,-,-,-,-,-,-,-,-,10075,10,MAX,6,Locked
9490489,109,Optical (Acc),★★★★★,16Lab 6-24X56,-,-,-,-,-,-,-,48.0000%,-,-,-,-,-,-,-,-,10275,10,MAX,0,Locked
9506151,110,HV (Ammo),★★★★★,16Lab High-Velocity Ammo,-,-,20.0000,-,-,-,-,-,-,-,-,-,-,-,-,-,10000,10,MAX,0,Locked
9592028,72,HP (Ammo),★★★★★,ILM Hollow-Point Ammo,210421223,P290,15,-,-,-,-,-,-,-7,-,-,-,-,-,-,10000,10,MAX,6,Locked
9628426,40,T Exo (Body),★★★★★,IOP T4 Exoskeleton,182329955,SAA Mod,-6,-,35,-,-,-,-,-,-,-,-,-,-,-,10000,10,MAX,12,Locked
9705413,90,Cape (Body),★★★★★,Thermoptic Camouflage Cape,203742779,SCAR-H,-,-,-,-3.0000,-,-,25%,-,-,-,-,-,-,-,10000,10,MAX,6,Locked
10791979,76,Buck (Shell),★★★★★,#000 Buckshot,-,-,15,-,-,-,-,-,22%,-,-,-,-,-,-,-,10000,10,MAX,16,Locked
10792244,4,Optical (Acc),★★★★★,VFL 6-24X56,203742779,SCAR-H,-,-,-,-,-,48%,-,-,-,-,-,-,-,-,10150,10,MAX,6,Locked
10993487,58,X Exo (Body),★★★★★,IOP X4 Exoskeleton,155174525,C96 Mod,-,-,20,-,-,-,-,-,-,-,-,-,-,-,10050,10,MAX,3,Locked
11354225,72,HP (Ammo),★★★★★,ILM Hollow-Point Ammo,218459914,Rex Zero 1 Mod,15,-,-,-,-,-,-,-7,-,-,-,-,-,-,10000,10,MAX,16,Locked
11514786,60,Sp. Eq (Exclusive),★★★★★,.300BLK High-Velocity Ammo,-,-,35,-,-,-,-10,-,-,-,-,-,-,-,-,-,30125,10,MAX,13,Locked
11665860,16,PEQ (Acc),★★★★★,PEQ-16A,218459914,Rex Zero 1 Mod,-,-,-,-,-,-,-,-,-,-,-,-,100%,-,0,0,MAX,10,Locked
11674313,40,T Exo (Body),★★★★★,IOP T4 Exoskeleton,55477652,K5 Mod,-6,-,35,-,-,-,-,-,-,-,-,-,-,-,10000,10,MAX,16,Locked
11865158,4,Optical (Acc),★★★★★,VFL 6-24X56,-,-,-,-,-,-,-,48%,-,-,-,-,-,-,-,-,10050,10,MAX,3,Locked
11957397,121,T Exo (Body),★★★★★,16Lab T4 Exoskeleton,96899465,Px4 Storm Mod,-6.0000,-,35.0000,-,-,-,-,-,-,-,-,-,-,-,10000,10,MAX,0,Locked
12314095,120,Red Dot (Acc),★★★★★,16Lab MARS,-,-,-,30.0000,-,-,-1.0000,-,-,-,-,-,-,-,-,-,10000,10,MAX,0,Locked
12325193,58,X Exo (Body),★★★★★,IOP X4 Exoskeleton,210421223,P290,-,-,20,-,-,-,-,-,-,-,-,-,-,-,10000,10,MAX,4,Locked
12407611,58,X Exo (Body),★★★★★,IOP X4 Exoskeleton,-,-,-,-,8.7596,-,-,-,-,-,-,-,-,-,-,-,0,0,,0,Locked
12482181,16,PEQ (Acc),★★★★★,PEQ-16A,155174525,C96 Mod,-,-,-,-,-,-,-,-,-,-,-,-,100%,-,0,0,MAX,16,Locked
12482183,44,Plate (Body),★★★★★,Type 3 Armor Plate,-,-,-,-,-2,-,-,-,-,-,11,-,-,-,-,-,10075,10,MAX,6,Locked
12588291,76,Buck (Shell),★★★★★,#000 Buckshot,-,-,7.4128,-,-,-,-,-,12.7480%,-,-,-,-,-,-,-,0,0,,0,Locked
12608856,49,PEQ (Acc),★★★★★,16Lab Infrared Designator,214386694,Purin Esaki,-,-,-,-,-,-,-,-,-,-,-,-,100.0000%,-,0,0,MAX,0,Locked
12653275,50,AP (Ammo),★★★★★,16Lab Sub-Caliber Armor-Piercing Ammo,-,-,-,-,-,-,-,-,-,180.0000,-,-,-,-,-,-,10125,10,MAX,0,Locked
12870446,4,Optical (Acc),★★★★★,VFL 6-24X56,-,-,-,-,-,-,-,48%,-,-,-,-,-,-,-,-,10000,10,MAX,12,Locked
12871715,91,Sp. Eq (Exclusive),★★★★★,Special Warfare Mobile Suit,-,-,-,-20.0000,10.0000,-,-10.0000,-,-,-,20.0000,-,-,-,-,-,30075,10,MAX,0,Locked
13079587,8,EOT (Holographic),★★★★★,EOT 518,-,-,8,14,-,-,-4,-,-,-,-,-,-,-,-,-,10000,10,MAX,26,Locked
13340237,95,HP (Ammo),★★★★★,16Lab Hollow-Point,155174525,C96 Mod,15.0000,-,-,-,-,-,-,-7.0000,-,-,-,-,-,-,10075,10,MAX,0,Locked
13578599,66,Supp (Silencer),★★★★★,AC4 Suppressor,-,-,-,-,10,-,-,20%,-,-,-,-,-,-,-,-,10000,10,MAX,6,Locked
13806472,137,Sp. Eq (Exclusive),★★★★★,Adelhyde,-,-,-,-,15.0000,-,-,-,-,-,-,-,-,-,-,-,0,0,MAX,0,Locked
13806473,138,Sp. Eq (Exclusive),★★★★★,Flanergide,-,-,-,-,15.0000,-,-,-,-,-,-,-,-,-,-,-,0,0,MAX,0,Locked
13806474,139,Sp. Eq (Exclusive),★★★★★,Adelhyde,-,-,-,-,15.0000,-,-,-,-,-,-,-,-,-,-,-,0,0,MAX,0,Locked
13806475,140,Sp. Eq (Exclusive),★★★★★,Bronson Extract,-,-,-,-,15.0000,-,-,-,-,-,-,-,-,-,-,-,0,0,MAX,0,Locked
13806476,141,Sp. Eq (Exclusive),★★★★★,Powdered Delta,-,-,-,-,15.000,-,-,-,-,-,-,-,-,-,-,-,0,0,MAX,0,Locked
13806477,142,Sp. Eq (Exclusive),★★★★★,Karmotrine,-,-,-,-,15.0000,-,-,-,-,-,-,-,-,-,-,-,0,0,MAX,0,Locked
13806478,143,Sp. Eq (Exclusive),★★★★★,Karmotrine,-,-,-,-,15.0000,-,-,-,-,-,-,-,-,-,-,-,0,0,MAX,0,Locked
13806479,144,Sp. Eq (Exclusive),★★★★★,Karmotrine,-,-,-,-,15.0000,-,-,-,-,-,-,-,-,-,-,-,0,0,MAX,0,Locked
14478667,146,Sp. Eq (Exclusive),★★★★★,MIRD Class-5 Rounds,-,-,22,-,-,-,-,-,-,-7,-,-,-,-,-,-,30000,10,MAX,14,Locked
14593282,72,HP (Ammo),★★★★★,ILM Hollow-Point Ammo,-,-,9.5555,-,-,-,-,-,-,-9.5596,-,-,-,-,-,-,850,3,,0,Locked
14650882,148,Sp. Eq (Exclusive),★★★★★,Prosthetic Eye,-,-,-,-,-,-3.0000,3,-,30%,-,-,-,-,-,-,-,30000,10,MAX,6,Locked
14719115,147,Sp. Eq (Exclusive),★★★★★,White Knight's Armor,-,-,-,-,16.6455,-,-,-,-,-,-,-,-,-,-,-,0,0,,0,Locked
14809049,145,Sp. Eq (Exclusive),★★★★★,Prosthetic Arm,-,-,2.7592,-,-2.501,-,-,-,-,-,6.3432,-,-,-,-,-,0,0,,0,Locked
14933244,149,Sp. Eq (Exclusive),★★★★★,Cybernetic Hands,-,-,2.8216,-,-2.4046,-,-,-,-,-,-,-,-,-,-,3.3506,0,0,,0,Locked
14946386,44,Plate (Body),★★★★★,Type 3 Armor Plate,-,-,-,-,-2,-,-,-,-,-,11,-,-,-,-,-,10050,10,MAX,6,Locked
15114908,20,AP (Ammo),★★★★★,Mk211 High-Explosive Armor-Piercing Ammo,-,-,-,-,-,-,-,-,-,180,-,-,-,-,-,-,10000,10,MAX,22,Locked
15761780,12,Red Dot (Acc),★★★★★,ITI MARS,-,-,-,30,-,-,-1,-,-,-,-,-,-,-,-,-,10000,10,MAX,16,Locked
16858363,4,Optical (Acc),★★★★★,VFL 6-24X56,-,-,-,-,-,-,-,48%,-,-,-,-,-,-,-,-,10075,10,MAX,13,Locked
17051717,110,HV (Ammo),★★★★★,16Lab High-Velocity Ammo,-,-,20.0000,-,-,-,-,-,-,-,-,-,-,-,-,-,10051,10,MAX,0,Locked
17054308,40,T Exo (Body),★★★★★,IOP T4 Exoskeleton,209435212,P10C,-8,-,35,-,-,-,-,-,-,-,-,-,-,-,10000,10,,5,Locked
17098775,95,HP (Ammo),★★★★★,16Lab Hollow-Point,46641830,PPK Mod,15.0000,-,-,-,-,-,-,-7.0000,-,-,-,-,-,-,10000,10,MAX,0,Locked
17178299,4,Optical (Acc),★★★★★,VFL 6-24X56,-,-,-,-,-,-,-,48%,-,-,-,-,-,-,-,-,10050,10,MAX,10,Locked
17180877,16,PEQ (Acc),★★★★★,PEQ-16A,46641830,PPK Mod,-,-,-,-,-,-,-,-,-,-,-,-,100%,-,1,0,MAX,0,Locked
17180878,20,AP (Ammo),★★★★★,Mk211 High-Explosive Armor-Piercing Ammo,-,-,-,-,-,-,-,-,-,180,-,-,-,-,-,-,10176,10,MAX,0,Locked
17334557,4,Optical (Acc),★★★★★,VFL 6-24X56,-,-,-,-,-,-,-,48%,-,-,-,-,-,-,-,-,10025,10,MAX,4,Locked
17369734,66,Supp (Silencer),★★★★★,AC4 Suppressor,-,-,-,-,8.5237,-,-,16.2140%,-,-,-,-,-,-,-,-,10000,10,,0,Locked
17518540,44,Plate (Body),★★★★★,Type 3 Armor Plate,-,-,-,-,-3,-,-,-,-,-,11,-,-,-,-,-,10000,10,,1,Locked
17722639,99,Sp. Eq (Exclusive),★★★★★,Inherited Case,-,-,20,-,-,-,20,-,-,-,15,-,-,-,-,-,30001,10,MAX,6,Locked
17722650,100,Sp. Eq (Exclusive),★★★★★,Lightweight Rail Kit,-,-,15,10,-,-,-,-,30%,-,-,-,-,-,-,-,30001,10,MAX,6,Locked
17973340,129,Sp. Eq (Exclusive),★★★★★,M2 Bipod,-,-,-,10,-,-,-,48%,-,-,-,-,-,-,-,-,30001,10,MAX,16,Locked
18009243,20,AP (Ammo),★★★★★,Mk211 High-Explosive Armor-Piercing Ammo,-,-,-,-,-,-,-,-,-,180,-,-,-,-,-,-,10001,10,MAX,22,Locked
18039094,106,Sp. Eq (Exclusive),★★★★★,EOT XPS3,46922341,416 Mod,8,14,-,-,-,25%,-,-,-,-,-,-,-,-,30000,10,MAX,26,Locked
18552501,4,Optical (Acc),★★★★★,VFL 6-24X56,-,-,-,-,-,-,-,48%,-,-,-,-,-,-,-,-,10000,10,MAX,5,Locked
19000136,72,HP (Ammo),★★★★★,ILM Hollow-Point Ammo,53739457,Welrod MkⅡ Mod,11.355,-,-,-,-,-,-,-9.7846,-,-,-,-,-,-,10000,10,,0,Locked
19073180,105,Sp. Eq (Exclusive),★★★★★,PM 5-25X56,-,-,-,-,-,-,-,48.000%,20.0000%,-,-,-,-,-,-,-,30000,10,MAX,0,Locked
19105096,68,MG Box (Body),★★★★★,IOP Maximum Ammo Box,-,-,-,-,-2,-,-,-,-,-,-,-,-,-,-,5,10000,10,MAX,6,Locked
19109399,66,Supp (Silencer),★★★★★,AC4 Suppressor,-,-,-,-,10,-,-,20%,-,-,-,-,-,-,-,-,10000,10,MAX,6,Locked
19182355,169,Sp. Eq (Exclusive),★★★★★,Am RFB Quad Rail,-,-,-,-,-,-,-,48%,18%,-,-,-,-,-,-,-,30000,10,MAX,16,Locked
19228705,4,Optical (Acc),★★★★★,VFL 6-24X56,-,-,-,-,-,-,-,48%,-,-,-,-,-,-,-,-,10000,10,MAX,7,Locked
19311169,4,Optical (Acc),★★★★★,VFL 6-24X56,-,-,-,-,-,-,-,48%,-,-,-,-,-,-,-,-,10000,10,MAX,1,Locked
19381247,44,Plate (Body),★★★★★,Type 3 Armor Plate,-,-,-,-,-3,-,-,-,-,-,11,-,-,-,-,-,10000,10,,4,Locked
19385776,68,MG Box (Body),★★★★★,IOP Maximum Ammo Box,-,-,-,-,-2,-,-,-,-,-,-,-,-,-,-,5,10000,10,MAX,6,Locked
19395555,32,HV (Ammo),★★★★★,APCR High-Velocity Ammo,214386694,Purin Esaki,20,-,-,-,-,-,-,-,-,-,-,-,-,-,10000,10,MAX,5,Locked
19397548,20,AP (Ammo),★★★★★,Mk211 High-Explosive Armor-Piercing Ammo,-,-,-,-,-,-,-,-,-,180,-,-,-,-,-,-,10000,10,MAX,9,Locked
19399280,72,HP (Ammo),★★★★★,ILM Hollow-Point Ammo,-,-,9.3245,-,-,-,-,-,-,-9.2701,-,-,-,-,-,-,1100,3,,0,Locked
19430049,20,AP (Ammo),★★★★★,Mk211 High-Explosive Armor-Piercing Ammo,-,-,-,-,-,-,-,-,-,180,-,-,-,-,-,-,10000,10,MAX,16,Locked
19431722,20,AP (Ammo),★★★★★,Mk211 High-Explosive Armor-Piercing Ammo,-,-,-,-,-,-,-,-,-,180,-,-,-,-,-,-,10000,10,MAX,15,Locked
19440882,40,T Exo (Body),★★★★★,IOP T4 Exoskeleton,-,-,-8,-,35,-,-,-,-,-,-,-,-,-,-,-,10000,10,,1,Locked
19441670,66,Supp (Silencer),★★★★★,AC4 Suppressor,-,-,-,-,10,-,-,20%,-,-,-,-,-,-,-,-,10000,10,MAX,9,Locked
19452214,68,MG Box (Body),★★★★★,IOP Maximum Ammo Box,-,-,-,-,-2,-,-,-,-,-,-,-,-,-,-,5,10000,10,MAX,2,Locked
19454817,32,HV (Ammo),★★★★★,APCR High-Velocity Ammo,-,-,20,-,-,-,-,-,-,-,-,-,-,-,-,-,10000,10,MAX,2,Locked
19587364,8,EOT (Holographic),★★★★★,EOT 518,-,-,8,14,-,-,-4,-,-,-,-,-,-,-,-,-,10000,10,MAX,7,Locked
19588262,4,Optical (Acc),★★★★★,VFL 6-24X56,-,-,-,-,-,-,-,48%,-,-,-,-,-,-,-,-,10000,10,MAX,9,Locked
19630871,76,Buck (Shell),★★★★★,#000 Buckshot,-,-,7.942,-,-,-,-,-,12.0180%,-,-,-,-,-,-,-,0,0,,0,Locked
20142241,12,Red Dot (Acc),★★★★★,ITI MARS,-,-,-,11.0604,-,-,-3.8785,-,-,-,-,-,-,-,-,-,0,0,,0,Locked
20226192,4,Optical (Acc),★★★★★,VFL 6-24X56,-,-,-,-,-,-,-,48%,-,-,-,-,-,-,-,-,10000,10,MAX,4,Locked
20308937,4,Optical (Acc),★★★★★,VFL 6-24X56,-,-,-,-,-,-,-,18.0899%,-,-,-,-,-,-,-,-,0,0,,0,Locked
20363922,68,MG Box (Body),★★★★★,IOP Maximum Ammo Box,-,-,-,-,-3,-,-,-,-,-,-,-,-,-,-,5,10000,10,,1,Locked
20363924,68,MG Box (Body),★★★★★,IOP Maximum Ammo Box,-,-,-,-,-3,-,-,-,-,-,-,-,-,-,-,5,10000,10,,3,Locked
20568100,86,Sp. Eq (Exclusive),★★★★★,Hayha Memory Chip,-,-,30,-,5,-,-,-,30%,-,-,-,-,-,-,-,30000,10,MAX,36,Locked
20611764,72,HP (Ammo),★★★★★,ILM Hollow-Point Ammo,96899465,Px4 Storm Mod,12.5640,-,-,-,-,-,-,-8.626,-,-,-,-,-,-,10000,10,,0,Locked
20635237,16,PEQ (Acc),★★★★★,PEQ-16A,210421223,P290,-,-,-,-,-,-,-,-,-,-,-,-,100%,-,0,0,MAX,8,Locked
20792203,20,AP (Ammo),★★★★★,Mk211 High-Explosive Armor-Piercing Ammo,-,-,-,-,-,-,-,-,-,180,-,-,-,-,-,-,10000,10,MAX,11,Locked
20974481,126,Sp. Eq (Exclusive),★★★★★,Dinergate RO,-,-,35,14,-,-,-2,-,-,-,-,-,-,-,-,-,30000,10,MAX,9,Locked
20974492,125,Sp. Eq (Exclusive),★★★★★,Additional Computing Module,-,-,-,-,15,-,-,25%,-,-,-,-,-,-,-,-,30000,10,MAX,6,Locked
21413505,40,T Exo (Body),★★★★★,IOP T4 Exoskeleton,-,-,-8,-,35,-,-,-,-,-,-,-,-,-,-,-,10000,10,,8,Locked
21445898,90,Cape (Body),★★★★★,Thermoptic Camouflage Cape,-,-,-,-,-,-3.0000,-,-,25%,-,-,-,-,-,-,-,10000,10,MAX,6,Locked
21507740,8,EOT (Holographic),★★★★★,EOT 518,-,-,5.6002,6.2072,-,-,-5.0144,-,-,-,-,-,-,-,-,-,100,0,,0,Locked
21515437,90,Cape (Body),★★★★★,Thermoptic Camouflage Cape,-,-,-,-,-,-3.0000,-,-,25%,-,-,-,-,-,-,-,10000,10,MAX,4,Locked
21583896,4,Optical (Acc),★★★★★,VFL 6-24X56,-,-,-,-,-,-,-,48%,-,-,-,-,-,-,-,-,10000,10,MAX,7,Locked
21596254,90,Cape (Body),★★★★★,Thermoptic Camouflage Cape,-,-,-,-,-,-3.0000,-,-,25%,-,-,-,-,-,-,-,10000,10,MAX,11,Locked
21603222,72,HP (Ammo),★★★★★,ILM Hollow-Point Ammo,85354529,Micro Uzi Mod,10.8940,-,-,-,-,-,-,-8.7481,-,-,-,-,-,-,10000,10,,0,Locked
21627916,90,Cape (Body),★★★★★,Thermoptic Camouflage Cape,-,-,-,-,-,-3.0000,-,-,25%,-,-,-,-,-,-,-,10000,10,MAX,8,Locked
21632058,4,Optical (Acc),★★★★★,VFL 6-24X56,-,-,-,-,-,-,-,48%,-,-,-,-,-,-,-,-,10000,10,MAX,8,Locked
21652958,90,Cape (Body),★★★★★,Thermoptic Camouflage Cape,-,-,-,-,-,-3.0000,-,-,25%,-,-,-,-,-,-,-,10000,10,MAX,5,Locked
21671704,68,MG Box (Body),★★★★★,IOP Maximum Ammo Box,-,-,-,-,-3,-,-,-,-,-,-,-,-,-,-,5,10000,10,,1,Locked
21673545,66,Supp (Silencer),★★★★★,AC4 Suppressor,-,-,-,-,6.7482,-,-,12.7371%,-,-,-,-,-,-,-,-,0,0,,0,Locked
21694966,90,Cape (Body),★★★★★,Thermoptic Camouflage Cape,-,-,-,-,-,-3.0000,-,-,25%,-,-,-,-,-,-,-,10000,10,MAX,6,Locked
21710101,80,Slug (Shell),★★★★★,SABOT Slug,-,-,-,20,-,-,-,-,-,-,-,-,-,-,-,-,10000,10,MAX,8,Locked
21756772,66,Supp (Silencer),★★★★★,AC4 Suppressor,-,-,-,-,6.5358,-,-,13.1226%,-,-,-,-,-,-,-,-,0,0,,0,Locked
21784763,4,Optical (Acc),★★★★★,VFL 6-24X56,-,-,-,-,-,-,-,48%,-,-,-,-,-,-,-,-,10000,10,MAX,9,Locked
21819015,90,Cape (Body),★★★★★,Thermoptic Camouflage Cape,-,-,-,-,-,-3.0000,-,-,25%,-,-,-,-,-,-,-,10000,10,MAX,7,Locked
21873441,90,Cape (Body),★★★★★,Thermoptic Camouflage Cape,-,-,-,-,-,-3.0000,-,-,25%,-,-,-,-,-,-,-,10000,10,MAX,6,Locked
21896564,127,Sp. Eq (Exclusive),★★★★★,Hi-Performance Tactical Hair Accessory,-,-,25.0000,10.000,20.0000,-,-,-,-,-,-,-,-,-,-,-,30000,10,MAX,0,Locked
21898269,16,PEQ (Acc),★★★★★,PEQ-16A,182329955,SAA Mod,-,-,-,-,-,-,-,-,-,-,-,-,100%,-,0,0,MAX,6,Locked
21924246,40,T Exo (Body),★★★★★,IOP T4 Exoskeleton,-,-,-8,-,35,-,-,-,-,-,-,-,-,-,-,-,10000,10,,3,Locked
21947972,68,MG Box (Body),★★★★★,IOP Maximum Ammo Box,-,-,-,-,-3,-,-,-,-,-,-,-,-,-,-,5,10000,10,,1,Locked
21996482,16,PEQ (Acc),★★★★★,PEQ-16A,-,-,-,-,-,-,-,-,-,-,-,-,-,-,94.6828%,-,0,0,,0,Locked
22091829,44,Plate (Body),★★★★★,Type 3 Armor Plate,-,-,-,-,-2.421,-,-,-,-,-,10.9157,-,-,-,-,-,10000,10,,0,Locked
22120460,68,MG Box (Body),★★★★★,IOP Maximum Ammo Box,-,-,-,-,-2.9027,-,-,-,-,-,-,-,-,-,-,2.1204,0,0,,0,Locked
22146519,90,Cape (Body),★★★★★,Thermoptic Camouflage Cape,-,-,-,-,-,-3.0000,-,-,25%,-,-,-,-,-,-,-,10000,10,MAX,4,Locked
22171250,8,EOT (Holographic),★★★★★,EOT 518,-,-,8,14,-,-,-6,-,-,-,-,-,-,-,-,-,10000,10,,3,Locked
22173823,68,MG Box (Body),★★★★★,IOP Maximum Ammo Box,-,-,-,-,-2.4822,-,-,-,-,-,-,-,-,-,-,4.6222,10000,10,,0,Locked
22200848,4,Optical (Acc),★★★★★,VFL 6-24X56,-,-,-,-,-,-,-,48%,-,-,-,-,-,-,-,-,10000,10,MAX,7,Locked
22226826,4,Optical (Acc),★★★★★,VFL 6-24X56,-,-,-,-,-,-,-,48%,-,-,-,-,-,-,-,-,10000,10,MAX,9,Locked
22228158,90,Cape (Body),★★★★★,Thermoptic Camouflage Cape,-,-,-,-,-,-3.0000,-,-,25%,-,-,-,-,-,-,-,10000,10,MAX,2,Locked
22363067,16,PEQ (Acc),★★★★★,PEQ-16A,-,-,-,-,-,-,-,-,-,-,-,-,-,-,97.0003%,-,0,0,,18,Locked
22363071,4,Optical (Acc),★★★★★,VFL 6-24X56,-,-,-,-,-,-,-,48%,-,-,-,-,-,-,-,-,10000,10,MAX,9,Locked
22708053,8,EOT (Holographic),★★★★★,EOT 518,-,-,4.0172,7.6248,-,-,-5.0866,-,-,-,-,-,-,-,-,-,0,0,,0,Locked
22709825,32,HV (Ammo),★★★★★,APCR High-Velocity Ammo,-,-,20,-,-,-,-,-,-,-,-,-,-,-,-,-,10000,10,MAX,2,Locked
22789216,32,HV (Ammo),★★★★★,APCR High-Velocity Ammo,-,-,20,-,-,-,-,-,-,-,-,-,-,-,-,-,10000,10,MAX,5,Locked
22858528,40,T Exo (Body),★★★★★,IOP T4 Exoskeleton,-,-,-7.0,-,35,-,-,-,-,-,-,-,-,-,-,-,10000,10,,9,Locked
22895952,117,Sp. Eq (Exclusive),★★★★★,Glorylight,-,-,-,-,-,-,-,-,-,-,-,-,-,-,100.0000%,-,1,0,MAX,0,Locked
22913707,32,HV (Ammo),★★★★★,APCR High-Velocity Ammo,-,-,20,-,-,-,-,-,-,-,-,-,-,-,-,-,10000,10,MAX,4,Locked
22992978,4,Optical (Acc),★★★★★,VFL 6-24X56,-,-,-,-,-,-,-,48%,-,-,-,-,-,-,-,-,10000,10,MAX,5,Locked
23225128,66,Supp (Silencer),★★★★★,AC4 Suppressor,-,-,-,-,6.2642,-,-,13.0218%,-,-,-,-,-,-,-,-,0,0,,0,Locked
23225163,58,X Exo (Body),★★★★★,IOP X4 Exoskeleton,-,-,-,-,10.3764,-,-,-,-,-,-,-,-,-,-,-,0,0,,0,Locked
23230974,66,Supp (Silencer),★★★★★,AC4 Suppressor,-,-,-,-,6.0254,-,-,14.0124%,-,-,-,-,-,-,-,-,0,0,,0,Locked
23230975,16,PEQ (Acc),★★★★★,PEQ-16A,-,-,-,-,-,-,-,-,-,-,-,-,-,-,95.2327%,-,0,0,,0,Locked
23230982,44,Plate (Body),★★★★★,Type 3 Armor Plate,-,-,-,-,-3,-,-,-,-,-,11,-,-,-,-,-,10000,10,,1,Locked
23231026,20,AP (Ammo),★★★★★,Mk211 High-Explosive Armor-Piercing Ammo,-,-,-,-,-,-,-,-,-,180,-,-,-,-,-,-,10000,10,MAX,7,Locked
23231066,20,AP (Ammo),★★★★★,Mk211 High-Explosive Armor-Piercing Ammo,-,-,-,-,-,-,-,-,-,180,-,-,-,-,-,-,10000,10,MAX,7,Locked
23231120,72,HP (Ammo),★★★★★,ILM Hollow-Point Ammo,209435212,P10C,9.92,-,-,-,-,-,-,-8.6023,-,-,-,-,-,-,3400,6,,0,Locked
23231195,66,Supp (Silencer),★★★★★,AC4 Suppressor,-,-,-,-,7.8994,-,-,13.4067%,-,-,-,-,-,-,-,-,0,0,,0,Locked
23231279,66,Supp (Silencer),★★★★★,AC4 Suppressor,-,-,-,-,6.6526,-,-,13.65%,-,-,-,-,-,-,-,-,0,0,,0,Locked
23231300,20,AP (Ammo),★★★★★,Mk211 High-Explosive Armor-Piercing Ammo,-,-,-,-,-,-,-,-,-,180,-,-,-,-,-,-,10000,10,MAX,15,Locked
23231375,76,Buck (Shell),★★★★★,#000 Buckshot,-,-,7.0705,-,-,-,-,-,12.3230%,-,-,-,-,-,-,-,0,0,,0,Locked
23231428,32,HV (Ammo),★★★★★,APCR High-Velocity Ammo,-,-,20,-,-,-,-,-,-,-,-,-,-,-,-,-,10000,10,MAX,6,Locked
23237624,16,PEQ (Acc),★★★★★,PEQ-16A,-,-,-,-,-,-,-,-,-,-,-,-,-,-,96.3946%,-,0,0,,0,Locked
23239422,32,HV (Ammo),★★★★★,APCR High-Velocity Ammo,-,-,14.6975,-,-,-,-,-,-,-,-,-,-,-,-,-,10000,10,,0,Locked
23239423,32,HV (Ammo),★★★★★,APCR High-Velocity Ammo,-,-,14.2299,-,-,-,-,-,-,-,-,-,-,-,-,-,10000,10,,1,Locked
23239467,44,Plate (Body),★★★★★,Type 3 Armor Plate,-,-,-,-,-3,-,-,-,-,-,11,-,-,-,-,-,10000,10,,4,Locked
23243248,32,HV (Ammo),★★★★★,APCR High-Velocity Ammo,-,-,20,-,-,-,-,-,-,-,-,-,-,-,-,-,10000,10,MAX,4,Locked
23278020,40,T Exo (Body),★★★★★,IOP T4 Exoskeleton,-,-,-7.0,-,35,-,-,-,-,-,-,-,-,-,-,-,10000,10,,4,Locked
23281504,32,HV (Ammo),★★★★★,APCR High-Velocity Ammo,-,-,20,-,-,-,-,-,-,-,-,-,-,-,-,-,10000,10,MAX,8,Locked
23283610,118,Sp. Eq (Exclusive),★★★★★,Black Cat,-,-,-,-,-,-,-,-,-,-,-,-,-,-,100.0000%,-,1,0,MAX,0,Locked
23389792,4,Optical (Acc),★★★★★,VFL 6-24X56,-,-,-,-,-,-,-,48%,-,-,-,-,-,-,-,-,10000,10,MAX,10,Locked
23398017,16,PEQ (Acc),★★★★★,PEQ-16A,-,-,-,-,-,-,-,-,-,-,-,-,-,-,94.7188%,-,0,0,,0,Locked
23735629,101,Sp. Eq (Exclusive),★★★★★,XM261 ACP,-,-,9.0002,-,-,-,-,-,-,-10,-,-,-,-,-,-,1,0,,1,Locked
23771289,72,HP (Ammo),★★★★★,ILM Hollow-Point Ammo,-,-,8.7665,-,-,-,-,-,-,-9.2554,-,-,-,-,-,-,900,3,,0,Locked
23798700,32,HV (Ammo),★★★★★,APCR High-Velocity Ammo,-,-,20,-,-,-,-,-,-,-,-,-,-,-,-,-,10000,10,MAX,5,Locked
23839581,58,X Exo (Body),★★★★★,IOP X4 Exoskeleton,-,-,-,-,20,-,-,-,-,-,-,-,-,-,-,-,10000,10,MAX,4,Locked
23933638,44,Plate (Body),★★★★★,Type 3 Armor Plate,-,-,-,-,-3,-,-,-,-,-,11,-,-,-,-,-,10000,10,,1,Locked
23987004,20,AP (Ammo),★★★★★,Mk211 High-Explosive Armor-Piercing Ammo,-,-,-,-,-,-,-,-,-,180,-,-,-,-,-,-,10000,10,MAX,11,Locked
24052159,58,X Exo (Body),★★★★★,IOP X4 Exoskeleton,-,-,-,-,8.4556,-,-,-,-,-,-,-,-,-,-,-,0,0,,0,Locked
24052162,4,Optical (Acc),★★★★★,VFL 6-24X56,-,-,-,-,-,-,-,48%,-,-,-,-,-,-,-,-,10000,10,MAX,8,Locked
24088200,76,Buck (Shell),★★★★★,#000 Buckshot,-,-,7.2805,-,-,-,-,-,12.5670%,-,-,-,-,-,-,-,0,0,,0,Locked
24155129,20,AP (Ammo),★★★★★,Mk211 High-Explosive Armor-Piercing Ammo,-,-,-,-,-,-,-,-,-,180,-,-,-,-,-,-,10000,10,MAX,25,Locked
24335095,32,HV (Ammo),★★★★★,APCR High-Velocity Ammo,-,-,14.75,-,-,-,-,-,-,-,-,-,-,-,-,-,10000,10,,1,Locked
24365807,68,MG Box (Body),★★★★★,IOP Maximum Ammo Box,-,-,-,-,-3,-,-,-,-,-,-,-,-,-,-,5,10000,10,,2,Locked
24409219,58,X Exo (Body),★★★★★,IOP X4 Exoskeleton,-,-,-,-,9.6012,-,-,-,-,-,-,-,-,-,-,-,1,0,,0,Locked
24443357,66,Supp (Silencer),★★★★★,AC4 Suppressor,-,-,-,-,6.6652,-,-,14.085%,-,-,-,-,-,-,-,-,0,0,,0,Locked
24444519,62,Sp. Eq (Exclusive),★★★★★,GSG UX Exoskeleton,-,-,-6,-,58,-,-,-,-,-,-,-,-,-,-,-,30000,10,MAX,28,Locked
24461498,133,Sp. Eq (Exclusive),★★★★★,Stechkin Buttstock,-,-,-,2,10,-,-,20%,-,-,-,-,-,-,-,-,30000,10,,7,Locked
24573843,66,Supp (Silencer),★★★★★,AC4 Suppressor,-,-,-,-,6.4438,-,-,12.5058%,-,-,-,-,-,-,-,-,0,0,,0,Locked
24590223,16,PEQ (Acc),★★★★★,PEQ-16A,-,-,-,-,-,-,-,-,-,-,-,-,-,-,94.9087%,-,1,0,,0,Locked
24615992,90,Cape (Body),★★★★★,Thermoptic Camouflage Cape,-,-,-,-,-,-3.0000,-,-,25%,-,-,-,-,-,-,-,10000,10,MAX,6,Locked
24718686,90,Cape (Body),★★★★★,Thermoptic Camouflage Cape,-,-,-,-,-,-3.0000,-,-,25%,-,-,-,-,-,-,-,10000,10,MAX,5,Locked
24955431,155,Sp. Eq (Exclusive),★★★★★,PPK Suppressor,-,-,-,-,18,-,-,30%,-,-,-,-,-,-,-,-,30000,10,MAX,26,Locked
25047502,16,PEQ (Acc),★★★★★,PEQ-16A,-,-,-,-,-,-,-,-,-,-,-,-,-,-,93.5407%,-,0,0,,0,Locked
25047541,16,PEQ (Acc),★★★★★,PEQ-16A,55477652,K5 Mod,-,-,-,-,-,-,-,-,-,-,-,-,100%,-,0,0,MAX,7,Locked
25374571,16,PEQ (Acc),★★★★★,PEQ-16A,-,-,-,-,-,-,-,-,-,-,-,-,-,-,91.9072%,-,0,0,,0,Locked
25601621,20,AP (Ammo),★★★★★,Mk211 High-Explosive Armor-Piercing Ammo,-,-,-,-,-,-,-,-,-,180,-,-,-,-,-,-,10000,10,MAX,7,Locked
25601635,32,HV (Ammo),★★★★★,APCR High-Velocity Ammo,-,-,20,-,-,-,-,-,-,-,-,-,-,-,-,-,10000,10,MAX,1,Locked
25601636,66,Supp (Silencer),★★★★★,AC4 Suppressor,-,-,-,-,7.0982,-,-,12.9405%,-,-,-,-,-,-,-,-,0,0,,0,Locked
25601683,72,HP (Ammo),★★★★★,ILM Hollow-Point Ammo,-,-,8.9404,-,-,-,-,-,-,-8.9887,-,-,-,-,-,-,0,0,,0,Locked
25601703,20,AP (Ammo),★★★★★,Mk211 High-Explosive Armor-Piercing Ammo,-,-,-,-,-,-,-,-,-,178.5,-,-,-,-,-,-,10000,10,,7,Locked
25601704,32,HV (Ammo),★★★★★,APCR High-Velocity Ammo,-,-,15.3149,-,-,-,-,-,-,-,-,-,-,-,-,-,10000,10,,1,Locked
25657067,40,T Exo (Body),★★★★★,IOP T4 Exoskeleton,-,-,-7.0,-,35,-,-,-,-,-,-,-,-,-,-,-,10000,10,,7,Locked
25668945,20,AP (Ammo),★★★★★,Mk211 High-Explosive Armor-Piercing Ammo,-,-,-,-,-,-,-,-,-,167.9670,-,-,-,-,-,-,10000,10,,1,Locked
25730881,170,Sp. Eq (Exclusive),★★★★★,20mm HEI,-,-,10,-,-,-,-,-,-,180,-,-,-,-,-,-,30000,10,MAX,20,Locked
25742489,32,HV (Ammo),★★★★★,APCR High-Velocity Ammo,-,-,20,-,-,-,-,-,-,-,-,-,-,-,-,-,10000,10,MAX,6,Locked
25912481,132,Sp. Eq (Exclusive),★★★★★,Gr MG4 MGO,-,-,-,36.0000,-,-,-1.0000,35.0000%,-,-,-,-,-,-,-,-,30000,10,MAX,0,Locked
26204110,16,PEQ (Acc),★★★★★,PEQ-16A,-,-,-,-,-,-,-,-,-,-,-,-,-,-,95.4928%,-,0,0,,0,Locked
26720250,92,Sp. Eq (Exclusive),★★★★★,UMP UX Exoskeleton,-,-,-,-,35,-,-,-,25%,-,-,-,-,-,-,-,30000,10,MAX,16,Locked
26875546,66,Supp (Silencer),★★★★★,AC4 Suppressor,-,-,-,-,6.4178,-,-,13.038%,-,-,-,-,-,-,-,-,0,0,,0,Locked
26931329,66,Supp (Silencer),★★★★★,AC4 Suppressor,-,-,-,-,6.3156,-,-,13.0728%,-,-,-,-,-,-,-,-,0,0,,0,Locked
26969584,58,X Exo (Body),★★★★★,IOP X4 Exoskeleton,-,-,-,-,9.8404,-,-,-,-,-,-,-,-,-,-,-,500,2,,0,Locked
27122419,40,T Exo (Body),★★★★★,IOP T4 Exoskeleton,-,-,-7.0,-,35,-,-,-,-,-,-,-,-,-,-,-,10000,10,,7,Locked
27174172,135,Sp. Eq (Exclusive),★★★★★,SP6 Subsonic Ammo,-,-,24,-,-,-,-,-,-,-,-,-,-,-,-,-,30000,10,MAX,1,Locked
27296601,40,T Exo (Body),★★★★★,IOP T4 Exoskeleton,-,-,-8,-,35,-,-,-,-,-,-,-,-,-,-,-,10000,10,,2,Locked
27325940,40,T Exo (Body),★★★★★,IOP T4 Exoskeleton,-,-,-8,-,35,-,-,-,-,-,-,-,-,-,-,-,10000,10,,5,Locked
27666207,183,Sp. Eq (Exclusive),★★★★★,Duelling Cards,-,-,-,-,-,-3.0000,-,-,45%,-,-,-,-,-,-,-,30000,10,MAX,2,Locked
27711073,66,Supp (Silencer),★★★★★,AC4 Suppressor,-,-,-,-,6.8096,-,-,13.4856%,-,-,-,-,-,-,-,-,1,0,,0,Locked
27720753,184,Sp. Eq (Exclusive),★★★★★,Fairy Tale Picture Books,-,-,15,-,20,-,-,-,-,-,-,-,-,-,-,-,30000,10,MAX,6,Locked
27737263,40,T Exo (Body),★★★★★,IOP T4 Exoskeleton,-,-,-7.0,-,35,-,-,-,-,-,-,-,-,-,-,-,10000,10,,7,Locked
27777964,185,Sp. Eq (Exclusive),★★★★★,Spectacles,-,-,4.0,2.0,-,-,-,19.0003%,-,-,-,-,-,-,-,-,1,0,,2,Locked
27806715,188,Sp. Eq (Exclusive),★★★★★,Meteorite,-,-,3.8764,1.8834,-,-,-,19.4819%,-,-,-,-,-,-,-,-,1,0,,0,Locked
27822937,189,Sp. Eq (Exclusive),★★★★★,Wristwatch,-,-,5,2.0,-,-,-,21.0002%,-,-,-,-,-,-,-,-,1,0,,2,Locked
28290944,110,HV (Ammo),★★★★★,16Lab High-Velocity Ammo,-,-,20.000,-,-,-,-,-,-,-,-,-,-,-,-,-,10000,10,MAX,0,Locked
28352175,95,HP (Ammo),★★★★★,16Lab Hollow-Point,182329955,SAA Mod,15.0000,-,-,-,-,-,-,-7.0000,-,-,-,-,-,-,10000,10,MAX,0,Locked
28430053,158,Sp. Eq (Exclusive),★★★★★,Acceleration Coil,-,-,5,-,-,-,-,50%,-,-,-,-,-,-,-,-,30000,10,MAX,15,Locked
28599399,159,Sp. Eq (Exclusive),★★★★★,Tactical Headwear,46922341,416 Mod,25,-,20,-,-,-,10%,-,-,-,-,-,-,-,30000,10,MAX,16,Locked
28751913,16,PEQ (Acc),★★★★★,PEQ-16A,-,-,-,-,-,-,-,-,-,-,-,-,-,-,91.5508%,-,0,0,,0,Locked
28775096,4,Optical (Acc),★★★★★,VFL 6-24X56,-,-,-,-,-,-,-,48%,-,-,-,-,-,-,-,-,10000,10,MAX,7,Locked
28843332,16,PEQ (Acc),★★★★★,PEQ-16A,-,-,-,-,-,-,-,-,-,-,-,-,-,-,94.8025%,-,0,0,,0,Locked
28965492,58,X Exo (Body),★★★★★,IOP X4 Exoskeleton,-,-,-,-,9.684,-,-,-,-,-,-,-,-,-,-,-,1,0,,0,Locked
29028033,160,Sp. Eq (Exclusive),★★★★★,No32 MKI,-,-,-,-,-,-,4.0000,48.0000%,-,-,-,-,-,-,-,-,30000,10,MAX,0,Locked
29217330,40,T Exo (Body),★★★★★,IOP T4 Exoskeleton,-,-,-7.0,-,35,-,-,-,-,-,-,-,-,-,-,-,10000,10,,4,Locked
29220640,4,Optical (Acc),★★★★★,VFL 6-24X56,-,-,-,-,-,-,-,48%,-,-,-,-,-,-,-,-,10000,10,MAX,6,Locked
29461684,4,Optical (Acc),★★★★★,VFL 6-24X56,-,-,-,-,-,-,-,48%,-,-,-,-,-,-,-,-,10000,10,MAX,4,Locked
29498130,178,Sp. Eq (Exclusive),★★★★★,12.7mm 1SL,-,-,10,-,-,-,-,-,-,180,-,-,-,-,-,-,30000,10,MAX,16,Locked
29690568,201,Sp. Eq (Exclusive),★★★★★,Go-Bag "V",-,-,-6.0000,-,35.0000,-,-,-,-,-,-,-,-,-,-,-,10000,10,MAX,0,Locked
29708000,199,Sp. Eq (Exclusive),★★★★★,Osprey 45 Silencer,-,-,-,-,8.0000,-,-,15.000%,-,-,-,-,-,-,-,-,1,0,MAX,0,Locked
29709127,204,Sp. Eq (Exclusive),★★★★★,416's Go-Bag,-,-,-,-,12.0000,-,-,-,-,-,-,-,-,-,-,-,1,0,MAX,0,Locked
29720105,202,Sp. Eq (Exclusive),★★★★★,ACOG (4X),-,-,-,-,-,-,-,48.0000%,-,-,-,-,-,-,-,-,10000,10,MAX,0,Locked
29730669,4,Optical (Acc),★★★★★,VFL 6-24X56,-,-,-,-,-,-,-,48%,-,-,-,-,-,-,-,-,10000,10,MAX,13,Locked
29738414,203,Sp. Eq (Exclusive),★★★★★,556 High-Velocity Ammo (Explosive),-,-,20.000,-,-,-,-,-,-,-,-,-,-,-,-,-,10000,10,MAX,0,Locked
29785068,200,Sp. Eq (Exclusive),★★★★★,.45 Hollow Point Ammo (Incendiary),-,-,10.0000,-,-,-,-,-,-,-7.0000,-,-,-,-,-,-,1,0,MAX,0,Locked
29847986,72,HP (Ammo),★★★★★,ILM Hollow-Point Ammo,-,-,8.2186,-,-,-,-,-,-,-9.0556,-,-,-,-,-,-,0,0,,0,Locked
29850845,40,T Exo (Body),★★★★★,IOP T4 Exoskeleton,-,-,-7.0,-,35,-,-,-,-,-,-,-,-,-,-,-,10000,10,,7,Locked
29996578,4,Optical (Acc),★★★★★,VFL 6-24X56,-,-,-,-,-,-,-,48%,-,-,-,-,-,-,-,-,10000,10,MAX,16,Locked
30136194,4,Optical (Acc),★★★★★,VFL 6-24X56,-,-,-,-,-,-,-,48%,-,-,-,-,-,-,-,-,10000,10,MAX,6,Locked
30304174,4,Optical (Acc),★★★★★,VFL 6-24X56,-,-,-,-,-,-,-,48%,-,-,-,-,-,-,-,-,10000,10,MAX,11,Locked
30340182,20,AP (Ammo),★★★★★,Mk211 High-Explosive Armor-Piercing Ammo,-,-,-,-,-,-,-,-,-,177.0,-,-,-,-,-,-,10000,10,,18,Locked
30789226,90,Cape (Body),★★★★★,Thermoptic Camouflage Cape,-,-,-,-,-,-3.0000,-,-,25%,-,-,-,-,-,-,-,10000,10,MAX,6,Locked
30829821,72,HP (Ammo),★★★★★,ILM Hollow-Point Ammo,-,-,9.5908,-,-,-,-,-,-,-9.2065,-,-,-,-,-,-,1,0,,0,Locked
30926134,20,AP (Ammo),★★★★★,Mk211 High-Explosive Armor-Piercing Ammo,-,-,-,-,-,-,-,-,-,168.9435,-,-,-,-,-,-,10000,10,,0,Locked
31048816,66,Supp (Silencer),★★★★★,AC4 Suppressor,-,-,-,-,6.9832,-,-,13.3728%,-,-,-,-,-,-,-,-,1,0,,0,Locked
31101792,90,Cape (Body),★★★★★,Thermoptic Camouflage Cape,-,-,-,-,-,-3.0000,-,-,25%,-,-,-,-,-,-,-,10000,10,MAX,5,Locked
31118985,16,PEQ (Acc),★★★★★,PEQ-16A,-,-,-,-,-,-,-,-,-,-,-,-,-,-,93.2005%,-,0,0,,0,Locked
31130684,16,PEQ (Acc),★★★★★,PEQ-16A,-,-,-,-,-,-,-,-,-,-,-,-,-,-,95.9986%,-,0,0,,0,Locked
31173138,16,PEQ (Acc),★★★★★,PEQ-16A,-,-,-,-,-,-,-,-,-,-,-,-,-,-,95.4559%,-,0,0,,0,Locked
31232744,90,Cape (Body),★★★★★,Thermoptic Camouflage Cape,-,-,-,-,-,-3.0000,-,-,25%,-,-,-,-,-,-,-,10000,10,MAX,6,Locked
31403422,66,Supp (Silencer),★★★★★,AC4 Suppressor,-,-,-,-,6.4062,-,-,13.1331%,-,-,-,-,-,-,-,-,0,0,,0,Locked
31436716,20,AP (Ammo),★★★★★,Mk211 High-Explosive Armor-Piercing Ammo,-,-,-,-,-,-,-,-,-,168.4905,-,-,-,-,-,-,10000,10,,0,Locked
31451049,66,Supp (Silencer),★★★★★,AC4 Suppressor,-,-,-,-,6.7934,-,-,12.9645%,-,-,-,-,-,-,-,-,1,0,,0,Locked
31484586,90,Cape (Body),★★★★★,Thermoptic Camouflage Cape,-,-,-,-,-,-3.0000,-,-,12.2500%,-,-,-,-,-,-,-,0,0,,0,Locked
31539121,20,AP (Ammo),★★★★★,Mk211 High-Explosive Armor-Piercing Ammo,-,-,-,-,-,-,-,-,-,172.5,-,-,-,-,-,-,10000,10,,11,Locked
31600203,20,AP (Ammo),★★★★★,Mk211 High-Explosive Armor-Piercing Ammo,-,-,-,-,-,-,-,-,-,173.7825,-,-,-,-,-,-,10000,10,,0,Locked
31635723,72,HP (Ammo),★★★★★,ILM Hollow-Point Ammo,-,-,8.0983,-,-,-,-,-,-,-8.0968,-,-,-,-,-,-,1,0,,0,Locked
31698100,62,Sp. Eq (Exclusive),★★★★★,GSG UX Exoskeleton,-,-,-10,-,58,-,-,-,-,-,-,-,-,-,-,-,30000,10,,15,Locked
31778475,174,Sp. Eq (Exclusive),★★★★★,FRAG-12 High Explosive Rounds,-,-,8.00,12.0000,-,-,-,-,-,-,-,-,-,-,-,-,1,0,MAX,0,Locked
32112088,16,PEQ (Acc),★★★★★,PEQ-16A,-,-,-,-,-,-,-,-,-,-,-,-,-,-,95.6548%,-,0,0,,0,Locked
32399323,20,AP (Ammo),★★★★★,Mk211 High-Explosive Armor-Piercing Ammo,-,-,-,-,-,-,-,-,-,170.1585,-,-,-,-,-,-,10000,10,,0,Locked
32443664,66,Supp (Silencer),★★★★★,AC4 Suppressor,-,-,-,-,6.6642,-,-,12.2952%,-,-,-,-,-,-,-,-,0,0,,0,Locked
32605983,40,T Exo (Body),★★★★★,IOP T4 Exoskeleton,-,-,-8,-,35,-,-,-,-,-,-,-,-,-,-,-,10000,10,,3,Locked
32756395,117,Sp. Eq (Exclusive),★★★★★,Glorylight,-,-,-,-,-,-,-,-,-,-,-,-,-,-,100.0000%,-,1,0,MAX,0,Locked
32924710,118,Sp. Eq (Exclusive),★★★★★,Black Cat,-,-,-,-,-,-,-,-,-,-,-,-,-,-,100.0000%,-,1,0,MAX,0,Locked
33370525,20,AP (Ammo),★★★★★,Mk211 High-Explosive Armor-Piercing Ammo,-,-,-,-,-,-,-,-,-,114.4910,-,-,-,-,-,-,1,0,,0,Locked
33508564,16,PEQ (Acc),★★★★★,PEQ-16A,-,-,-,-,-,-,-,-,-,-,-,-,-,-,93.1051%,-,1,0,,0,Locked
33519564,110,HV (Ammo),★★★★★,16Lab High-Velocity Ammo,-,-,20.0000,-,-,-,-,-,-,-,-,-,-,-,-,-,10000,10,MAX,0,Locked
33532728,95,HP (Ammo),★★★★★,16Lab Hollow-Point,55477652,K5 Mod,15.0000,-,-,-,-,-,-,-7.0000,-,-,-,-,-,-,10000,10,MAX,0,Locked
33533947,158,Sp. Eq (Exclusive),★★★★★,Acceleration Coil,-,-,5,-,-,-,-,50%,-,-,-,-,-,-,-,-,30000,10,MAX,13,Locked
33753467,90,Cape (Body),★★★★★,Thermoptic Camouflage Cape,-,-,-,-,-,-3.0000,-,-,25%,-,-,-,-,-,-,-,10000,10,MAX,3,Locked
33757633,16,PEQ (Acc),★★★★★,PEQ-16A,-,-,-,-,-,-,-,-,-,-,-,-,-,-,95.6242%,-,0,0,,0,Locked
33757634,44,Plate (Body),★★★★★,Type 3 Armor Plate,-,-,-,-,-3,-,-,-,-,-,11,-,-,-,-,-,10000,10,,1,Locked
33765801,221,Sp. Eq (Exclusive),★★★★★,Magnetic Accelerated Rounds,-,-,5,-,-,-,-,-,-,180,-,-,-,-,-,-,30000,10,MAX,16,Locked
33765809,221,Sp. Eq (Exclusive),★★★★★,Magnetic Accelerated Rounds,-,-,5,-,-,-,-,-,-,180,-,-,-,-,-,-,30000,10,MAX,16,Locked
33769786,44,Plate (Body),★★★★★,Type 3 Armor Plate,-,-,-,-,-3,-,-,-,-,-,11,-,-,-,-,-,10000,10,,1,Locked
33789895,111,Sp. Eq (Exclusive),★★★★★,K6-24X56,-,-,-,6,-,-,-,50%,-,-,-,-,-,-,-,-,30000,10,MAX,16,Locked
33789896,115,Sp. Eq (Exclusive),★★★★★,Digital Camouflage,-,-,6,-,-,-3.0000,-,-,25%,-,-,-,-,-,-,-,30000,10,MAX,6,Locked
33789897,104,Sp. Eq (Exclusive),★★★★★,Fire Selector,-,-,-,-,-,-,5,48%,-,-,-,-,-,-,-,-,30000,10,MAX,16,Locked
33805942,90,Cape (Body),★★★★★,Thermoptic Camouflage Cape,-,-,-,-,-,-3.0000,-,-,11.9308%,-,-,-,-,-,-,-,0,0,,0,Locked
33853409,90,Cape (Body),★★★★★,Thermoptic Camouflage Cape,-,-,-,-,-,-3.0000,-,-,11.0804%,-,-,-,-,-,-,-,0,0,,0,Locked
33873279,44,Plate (Body),★★★★★,Type 3 Armor Plate,-,-,-,-,-3,-,-,-,-,-,11,-,-,-,-,-,10000,10,,3,Locked
33952715,90,Cape (Body),★★★★★,Thermoptic Camouflage Cape,-,-,-,-,-,-3.0000,-,-,13.3568%,-,-,-,-,-,-,-,1,0,,0,Locked
34035953,254,Sp. Eq (Exclusive),★★★★★,Donut of Sweet Dreams,-,-,-,-,-,-3.0000,-,-,45%,-,-,-,-,-,-,-,30000,10,MAX,5,Locked
34047207,255,Sp. Eq (Exclusive),★★★★★,Paper Bag Helmet,-,-,18,-,-,-,25,-,-50.0000%,-,-,-,-,-,-,-,30000,10,MAX,16,Locked
34104168,252,Sp. Eq (Exclusive),★★★★★,Grimoire Vol. II,-,-,10,5,-,-,-,50%,-,-,-,-,-,-,-,-,30000,10,MAX,16,Locked
34369651,72,HP (Ammo),★★★★★,ILM Hollow-Point Ammo,-,-,8.611,-,-,-,-,-,-,-8.9881,-,-,-,-,-,-,0,0,,0,Locked
34369665,229,SLAP (Ammo),★★★★★,Mk1000 SLAP,-,-,-,-,-,-,-5.0000,-,-,500,-,-,-,-,-,-,10000,10,MAX,10,Locked
34369669,231,Birdshot (Shell),★★★★★,#7.5 Birdshot,-,-,-,-,-,-,12,-,-10%,-,-,-,-,-,-,-,10000,10,MAX,16,Locked
34395208,40,T Exo (Body),★★★★★,IOP T4 Exoskeleton,-,-,-7.0,-,35,-,-,-,-,-,-,-,-,-,-,-,10000,10,,17,Locked
34402025,211,Sp. Eq (Exclusive),★★★★★,Arisaka AP Rounds,-,-,10,-,-,-,-,-,-,180,-,-,-,-,-,-,30000,10,MAX,26,Locked
34628748,231,Birdshot (Shell),★★★★★,#7.5 Birdshot,-,-,-,-,-,-,12,-,-10%,-,-,-,-,-,-,-,10000,10,MAX,16,Locked
34634428,72,HP (Ammo),★★★★★,ILM Hollow-Point Ammo,-,-,7.846,-,-,-,-,-,-,-8.9011,-,-,-,-,-,-,0,0,,0,Locked
34635898,66,Supp (Silencer),★★★★★,AC4 Suppressor,-,-,-,-,6.522,-,-,12.6117%,-,-,-,-,-,-,-,-,0,0,,0,Locked
34635901,72,HP (Ammo),★★★★★,ILM Hollow-Point Ammo,-,-,7.9873,-,-,-,-,-,-,-9.7252,-,-,-,-,-,-,0,0,,0,Locked
34637175,66,Supp (Silencer),★★★★★,AC4 Suppressor,-,-,-,-,6.8350,-,-,13.464%,-,-,-,-,-,-,-,-,0,0,,0,Locked
34638355,44,Plate (Body),★★★★★,Type 3 Armor Plate,-,-,-,-,-3,-,-,-,-,-,11,-,-,-,-,-,10000,10,,1,Locked
34638666,229,SLAP (Ammo),★★★★★,Mk1000 SLAP,-,-,-,-,-,-,-5.0000,-,-,500,-,-,-,-,-,-,10000,10,MAX,10,Locked
34639984,66,Supp (Silencer),★★★★★,AC4 Suppressor,-,-,-,-,6.6884,-,-,12.9909%,-,-,-,-,-,-,-,-,0,0,,0,Locked
34642639,16,PEQ (Acc),★★★★★,PEQ-16A,-,-,-,-,-,-,-,-,-,-,-,-,-,-,93.6424%,-,0,0,,0,Locked
34648263,72,HP (Ammo),★★★★★,ILM Hollow-Point Ammo,-,-,8.6308,-,-,-,-,-,-,-8.3398,-,-,-,-,-,-,0,0,,0,Locked
34653360,227,SNIP (Ammo),★★★★★,M1022 Sniper Rounds,-,-,10,-,-,-,-,-,-,120,-,-,-,-,-,-,10000,10,MAX,26,Locked
34653362,231,Birdshot (Shell),★★★★★,#7.5 Birdshot,-,-,-,-,-,-,10.3646,-,-14.8160%,-,-,-,-,-,-,-,5600,8,,0,Locked
34653997,68,MG Box (Body),★★★★★,IOP Maximum Ammo Box,-,-,-,-,-3,-,-,-,-,-,-,-,-,-,-,3,0,0,,1,Locked
34655063,235,Flash (Shell),★★★★★,Shotgun Flash Shells,-,-,-,20,-,-,-,-,-,-,-,-,-,-,-,-,10000,10,MAX,6,Locked
34656059,229,SLAP (Ammo),★★★★★,Mk1000 SLAP,-,-,-,-,-,-,-5.0000,-,-,500,-,-,-,-,-,-,10000,10,MAX,23,Locked
34656074,16,PEQ (Acc),★★★★★,PEQ-16A,-,-,-,-,-,-,-,-,-,-,-,-,-,-,93.1087%,-,0,0,,0,Locked
34656376,66,Supp (Silencer),★★★★★,AC4 Suppressor,-,-,-,-,6.7690,-,-,13.1319%,-,-,-,-,-,-,-,-,0,0,,0,Locked
34657327,229,SLAP (Ammo),★★★★★,Mk1000 SLAP,-,-,-,-,-,-,-5.0000,-,-,500,-,-,-,-,-,-,10000,10,MAX,7,Locked
34666242,229,SLAP (Ammo),★★★★★,Mk1000 SLAP,-,-,-,-,-,-,-5.0000,-,-,483.2040,-,-,-,-,-,-,10000,10,,1,Locked
34670163,72,HP (Ammo),★★★★★,ILM Hollow-Point Ammo,-,-,7.7422,-,-,-,-,-,-,-9.6358,-,-,-,-,-,-,0,0,,0,Locked
34678015,68,MG Box (Body),★★★★★,IOP Maximum Ammo Box,-,-,-,-,-2.4825,-,-,-,-,-,-,-,-,-,-,4.0030,10000,10,,0,Locked
34692174,266,Sp. Eq (Exclusive),★★★★★,ImpulsIIA/C,-,-,-,-,15,-,-,8%,-,-,-,-,-,-,-,-,1,0,,3,Locked
34763120,221,Sp. Eq (Exclusive),★★★★★,Magnetic Accelerated Rounds,-,-,5,-,-,-,-,-,-,180,-,-,-,-,-,-,30000,10,MAX,6,Locked
34787655,107,Sp. Eq (Exclusive),★★★★★,Infinite Ammo Box,-,-,-25.0000,-10.0000,-2.0000,-,-,-,-,-,-,-,-,-,-,30.0000,30000,10,MAX,0,Locked
34884830,216,Sp. Eq (Exclusive),★★★★★,20-gauge Custom Slug Rounds,-,-,15,-,-,-,-,30%,-,-,-,-,-,-,-,-,30000,10,MAX,6,Locked
34889489,16,PEQ (Acc),★★★★★,PEQ-16A,-,-,-,-,-,-,-,-,-,-,-,-,-,-,98.0677%,-,0,0,,0,Locked
34889492,225,Flare (Ammo),★★★★★,Signal Flare,-,-,-,-,-,-,-3.5700,-,-,-,-,-,-,-,-,-,0,0,,0,Locked
34937621,190,Sp. Eq (Exclusive),★★★★★,G-box,-,-,20.0000,10,-,-,-,-,25.000%,-,-,-,-,-,-,-,30000,10,MAX,4,Locked
34977080,68,MG Box (Body),★★★★★,IOP Maximum Ammo Box,-,-,-,-,-2.8403,-,-,-,-,-,-,-,-,-,-,4.5832,10000,10,,0,Locked
34989971,40,T Exo (Body),★★★★★,IOP T4 Exoskeleton,-,-,-7.0,-,35,-,-,-,-,-,-,-,-,-,-,-,10000,10,,8,Locked
34990008,224,RMR (Acc),★★★★★,RMR T4 Red Dot Sight,-,-,-,20,-,-,-,30%,-,-,-,-,-,-,-,-,10000,10,MAX,6,Locked
35110319,229,SLAP (Ammo),★★★★★,Mk1000 SLAP,-,-,-,-,-,-,-5.0000,-,-,500,-,-,-,-,-,-,10000,10,MAX,13,Locked
35110321,227,SNIP (Ammo),★★★★★,M1022 Sniper Rounds,-,-,10,-,-,-,-,-,-,120,-,-,-,-,-,-,10000,10,MAX,26,Locked
35143530,192,Sp. Eq (Exclusive),★★★★★,Beloved Dangle,-,-,-8,-,45,-,-,-,-,-,-,-,-,-,-,-,30000,10,,8,Locked
35218785,40,T Exo (Body),★★★★★,IOP T4 Exoskeleton,-,-,-7.0,-,35,-,-,-,-,-,-,-,-,-,-,-,10000,10,,4,Locked
35241896,234,Processor Chip (Body),★★★★★,#2 Processor,204003733,SCAR-L,15,-,-,-,25,-,-50.000%,-,-,-,-,-,-,-,10000,10,MAX,6,Locked
35241899,234,Processor Chip (Body),★★★★★,#2 Processor,85354529,Micro Uzi Mod,15,-,-,-,25,-,-50.0000%,-,-,-,-,-,-,-,10000,10,MAX,9,Locked
35280868,225,Flare (Ammo),★★★★★,Signal Flare,-,-,-,-,-,-,-4.2348,-,-,-,-,-,-,-,-,-,1,0,,0,Locked
35320220,236,Sp. Eq (Exclusive),★★★★★,Thompson's Exoskeleton,-,-,-8.0000,-,40,-,-,-,-,-,-,-,-,-,-,-,30000,10,MAX,6,Locked
35427014,197,Sp. Eq (Exclusive),★★★★★,Mk31 Multi-functional Exoskeleton,47682264,Suomi Mod,-6.0000,-,47.0000,-,-,-,-,-,-,-,-,-,-,-,30000,10,MAX,0,Locked
35429704,234,Processor Chip (Body),★★★★★,#2 Processor,-,-,15,-,-,-,25,-,-50.0000%,-,-,-,-,-,-,-,10000,10,MAX,14,Locked
35441813,234,Processor Chip (Body),★★★★★,#2 Processor,-,-,15,-,-,-,25,-,-50.0000%,-,-,-,-,-,-,-,10000,10,MAX,6,Locked
35459467,229,SLAP (Ammo),★★★★★,Mk1000 SLAP,-,-,-,-,-,-,-5.0000,-,-,500,-,-,-,-,-,-,10000,10,MAX,13,Locked
35476526,44,Plate (Body),★★★★★,Type 3 Armor Plate,-,-,-,-,-3,-,-,-,-,-,11,-,-,-,-,-,10000,10,,1,Locked
35510423,58,X Exo (Body),★★★★★,IOP X4 Exoskeleton,-,-,-,-,9.1864,-,-,-,-,-,-,-,-,-,-,-,0,0,,0,Locked
35548838,224,RMR (Acc),★★★★★,RMR T4 Red Dot Sight,-,-,-,20,-,-,-,30%,-,-,-,-,-,-,-,-,10000,10,MAX,6,Locked
35561633,229,SLAP (Ammo),★★★★★,Mk1000 SLAP,-,-,-,-,-,-,-5.0000,-,-,486.0,-,-,-,-,-,-,10000,10,,2,Locked
35561636,227,SNIP (Ammo),★★★★★,M1022 Sniper Rounds,-,-,10,-,-,-,-,-,-,120,-,-,-,-,-,-,10000,10,MAX,15,Locked
35561640,40,T Exo (Body),★★★★★,IOP T4 Exoskeleton,-,-,-8,-,35,-,-,-,-,-,-,-,-,-,-,-,10000,10,,1,Locked
35611354,16,PEQ (Acc),★★★★★,PEQ-16A,-,-,-,-,-,-,-,-,-,-,-,-,-,-,94.9915%,-,0,0,,0,Locked
35666972,66,Supp (Silencer),★★★★★,AC4 Suppressor,-,-,-,-,6.1430,-,-,12.2052%,-,-,-,-,-,-,-,-,0,0,,0,Locked
35677463,237,Sp. Eq (Exclusive),★★★★★,MkV Mobility Skeleton,-,-,-,-,30,3.0000,-,-,-,-,-,-,-,-,-,-,30000,10,MAX,12,Locked
35995543,40,T Exo (Body),★★★★★,IOP T4 Exoskeleton,-,-,-7.0,-,35,-,-,-,-,-,-,-,-,-,-,-,10000,10,,7,Locked
36148871,235,Flash (Shell),★★★★★,Shotgun Flash Shells,-,-,-,20,-,-,-,-,-,-,-,-,-,-,-,-,10000,10,MAX,6,Locked
36280813,137,Sp. Eq (Exclusive),★★★★★,Adelhyde,-,-,-,-,15.0000,-,-,-,-,-,-,-,-,-,-,-,1,0,MAX,0,Locked
36280814,138,Sp. Eq (Exclusive),★★★★★,Flanergide,-,-,-,-,15.0000,-,-,-,-,-,-,-,-,-,-,-,1,0,MAX,0,Locked
36280815,139,Sp. Eq (Exclusive),★★★★★,Adelhyde,-,-,-,-,15.0000,-,-,-,-,-,-,-,-,-,-,-,1,0,MAX,0,Locked
36280816,140,Sp. Eq (Exclusive),★★★★★,Bronson Extract,-,-,-,-,15.000,-,-,-,-,-,-,-,-,-,-,-,1,0,MAX,0,Locked
36280817,141,Sp. Eq (Exclusive),★★★★★,Powdered Delta,-,-,-,-,15.0000,-,-,-,-,-,-,-,-,-,-,-,1,0,MAX,0,Locked
36280818,142,Sp. Eq (Exclusive),★★★★★,Karmotrine,-,-,-,-,15.0000,-,-,-,-,-,-,-,-,-,-,-,1,0,MAX,0,Locked
36280819,143,Sp. Eq (Exclusive),★★★★★,Karmotrine,-,-,-,-,15.0000,-,-,-,-,-,-,-,-,-,-,-,1,0,MAX,0,Locked
36280820,144,Sp. Eq (Exclusive),★★★★★,Karmotrine,-,-,-,-,15.0000,-,-,-,-,-,-,-,-,-,-,-,1,0,MAX,0,Locked
36390862,146,Sp. Eq (Exclusive),★★★★★,MIRD Class-5 Rounds,-,-,13.4121,-,-,-,-,-,-,-8.4082,-,-,-,-,-,-,1,0,,0,Locked
36416251,145,Sp. Eq (Exclusive),★★★★★,Prosthetic Arm,-,-,2.8854,-,-2.8328,-,-,-,-,-,6.9524,-,-,-,-,-,1,0,,0,Locked
36465500,149,Sp. Eq (Exclusive),★★★★★,Cybernetic Hands,-,-,2.2138,-,-2.6228,-,-,-,-,-,-,-,-,-,-,3.4984,1,0,,0,Locked
36510147,235,Flash (Shell),★★★★★,Shotgun Flash Shells,-,-,-,8.6328,-,-,-,-,-,-,-,-,-,-,-,-,0,0,,0,Locked
36514983,235,Flash (Shell),★★★★★,Shotgun Flash Shells,-,-,-,10.2976,-,-,-,-,-,-,-,-,-,-,-,-,0,0,,0,Locked
36531853,229,SLAP (Ammo),★★★★★,Mk1000 SLAP,-,-,-,-,-,-,-5.0000,-,-,492.0,-,-,-,-,-,-,10000,10,,8,Locked
36708670,227,SNIP (Ammo),★★★★★,M1022 Sniper Rounds,-,-,10,-,-,-,-,-,-,120,-,-,-,-,-,-,10000,10,MAX,16,Locked
36721995,227,SNIP (Ammo),★★★★★,M1022 Sniper Rounds,-,-,10,-,-,-,-,-,-,120,-,-,-,-,-,-,10000,10,MAX,16,Locked
36817805,235,Flash (Shell),★★★★★,Shotgun Flash Shells,-,-,-,8.8172,-,-,-,-,-,-,-,-,-,-,-,-,0,0,,0,Locked
36817807,229,SLAP (Ammo),★★★★★,Mk1000 SLAP,-,-,-,-,-,-,-5.0000,-,-,500,-,-,-,-,-,-,10000,10,MAX,3,Locked
36877211,227,SNIP (Ammo),★★★★★,M1022 Sniper Rounds,-,-,10,-,-,-,-,-,-,120,-,-,-,-,-,-,10000,10,MAX,16,Locked
36899377,229,SLAP (Ammo),★★★★★,Mk1000 SLAP,-,-,-,-,-,-,-5.0000,-,-,489.9900,-,-,-,-,-,-,10000,10,,0,Locked
37010706,235,Flash (Shell),★★★★★,Shotgun Flash Shells,-,-,-,8.0068,-,-,-,-,-,-,-,-,-,-,-,-,0,0,,0,Locked
37077350,248,Sp. Eq (Exclusive),★★★★★,9A High-Performance Chip,-,-,15,-,-,-,25,-,-,-,-,-,-,-,-,-,30000,10,MAX,6,Locked
37117675,49,PEQ (Acc),★★★★★,16Lab Infrared Designator,96899465,Px4 Storm Mod,-,-,-,-,-,-,-,-,-,-,-,-,100.0000%,-,1,0,MAX,0,Locked
37136423,109,Optical (Acc),★★★★★,16Lab 6-24X56,-,-,-,-,-,-,-,24.0000%,-,-,-,-,-,-,-,-,1,0,MAX,0,Locked
37173965,110,HV (Ammo),★★★★★,16Lab High-Velocity Ammo,-,-,20.0000,-,-,-,-,-,-,-,-,-,-,-,-,-,10000,10,MAX,0,Locked
37180304,227,SNIP (Ammo),★★★★★,M1022 Sniper Rounds,-,-,10,-,-,-,-,-,-,120,-,-,-,-,-,-,10000,10,MAX,26,Locked
37342883,20,AP (Ammo),★★★★★,Mk211 High-Explosive Armor-Piercing Ammo,-,-,-,-,-,-,-,-,-,119.6110,-,-,-,-,-,-,0,0,,0,Locked
37418363,229,SLAP (Ammo),★★★★★,Mk1000 SLAP,-,-,-,-,-,-,-5.0000,-,-,492.4620,-,-,-,-,-,-,10000,10,,0,Locked
37521334,225,Flare (Ammo),★★★★★,Signal Flare,-,-,-,-,-,-,-4.7012,-,-,-,-,-,-,-,-,-,1,0,,0,Locked
37592273,217,Sp. Eq (Exclusive),★★★★★,SB 2.5-10x56,-,-,5.0000,-,-,-,-,50.0000%,-,-,-,-,-,-,-,-,30000,10,MAX,0,Locked
37610586,213,Sp. Eq (Exclusive),★★★★★,Special Ops Bag,53739457,Welrod MkⅡ Mod,-,-,25,-,-,-,-,-,5,-,-,-,-,-,30000,10,MAX,6,Locked
37739900,235,Flash (Shell),★★★★★,Shotgun Flash Shells,-,-,-,9.8548,-,-,-,-,-,-,-,-,-,-,-,-,0,0,,0,Locked
37785350,227,SNIP (Ammo),★★★★★,M1022 Sniper Rounds,-,-,10,-,-,-,-,-,-,120,-,-,-,-,-,-,10000,10,MAX,26,Locked
37895835,227,SNIP (Ammo),★★★★★,M1022 Sniper Rounds,-,-,10,-,-,-,-,-,-,120,-,-,-,-,-,-,10000,10,MAX,10,Locked
37907838,224,RMR (Acc),★★★★★,RMR T4 Red Dot Sight,-,-,-,20,-,-,-,30%,-,-,-,-,-,-,-,-,10000,10,MAX,16,Locked
37993163,225,Flare (Ammo),★★★★★,Signal Flare,-,-,-,-,-,-,-3.272,-,-,-,-,-,-,-,-,-,0,0,,0,Locked
37994729,224,RMR (Acc),★★★★★,RMR T4 Red Dot Sight,-,-,-,20,-,-,-,30%,-,-,-,-,-,-,-,-,10000,10,MAX,6,Locked
38018959,234,Processor Chip (Body),★★★★★,#2 Processor,-,-,15,-,-,-,25,-,-50.0000%,-,-,-,-,-,-,-,10000,10,MAX,16,Locked
38018960,234,Processor Chip (Body),★★★★★,#2 Processor,-,-,15,-,-,-,25,-,-50.0000%,-,-,-,-,-,-,-,10000,10,MAX,6,Locked
38018964,234,Processor Chip (Body),★★★★★,#2 Processor,-,-,15,-,-,-,25,-,-50.0000%,-,-,-,-,-,-,-,10000,10,MAX,6,Locked
38018965,234,Processor Chip (Body),★★★★★,#2 Processor,-,-,15,-,-,-,25,-,-50.0000%,-,-,-,-,-,-,-,10000,10,MAX,6,Locked
38039740,225,Flare (Ammo),★★★★★,Signal Flare,-,-,-,-,-,-,-3.9736,-,-,-,-,-,-,-,-,-,0,0,,0,Locked
38049811,72,HP (Ammo),★★★★★,ILM Hollow-Point Ammo,47682264,Suomi Mod,15,-,-,-,-,-,-,-7.9999,-,-,-,-,-,-,10000,10,,7,Locked
38049814,72,HP (Ammo),★★★★★,ILM Hollow-Point Ammo,-,-,7.1443,-,-,-,-,-,-,-8.1616,-,-,-,-,-,-,0,0,,0,Locked
38059163,235,Flash (Shell),★★★★★,Shotgun Flash Shells,-,-,-,8.3764,-,-,-,-,-,-,-,-,-,-,-,-,0,0,,0,Locked
38257678,221,Sp. Eq (Exclusive),★★★★★,Magnetic Accelerated Rounds,-,-,5,-,-,-,-,-,-,180,-,-,-,-,-,-,30000,10,MAX,15,Locked
38269821,227,SNIP (Ammo),★★★★★,M1022 Sniper Rounds,-,-,10,-,-,-,-,-,-,120,-,-,-,-,-,-,10000,10,MAX,6,Locked
38360915,105,Sp. Eq (Exclusive),★★★★★,PM 5-25X56,-,-,-,-,-,-,-,48.0000%,20.0000%,-,-,-,-,-,-,-,30000,10,MAX,0,Locked
38561703,180,Sp. Eq (Exclusive),★★★★★,Tactical Grip,-,-,-,-,22,-,-,20%,-,-,-,-,-,-,-,-,30000,10,MAX,6,Locked
38568757,235,Flash (Shell),★★★★★,Shotgun Flash Shells,-,-,-,8.0732,-,-,-,-,-,-,-,-,-,-,-,-,0,0,,0,Locked
38613656,234,Processor Chip (Body),★★★★★,#2 Processor,-,-,15,-,-,-,25,-,-50.0000%,-,-,-,-,-,-,-,10000,10,MAX,6,Locked
38652600,235,Flash (Shell),★★★★★,Shotgun Flash Shells,-,-,-,10.1208,-,-,-,-,-,-,-,-,-,-,-,-,0,0,,0,Locked
38654249,235,Flash (Shell),★★★★★,Shotgun Flash Shells,-,-,-,8.7308,-,-,-,-,-,-,-,-,-,-,-,-,0,0,,0,Locked
38654259,235,Flash (Shell),★★★★★,Shotgun Flash Shells,-,-,-,9.0268,-,-,-,-,-,-,-,-,-,-,-,-,0,0,,0,Locked
38655381,235,Flash (Shell),★★★★★,Shotgun Flash Shells,-,-,-,8.9424,-,-,-,-,-,-,-,-,-,-,-,-,0,0,,0,Locked
38657537,227,SNIP (Ammo),★★★★★,M1022 Sniper Rounds,-,-,10,-,-,-,-,-,-,120,-,-,-,-,-,-,10000,10,MAX,16,Locked
38658219,227,SNIP (Ammo),★★★★★,M1022 Sniper Rounds,-,-,10,-,-,-,-,-,-,120,-,-,-,-,-,-,10000,10,MAX,16,Locked
38658281,227,SNIP (Ammo),★★★★★,M1022 Sniper Rounds,-,-,10,-,-,-,-,-,-,120,-,-,-,-,-,-,10000,10,MAX,12,Locked
38664895,235,Flash (Shell),★★★★★,Shotgun Flash Shells,-,-,-,9.2828,-,-,-,-,-,-,-,-,-,-,-,-,0,0,,0,Locked
38667282,235,Flash (Shell),★★★★★,Shotgun Flash Shells,-,-,-,10.7068,-,-,-,-,-,-,-,-,-,-,-,-,0,0,,0,Locked
38680394,227,SNIP (Ammo),★★★★★,M1022 Sniper Rounds,-,-,10,-,-,-,-,-,-,120,-,-,-,-,-,-,10000,10,MAX,6,Locked
38681488,227,SNIP (Ammo),★★★★★,M1022 Sniper Rounds,-,-,10,-,-,-,-,-,-,120,-,-,-,-,-,-,10000,10,MAX,12,Locked
38726910,239,Sp. Eq (Exclusive),★★★★★,Mk4 SLAP,-,-,-1,-,-,-,-,-,-,600.000,-,-,-,-,-,-,30000,10,MAX,4,Locked
38736000,240,Sp. Eq (Exclusive),★★★★★,Wing-Shaped Mechanical Shield,-,-,-,-,-,3.0000,-,-,-,-,12,-,-,-,-,-,30000,10,MAX,3,Locked
38899084,227,SNIP (Ammo),★★★★★,M1022 Sniper Rounds,-,-,10,-,-,-,-,-,-,120,-,-,-,-,-,-,10000,10,MAX,16,Locked
38904090,44,Plate (Body),★★★★★,Type 3 Armor Plate,-,-,-,-,-3,-,-,-,-,-,11,-,-,-,-,-,10000,10,,3,Locked
38911753,277,Sp. Eq (Exclusive),★★★★★,DHG Extended Handguard,-,-,-,6,20,3.0000,-,-,-,-,-,-,-,-,-,-,30000,10,,5,Locked
39112952,44,Plate (Body),★★★★★,Type 3 Armor Plate,-,-,-,-,-3,-,-,-,-,-,11,-,-,-,-,-,10000,10,,4,Locked
39152697,309,Focus Chip (Body),★★★★★,Focus Chip,-,-,10,-,-,-,-10,-,30%,-,-,-,-,-,-,-,10000,10,MAX,24,Locked
39188577,44,Plate (Body),★★★★★,Type 3 Armor Plate,-,-,-,-,-3,-,-,-,-,-,11,-,-,-,-,-,10000,10,,1,Locked
39248779,311,Rangefinder (Body),★★★★★,M200X LRF,-,-,10,-,-,-,-,-,-,-,-,-,-,-,-,-,10000,10,MAX,5,Locked
39257332,224,RMR (Acc),★★★★★,RMR T4 Red Dot Sight,-,-,-,20,-,-,-,30%,-,-,-,-,-,-,-,-,10000,10,MAX,6,Locked
39317658,308,Choke (Acc),★★★★★,Mk0 Multi-Purpose Choke,-,-,-,10,-,-,-,-,-,-,-,-,-,-,-,5,10000,10,MAX,6,Locked
39319344,308,Choke (Acc),★★★★★,Mk0 Multi-Purpose Choke,-,-,-,10,-,-,-,-,-,-,-,-,-,-,-,5,10000,10,MAX,6,Locked
39330474,231,Birdshot (Shell),★★★★★,#7.5 Birdshot,-,-,-,-,-,-,8.0804,-,-16.7910%,-,-,-,-,-,-,-,5600,8,,0,Locked
39342547,235,Flash (Shell),★★★★★,Shotgun Flash Shells,-,-,-,8.4092,-,-,-,-,-,-,-,-,-,-,-,-,0,0,,0,Locked
39408160,308,Choke (Acc),★★★★★,Mk0 Multi-Purpose Choke,-,-,-,10,-,-,-,-,-,-,-,-,-,-,-,5,10000,10,MAX,6,Locked
39412210,227,SNIP (Ammo),★★★★★,M1022 Sniper Rounds,-,-,10,-,-,-,-,-,-,120,-,-,-,-,-,-,10000,10,MAX,16,Locked
39413487,72,HP (Ammo),★★★★★,ILM Hollow-Point Ammo,-,-,7.3864,-,-,-,-,-,-,-8.5966,-,-,-,-,-,-,0,0,,0,Locked
39418766,227,SNIP (Ammo),★★★★★,M1022 Sniper Rounds,-,-,10,-,-,-,-,-,-,120,-,-,-,-,-,-,10000,10,MAX,16,Locked
39427488,227,SNIP (Ammo),★★★★★,M1022 Sniper Rounds,-,-,10,-,-,-,-,-,-,120,-,-,-,-,-,-,10000,10,MAX,16,Locked
39436743,225,Flare (Ammo),★★★★★,Signal Flare,-,-,-,-,-,-,-3.1420,-,-,-,-,-,-,-,-,-,0,0,,0,Locked
39440803,275,Sp. Eq (Exclusive),★★★★★,Perst-4,-,-,20,-,20,-,-,-,20%,-,-,-,-,-,-,-,30000,10,MAX,16,Locked
39458347,314,MG Bipod (Body),★★★★★,HD-100 Bipod,-,-,-,10,-,-2,-,-,-,-,-,-,-,-,-,-,10000,10,MAX,6,Locked
39465967,271,Sp. Eq (Exclusive),★★★★★,.357 Wadcutter Rounds,-,-,20.0000,-,-,-,-,-,-,-7.0000,-,-,-,-,-,-,30000,10,MAX,0,Locked
39542582,305,SF Taclight (Acc),★★★★★,S.F. Modified Tactical Light,47682264,Suomi Mod,-,-,8,-,-,-,-,-,-,-,-,-,-,-,10000,10,MAX,5,Locked
39592401,16,PEQ (Acc),★★★★★,PEQ-16A,204003733,SCAR-L,-,-,-,-,-,-,-,-,-,-,-,-,99.7498%,-,0,0,,0,Locked
39592404,16,PEQ (Acc),★★★★★,PEQ-16A,-,-,-,-,-,-,-,-,-,-,-,-,-,-,99.0001%,-,0,0,,10,Locked
39692796,16,PEQ (Acc),★★★★★,PEQ-16A,-,-,-,-,-,-,-,-,-,-,-,-,-,-,99.2206%,-,0,0,,0,Locked
39693874,305,SF Taclight (Acc),★★★★★,S.F. Modified Tactical Light,209435212,P10C,-,-,8,-,-,-,-,-,-,-,-,-,-,-,10000,10,MAX,3,Locked
39945626,295,Sp. Eq (Exclusive),★★★★★,M-LOK Handguard,-,-,-,-,-,-,-,55%,15%,-,-,-,-,-,-,-,30000,10,MAX,9,Locked
39984439,278,Sp. Eq (Exclusive),★★★★★,P22 Laser Pointer,-,-,-,-,10,-,-,12%,-,-,-,-,-,-,-,-,1,0,,1,Locked
39992395,305,SF Taclight (Acc),★★★★★,S.F. Modified Tactical Light,-,-,-,-,8,-,-,-,-,-,-,-,-,-,-,-,10000,10,MAX,5,Locked
39992663,305,SF Taclight (Acc),★★★★★,S.F. Modified Tactical Light,-,-,-,-,8,-,-,-,-,-,-,-,-,-,-,-,10000,10,MAX,2,Locked
40011888,305,SF Taclight (Acc),★★★★★,S.F. Modified Tactical Light,-,-,-,-,8,-,-,-,-,-,-,-,-,-,-,-,10000,10,MAX,4,Locked
40013895,305,SF Taclight (Acc),★★★★★,S.F. Modified Tactical Light,-,-,-,-,8,-,-,-,-,-,-,-,-,-,-,-,10000,10,MAX,3,Locked
40014741,40,T Exo (Body),★★★★★,IOP T4 Exoskeleton,-,-,-8,-,35,-,-,-,-,-,-,-,-,-,-,-,10000,10,,2,Locked
40018868,305,SF Taclight (Acc),★★★★★,S.F. Modified Tactical Light,-,-,-,-,8,-,-,-,-,-,-,-,-,-,-,-,10000,10,MAX,4,Locked
40019694,305,SF Taclight (Acc),★★★★★,S.F. Modified Tactical Light,-,-,-,-,8,-,-,-,-,-,-,-,-,-,-,-,10000,10,MAX,2,Locked
40025749,305,SF Taclight (Acc),★★★★★,S.F. Modified Tactical Light,-,-,-,-,8,-,-,-,-,-,-,-,-,-,-,-,10000,10,MAX,3,Locked
40046032,127,Sp. Eq (Exclusive),★★★★★,Hi-Performance Tactical Hair Accessory,-,-,10.0000,5.0000,12.0000,-,-,-,-,-,-,-,-,-,-,-,1,0,MAX,0,Locked
40063110,305,SF Taclight (Acc),★★★★★,S.F. Modified Tactical Light,-,-,-,-,5,-,-,-,-,-,-,-,-,-,-,-,0,0,MAX,6,Locked
40103995,309,Focus Chip (Body),★★★★★,Focus Chip,-,-,10,-,-,-,-10,-,30%,-,-,-,-,-,-,-,10000,10,MAX,12,Locked
40243481,276,Sp. Eq (Exclusive),★★★★★,M13 Receiver,-,-,-,-,10,-,-,14.0001%,-,-,-,-,-,-,-,-,0,0,,8,Locked
40264806,305,SF Taclight (Acc),★★★★★,S.F. Modified Tactical Light,-,-,-,-,5,-,-,-,-,-,-,-,-,-,-,-,0,0,MAX,5,Locked
40266440,305,SF Taclight (Acc),★★★★★,S.F. Modified Tactical Light,-,-,-,-,5,-,-,-,-,-,-,-,-,-,-,-,0,0,MAX,2,Locked
40267633,305,SF Taclight (Acc),★★★★★,S.F. Modified Tactical Light,-,-,-,-,5,-,-,-,-,-,-,-,-,-,-,-,0,0,MAX,8,Locked
40271251,305,SF Taclight (Acc),★★★★★,S.F. Modified Tactical Light,-,-,-,-,5,-,-,-,-,-,-,-,-,-,-,-,0,0,MAX,6,Locked
40276851,305,SF Taclight (Acc),★★★★★,S.F. Modified Tactical Light,-,-,-,-,5,-,-,-,-,-,-,-,-,-,-,-,0,0,MAX,5,Locked
40276853,305,SF Taclight (Acc),★★★★★,S.F. Modified Tactical Light,-,-,-,-,5,-,-,-,-,-,-,-,-,-,-,-,0,0,MAX,4,Locked
40277090,305,SF Taclight (Acc),★★★★★,S.F. Modified Tactical Light,-,-,-,-,5,-,-,-,-,-,-,-,-,-,-,-,0,0,MAX,4,Locked
40279905,305,SF Taclight (Acc),★★★★★,S.F. Modified Tactical Light,-,-,-,-,5,-,-,-,-,-,-,-,-,-,-,-,0,0,MAX,1,Locked
40280829,305,SF Taclight (Acc),★★★★★,S.F. Modified Tactical Light,-,-,-,-,8,-,-,-,-,-,-,-,-,-,-,-,10000,10,MAX,1,Locked
40281822,224,RMR (Acc),★★★★★,RMR T4 Red Dot Sight,-,-,-,10.7606,-,-,-,13.4834%,-,-,-,-,-,-,-,-,0,0,,0,Locked
40283790,314,MG Bipod (Body),★★★★★,HD-100 Bipod,-,-,-,10,-,-2,-,-,-,-,-,-,-,-,-,-,10000,10,MAX,6,Locked
40315915,305,SF Taclight (Acc),★★★★★,S.F. Modified Tactical Light,-,-,-,-,5,-,-,-,-,-,-,-,-,-,-,-,0,0,MAX,5,Locked
40315920,305,SF Taclight (Acc),★★★★★,S.F. Modified Tactical Light,-,-,-,-,5,-,-,-,-,-,-,-,-,-,-,-,0,0,MAX,5,Locked
40316279,305,SF Taclight (Acc),★★★★★,S.F. Modified Tactical Light,-,-,-,-,8,-,-,-,-,-,-,-,-,-,-,-,10000,10,MAX,2,Locked
40379802,329,Sp. Eq (Exclusive),★★★★★,Bento of Love,-,-,18,-,-,-,25,-,-50.0000%,-,-,-,-,-,-,-,30000,10,MAX,16,Locked
40396294,305,SF Taclight (Acc),★★★★★,S.F. Modified Tactical Light,-,-,-,-,5,-,-,-,-,-,-,-,-,-,-,-,0,0,MAX,2,Locked
40400222,305,SF Taclight (Acc),★★★★★,S.F. Modified Tactical Light,-,-,-,-,5,-,-,-,-,-,-,-,-,-,-,-,0,0,MAX,1,Locked
40400339,305,SF Taclight (Acc),★★★★★,S.F. Modified Tactical Light,-,-,-,-,8,-,-,-,-,-,-,-,-,-,-,-,10000,10,MAX,6,Locked
40442551,309,Focus Chip (Body),★★★★★,Focus Chip,-,-,10,-,-,-,-10,-,30%,-,-,-,-,-,-,-,10000,10,MAX,22,Locked
40488775,318,Sp. Eq (Exclusive),★★★★★,M948 Mod X,203742779,SCAR-H,5,-,-,-,-,-,-,200,-,-,-,-,-,-,30000,10,MAX,16,Locked
40493996,317,Sp. Eq (Exclusive),★★★★★,MK318 Mod X,204003733,SCAR-L,24,-,-,-,-,-,-,-,-,-,-,-,-,-,30000,10,MAX,4,Locked
40498595,231,Birdshot (Shell),★★★★★,#7.5 Birdshot,-,-,-,-,-,-,7.1659,-,-12.2530%,-,-,-,-,-,-,-,2801,6,,0,Locked
40503244,305,SF Taclight (Acc),★★★★★,S.F. Modified Tactical Light,-,-,-,-,5,-,-,-,-,-,-,-,-,-,-,-,0,0,MAX,3,Locked
40522123,316,Sp. Eq (Exclusive),★★★★★,PT-2 Telescopic Stock,-,-,3,30,-,-,-,30%,-,-,-,-,-,-,-,-,30000,10,MAX,6,Locked
40674283,309,Focus Chip (Body),★★★★★,Focus Chip,-,-,10,-,-,-,-10,-,30%,-,-,-,-,-,-,-,10000,10,MAX,26,Locked
40715871,44,Plate (Body),★★★★★,Type 3 Armor Plate,-,-,-,-,-3,-,-,-,-,-,11,-,-,-,-,-,10000,10,,4,Locked
40715874,44,Plate (Body),★★★★★,Type 3 Armor Plate,-,-,-,-,-3,-,-,-,-,-,8,-,-,-,-,-,0,0,,3,Locked
40757902,297,Sp. Eq (Exclusive),★★★★★,Garde du Corps Uniform,-,-,-,-,-1,-,-,-,48%,-,-,-,-,-,-,-,30000,10,MAX,15,Locked
40818212,44,Plate (Body),★★★★★,Type 3 Armor Plate,-,-,-,-,-3,-,-,-,-,-,11,-,-,-,-,-,10000,10,,3,Locked
40865040,225,Flare (Ammo),★★★★★,Signal Flare,-,-,-,-,-,-,-4.1944,-,-,-,-,-,-,-,-,-,0,0,,0,Locked
40865565,309,Focus Chip (Body),★★★★★,Focus Chip,-,-,10,-,-,-,-10,-,30%,-,-,-,-,-,-,-,10000,10,MAX,26,Locked
40952997,225,Flare (Ammo),★★★★★,Signal Flare,-,-,-,-,-,-,-4.7124,-,-,-,-,-,-,-,-,-,0,0,,0,Locked
40955129,218,Sp. Eq (Exclusive),★★★★★,High-Performance Camouflaged Exoskeleton,-,-,-,-,30,-,-,-,-,-,-,-,-,-,-,-,30000,10,MAX,8,Locked
40965404,68,MG Box (Body),★★★★★,IOP Maximum Ammo Box,-,-,-,-,-3,-,-,-,-,-,-,-,-,-,-,5,10000,10,,4,Locked
40997265,305,SF Taclight (Acc),★★★★★,S.F. Modified Tactical Light,-,-,-,-,5,-,-,-,-,-,-,-,-,-,-,-,0,0,MAX,4,Locked
41024088,44,Plate (Body),★★★★★,Type 3 Armor Plate,-,-,-,-,-2.8386,-,-,-,-,-,7.5932,-,-,-,-,-,1,0,,0,Locked
41048432,332,Sp. Eq (Exclusive),★★★★★,SBAL-PL,-,-,-,-,6.5184,-,-,-,-,-,-,-,-,-,-,-,1,0,,0,Locked
41050253,305,SF Taclight (Acc),★★★★★,S.F. Modified Tactical Light,-,-,-,-,5,-,-,-,-,-,-,-,-,-,-,-,0,0,MAX,3,Locked
41058865,297,Sp. Eq (Exclusive),★★★★★,Garde du Corps Uniform,-,-,-,-,-1,-,-,-,48%,-,-,-,-,-,-,-,30000,10,MAX,15,Locked
41070260,309,Focus Chip (Body),★★★★★,Focus Chip,-,-,10,-,-,-,-10,-,30%,-,-,-,-,-,-,-,10000,10,MAX,26,Locked
41080408,16,PEQ (Acc),★★★★★,PEQ-16A,-,-,-,-,-,-,-,-,-,-,-,-,-,-,96.2974%,-,0,0,,0,Locked
41085049,305,SF Taclight (Acc),★★★★★,S.F. Modified Tactical Light,-,-,-,-,5,-,-,-,-,-,-,-,-,-,-,-,0,0,MAX,4,Locked
41124212,297,Sp. Eq (Exclusive),★★★★★,Garde du Corps Uniform,-,-,-,-,-1,-,-,-,48%,-,-,-,-,-,-,-,30000,10,MAX,16,Locked
41223120,305,SF Taclight (Acc),★★★★★,S.F. Modified Tactical Light,-,-,-,-,5,-,-,-,-,-,-,-,-,-,-,-,0,0,MAX,5,Locked
41223193,309,Focus Chip (Body),★★★★★,Focus Chip,-,-,10,-,-,-,-10,-,30%,-,-,-,-,-,-,-,10000,10,MAX,16,Locked
41223262,305,SF Taclight (Acc),★★★★★,S.F. Modified Tactical Light,-,-,-,-,5,-,-,-,-,-,-,-,-,-,-,-,0,0,MAX,3,Locked
41223275,305,SF Taclight (Acc),★★★★★,S.F. Modified Tactical Light,-,-,-,-,5,-,-,-,-,-,-,-,-,-,-,-,0,0,MAX,3,Locked
41223473,225,Flare (Ammo),★★★★★,Signal Flare,-,-,-,-,-,-,-3.96,-,-,-,-,-,-,-,-,-,0,0,,0,Locked
41223583,225,Flare (Ammo),★★★★★,Signal Flare,-,-,-,-,-,-,-2.856,-,-,-,-,-,-,-,-,-,0,0,,0,Locked
41223638,224,RMR (Acc),★★★★★,RMR T4 Red Dot Sight,-,-,-,10.2564,-,-,-,13.0364%,-,-,-,-,-,-,-,-,0,0,,0,Locked
41223644,225,Flare (Ammo),★★★★★,Signal Flare,-,-,-,-,-,-,-3.1932,-,-,-,-,-,-,-,-,-,0,0,,0,Locked
41223799,225,Flare (Ammo),★★★★★,Signal Flare,-,-,-,-,-,-,-1.2580,-,-,-,-,-,-,-,-,-,0,0,,0,Locked
41251676,339,Sp. Eq (Exclusive),★★★★★,.223 Competition Cartridge,-,-,10,-,-,-,-,-,-,180,-,-,-,-,-,-,30000,10,MAX,16,Locked
41282122,103,Sp. Eq (Exclusive),★★★★★,Type 64 Exclusive Suppressor,-,-,-,-,11,-,-,12%,-,-,-,-,-,-,-,-,1,0,,5,Locked
41350836,44,Plate (Body),★★★★★,Type 3 Armor Plate,-,-,-,-,-3,-,-,-,-,-,8,-,-,-,-,-,1,0,,5,Locked
41354986,338,Sp. Eq (Exclusive),★★★★★,SBR Custom Handguard,-,-,-,-,-,-,5,55%,-,-,-,-,-,-,-,-,30000,10,MAX,16,Locked
41373154,278,Sp. Eq (Exclusive),★★★★★,P22 Laser Pointer,-,-,-,-,9.1556,-,-,12.99%,-,-,-,-,-,-,-,-,1,0,,0,Locked
41373699,225,Flare (Ammo),★★★★★,Signal Flare,-,-,-,-,-,-,-4.2916,-,-,-,-,-,-,-,-,-,0,0,,0,Locked
41380476,132,Sp. Eq (Exclusive),★★★★★,Gr MG4 MGO,-,-,-,18.0000,-,-,-1.0000,20.0000%,-,-,-,-,-,-,-,-,1,0,MAX,0,Locked
41384880,292,Sp. Eq (Exclusive),★★★★★,Recoil Reduction Kit,-,-,3,15,-,-,-,-,-,-,-,-,-,-,-,-,0,0,,3,Locked
41387390,235,Flash (Shell),★★★★★,Shotgun Flash Shells,-,-,-,10.8860,-,-,-,-,-,-,-,-,-,-,-,-,0,0,,0,Locked
41407395,44,Plate (Body),★★★★★,Type 3 Armor Plate,-,-,-,-,-3,-,-,-,-,-,8,-,-,-,-,-,1,0,,4,Locked
41458956,337,Sp. Eq (Exclusive),★★★★★,7BT1,-,-,-,-,-,-,5,-,-,240,-,-,-,-,-,-,30000,10,MAX,6,Locked
41541737,44,Plate (Body),★★★★★,Type 3 Armor Plate,-,-,-,-,-3,-,-,-,-,-,8,-,-,-,-,-,1,0,,1,Locked
41548680,336,Sp. Eq (Exclusive),★★★★★,STM Assault Shield,-,-,-,-,-,-1.0000,-,-,-,-,12,-,-,-,-,-,30000,10,MAX,6,Locked
41560553,225,Flare (Ammo),★★★★★,Signal Flare,-,-,-,-,-,-,-4.6416,-,-,-,-,-,-,-,-,-,0,0,,0,Locked
41560563,225,Flare (Ammo),★★★★★,Signal Flare,-,-,-,-,-,-,-4.5304,-,-,-,-,-,-,-,-,-,0,0,,0,Locked
41560564,231,Birdshot (Shell),★★★★★,#7.5 Birdshot,-,-,-,-,-,-,6.7916,-,-14.4180%,-,-,-,-,-,-,-,0,0,,0,Locked
41560628,225,Flare (Ammo),★★★★★,Signal Flare,-,-,-,-,-,-,-1,-,-,-,-,-,-,-,-,-,0,0,MAX,3,Locked
41561219,309,Focus Chip (Body),★★★★★,Focus Chip,-,-,10,-,-,-,-10,-,30%,-,-,-,-,-,-,-,10000,10,MAX,16,Locked
41563562,305,SF Taclight (Acc),★★★★★,S.F. Modified Tactical Light,-,-,-,-,3.476,-,-,-,-,-,-,-,-,-,-,-,0,0,,0,Locked
41563564,227,SNIP (Ammo),★★★★★,M1022 Sniper Rounds,-,-,7.8422,-,-,-,-,-,-,70.2340,-,-,-,-,-,-,0,0,,0,Locked
41565203,44,Plate (Body),★★★★★,Type 3 Armor Plate,-,-,-,-,-2.5759,-,-,-,-,-,7.1852,-,-,-,-,-,0,0,,0,Locked
41565985,309,Focus Chip (Body),★★★★★,Focus Chip,-,-,10,-,-,-,-10,-,30%,-,-,-,-,-,-,-,10000,10,MAX,16,Locked
41575585,225,Flare (Ammo),★★★★★,Signal Flare,-,-,-,-,-,-,-4.3812,-,-,-,-,-,-,-,-,-,0,0,,0,Locked
41575988,225,Flare (Ammo),★★★★★,Signal Flare,-,-,-,-,-,-,-1,-,-,-,-,-,-,-,-,-,0,0,MAX,5,Locked
41635986,225,Flare (Ammo),★★★★★,Signal Flare,-,-,-,-,-,-,-3.4752,-,-,-,-,-,-,-,-,-,0,0,,0,Locked
41660001,304,Sp. Eq (Exclusive),★★★★★,GRUNT Rail,-,-,5,8,-,-,-,45%,-,-,-,-,-,-,-,-,30000,10,MAX,16,Locked
41682990,351,Sp. Eq (Exclusive),★★★★★,PM High-Performance Exoskeleton,-,-,-5,-,42,-,-,-,-,-,-,-,-,-,-,-,30000,10,,4,Locked
41694305,44,Plate (Body),★★★★★,Type 3 Armor Plate,-,-,-,-,-2.8042,-,-,-,-,-,6.3186,-,-,-,-,-,1,0,,0,Locked
41698314,352,Sp. Eq (Exclusive),★★★★★,Medal of Honor,-,-,3,-,-,-,-,65%,-,-,-,-,-,-,-,-,30000,10,MAX,16,Locked
41703035,350,Sp. Eq (Exclusive),★★★★★,SAAB Exoskeleton,-,-,-,-,38,2.0000,-,-,-,-,-,-,-,-,-,-,30000,10,MAX,11,Locked
41713601,225,Flare (Ammo),★★★★★,Signal Flare,-,-,-,-,-,-,-1.9060,-,-,-,-,-,-,-,-,-,0,0,,0,Locked
41746074,44,Plate (Body),★★★★★,Type 3 Armor Plate,-,-,-,-,-2.7462,-,-,-,-,-,6.9984,-,-,-,-,-,1,0,,0,Locked
41773616,348,Sp. Eq (Exclusive),★★★★★,Custom 10mm Auto Rounds,-,-,5.2637,3.324,-,-,-,-,-,-9.0334,-,-,-,-,-,-,1,0,,0,Locked
41793814,349,Sp. Eq (Exclusive),★★★★★,Custom Comms Headset,-,-,5,-,-,8,-,-,-,-,-,-,-,-,-,-,30000,10,MAX,16,Locked
41814266,160,Sp. Eq (Exclusive),★★★★★,No32 MKI,-,-,-,-,-,-,2.0000,24.000%,-,-,-,-,-,-,-,-,1,0,MAX,0,Locked
41851474,225,Flare (Ammo),★★★★★,Signal Flare,-,-,-,-,-,-,-4.9232,-,-,-,-,-,-,-,-,-,0,0,,0,Locked
41876878,225,Flare (Ammo),★★★★★,Signal Flare,-,-,-,-,-,-,-3.0324,-,-,-,-,-,-,-,-,-,0,0,,0,Locked
41877213,225,Flare (Ammo),★★★★★,Signal Flare,-,-,-,-,-,-,-2.2252,-,-,-,-,-,-,-,-,-,0,0,,0,Locked
41885987,308,Choke (Acc),★★★★★,Mk0 Multi-Purpose Choke,-,-,-,3.8668,-,-,-,-,-,-,-,-,-,-,-,2.7061,1,0,,0,Locked
41895948,234,Processor Chip (Body),★★★★★,#2 Processor,-,-,15,-,-,-,25,-,-50.0000%,-,-,-,-,-,-,-,10000,10,MAX,6,Locked
41944939,231,Birdshot (Shell),★★★★★,#7.5 Birdshot,-,-,-,-,-,-,7.8912,-,-15.5550%,-,-,-,-,-,-,-,0,0,,0,Locked
41961400,343,Sp. Eq (Exclusive),★★★★★,Type 64 Signal Flare,-,-,-,6.5056,-,-,-,-,-,-,-,-,-,-,-,-,1,0,,0,Locked
41986430,105,Sp. Eq (Exclusive),★★★★★,PM 5-25X56,-,-,-,-,-,-,-,48.0000%,20.0000%,-,-,-,-,-,-,-,30000,10,MAX,0,Locked
42001925,309,Focus Chip (Body),★★★★★,Focus Chip,-,-,10,-,-,-,-10,-,30%,-,-,-,-,-,-,-,10000,10,MAX,6,Locked
42003105,308,Choke (Acc),★★★★★,Mk0 Multi-Purpose Choke,-,-,-,4.6596,-,-,-,-,-,-,-,-,-,-,-,2.5423,1,0,,0,Locked
42030676,357,Sp. Eq (Exclusive),★★★★★,TC High-Performance Exoskeleton,-,-,-,-,36,-,-,-,-,-,-,-,-,-,-,-,30000,10,MAX,5,Locked
42038773,234,Processor Chip (Body),★★★★★,#2 Processor,-,-,15,-,-,-,25,-,-50.0000%,-,-,-,-,-,-,-,10000,10,MAX,10,Locked
42040445,219,Sp. Eq (Exclusive),★★★★★,Experimental Curved Barrel,-,-,4,-,20,-,-,-,-,-,-,-,-,-,-,-,30000,10,MAX,6,Locked
42040446,272,Sp. Eq (Exclusive),★★★★★,Tokarev Jacketed Hollowpoint Rounds,-,-,20,-,-,-,-,-,-,-7,-,-,-,-,-,-,30000,10,MAX,16,Locked
42040451,156,Sp. Eq (Exclusive),★★★★★,AMP COMPSP,-,-,5.2506,8.0072,10.0000,-,-,-,-,-,-,-,-,-,-,-,1,0,,0,Locked
42040471,333,Sp. Eq (Exclusive),★★★★★,M2 Tripod Mk2,-,-,10,-,-,-1,-,-,-,-,-,-,-,-,-,-,30000,10,MAX,6,Locked
42043219,92,Sp. Eq (Exclusive),★★★★★,UMP UX Exoskeleton,-,-,-,-,35,-,-,-,23.25%,-,-,-,-,-,-,-,30000,10,,7,Locked
42058988,342,Sp. Eq (Exclusive),★★★★★,Type 57 Signal Flare,-,-,-,7.1656,-,-,-,-,-,-,-,-,-,-,-,-,1,0,,0,Locked
42061772,225,Flare (Ammo),★★★★★,Signal Flare,-,-,-,-,-,-,-2.1028,-,-,-,-,-,-,-,-,-,1,0,,0,Locked
42061773,225,Flare (Ammo),★★★★★,Signal Flare,-,-,-,-,-,-,-3.1584,-,-,-,-,-,-,-,-,-,0,0,,0,Locked
42075593,225,Flare (Ammo),★★★★★,Signal Flare,-,-,-,-,-,-,-3.6684,-,-,-,-,-,-,-,-,-,0,0,,0,Locked
42079925,331,Sp. Eq (Exclusive),★★★★★,Leader's Armband,-,-,5,-1.0000,-,-,-,-,-,-,8,-,-,-,-,-,0,0,MAX,6,Locked
42093406,225,Flare (Ammo),★★★★★,Signal Flare,-,-,-,-,-,-,-4.9612,-,-,-,-,-,-,-,-,-,0,0,,0,Locked
42124353,44,Plate (Body),★★★★★,Type 3 Armor Plate,-,-,-,-,-2.8365,-,-,-,-,-,6.8642,-,-,-,-,-,1,0,,0,Locked
42126202,224,RMR (Acc),★★★★★,RMR T4 Red Dot Sight,-,-,-,11.0746,-,-,-,13.1602%,-,-,-,-,-,-,-,-,0,0,,0,Locked
42128385,330,Sp. Eq (Exclusive),★★★★★,Ozaki Figurine,-,-,5.9198,-,-,-,-3.0,-,18%,-,-,-,-,-,-,-,0,0,,2,Locked
42146022,355,Sp. Eq (Exclusive),★★★★★,Multi-Purpose Crinoline,46641830,PPK Mod,-,-,36,-,-,-,-,-,-,-,-,-,-,-,30000,10,MAX,11,Locked
42146048,44,Plate (Body),★★★★★,Type 3 Armor Plate,-,-,-,-,-2.506,-,-,-,-,-,6.0316,-,-,-,-,-,1,0,,0,Locked
42157258,325,Sp. Eq (Exclusive),★★★★★,Loudspeaker,-,-,-,-,-,-,-,40%,22%,-,-,-,-,-,-,-,30000,10,MAX,9,Locked
42160873,356,Sp. Eq (Exclusive),★★★★★,M856 Tracer Rounds,46922341,416 Mod,20,-,-,-,-,-,-,-,-,-,-,-,-,-,30000,10,MAX,3,Locked
42180506,364,Sp. Eq (Exclusive),★★★★★,Patrol Helmet,-,-,-,-,-,3.0000,-,-,-,-,12,-,-,-,-,-,30000,10,MAX,5,Locked
42185381,309,Focus Chip (Body),★★★★★,Focus Chip,-,-,10,-,-,-,-10,-,30%,-,-,-,-,-,-,-,10000,10,MAX,21,Locked
42187271,328,Sp. Eq (Exclusive),★★★★★,Star Hair Clip,-,-,-,9.6132,-,-,-,-,-,-,-,-,-,-,-,-,0,0,,0,Locked
42191413,44,Plate (Body),★★★★★,Type 3 Armor Plate,-,-,-,-,-2.8502,-,-,-,-,-,6.8328,-,-,-,-,-,1,0,,0,Locked
42194200,343,Sp. Eq (Exclusive),★★★★★,Type 64 Signal Flare,-,-,-,7.0432,-,-,-,-,-,-,-,-,-,-,-,-,1,0,,0,Locked
42195441,356,Sp. Eq (Exclusive),★★★★★,M856 Tracer Rounds,-,-,20,-,-,-,-,-,-,-,-,-,-,-,-,-,30000,10,MAX,5,Locked
42196616,44,Plate (Body),★★★★★,Type 3 Armor Plate,-,-,-,-,-2.5949,-,-,-,-,-,7.1690,-,-,-,-,-,1,0,,0,Locked
42201257,32,HV (Ammo),★★★★★,APCR High-Velocity Ammo,-,-,10.9952,-,-,-,-,-,-,-,-,-,-,-,-,-,1,0,,0,Locked
42201258,349,Sp. Eq (Exclusive),★★★★★,Custom Comms Headset,-,-,1.1578,-,-,3.9910,-,-,-,-,-,-,-,-,-,-,1,0,,0,Locked
42212457,83,Sp. Eq (Exclusive),★★★★★,KSTSP,-,-,-,-,-,-,-,48.0000%,44.000%,-,-,-,-,-,-,-,30000,10,MAX,0,Locked
42212475,238,Sp. Eq (Exclusive),★★★★★,9x18mm FTX,-,-,5.9747,-,-,-,-,-,-,-,-,-,-,-,-,-,1,0,,0,Locked
42216868,90,Cape (Body),★★★★★,Thermoptic Camouflage Cape,-,-,-,-,-,-3.0000,-,-,11.6652%,-,-,-,-,-,-,-,1,0,,0,Locked
42220613,168,Sp. Eq (Exclusive),★★★★★,Folding Stock,-,-,-,-,12.4443,-,-,13.3335%,-,-,-,-,-,-,-,-,1,0,,0,Locked
42223672,284,Sp. Eq (Exclusive),★★★★★,Leuchtpistole 34,-,-,-,7.180,-,-,-,-,-,-,-,-,-,-,-,-,1,0,,0,Locked
42239755,32,HV (Ammo),★★★★★,APCR High-Velocity Ammo,-,-,8.6056,-,-,-,-,-,-,-,-,-,-,-,-,-,1,0,,0,Locked
42246119,32,HV (Ammo),★★★★★,APCR High-Velocity Ammo,-,-,9.5660,-,-,-,-,-,-,-,-,-,-,-,-,-,1,0,,0,Locked
42249193,171,Sp. Eq (Exclusive),★★★★★,Tactical Thunderbolt Ahoge,-,-,-,-,12,-,-,15%,-,-,-,-,-,-,-,-,1,0,MAX,16,Locked
42249194,285,Sp. Eq (Exclusive),★★★★★,KWS Stock,-,-,10,5,-,-,-,50%,-,-,-,-,-,-,-,-,30000,10,MAX,14,Locked
42258320,32,HV (Ammo),★★★★★,APCR High-Velocity Ammo,-,-,9.8392,-,-,-,-,-,-,-,-,-,-,-,-,-,1,0,,0,Locked
42270158,225,Flare (Ammo),★★★★★,Signal Flare,-,-,-,-,-,-,-4.2824,-,-,-,-,-,-,-,-,-,0,0,,0,Locked
42270204,224,RMR (Acc),★★★★★,RMR T4 Red Dot Sight,-,-,-,10.7894,-,-,-,13.8614%,-,-,-,-,-,-,-,-,0,0,,0,Locked
42270240,224,RMR (Acc),★★★★★,RMR T4 Red Dot Sight,-,-,-,10.8452,-,-,-,13.3244%,-,-,-,-,-,-,-,-,0,0,,0,Locked
42270271,235,Flash (Shell),★★★★★,Shotgun Flash Shells,-,-,-,8.3604,-,-,-,-,-,-,-,-,-,-,-,-,0,0,,0,Locked
42270339,309,Focus Chip (Body),★★★★★,Focus Chip,-,-,10,-,-,-,-10,-,30%,-,-,-,-,-,-,-,10000,10,MAX,26,Locked
42270388,225,Flare (Ammo),★★★★★,Signal Flare,-,-,-,-,-,-,-3.6704,-,-,-,-,-,-,-,-,-,0,0,,0,Locked
42270397,225,Flare (Ammo),★★★★★,Signal Flare,-,-,-,-,-,-,-4.0936,-,-,-,-,-,-,-,-,-,0,0,,0,Locked
42270421,90,Cape (Body),★★★★★,Thermoptic Camouflage Cape,-,-,-,-,-,-3.0000,-,-,12.2948%,-,-,-,-,-,-,-,0,0,,0,Locked
42270459,225,Flare (Ammo),★★★★★,Signal Flare,-,-,-,-,-,-,-3.3344,-,-,-,-,-,-,-,-,-,0,0,,0,Locked
42270516,229,SLAP (Ammo),★★★★★,Mk1000 SLAP,-,-,-,-,-,-,-5.000,-,-,242.3380,-,-,-,-,-,-,0,0,,0,Locked
42273117,234,Processor Chip (Body),★★★★★,#2 Processor,-,-,15,-,-,-,25,-,-50.0000%,-,-,-,-,-,-,-,10000,10,MAX,6,Locked
42275355,359,Sp. Eq (Exclusive),★★★★★,9mm UMP Hollow-Point Rounds,-,-,6.4205,-,-,-,-,7.7144%,-,-,-,-,-,-,-,-,1,0,,0,Locked
42287461,32,HV (Ammo),★★★★★,APCR High-Velocity Ammo,-,-,8.9796,-,-,-,-,-,-,-,-,-,-,-,-,-,1,0,,0,Locked
42302681,358,Sp. Eq (Exclusive),★★★★★,.45UMP Hollow-Point Rounds,-,-,7.9748,9.0522,-,-,-,-,-,-,-,-,-,-,-,-,1,0,,0,Locked
42309015,225,Flare (Ammo),★★★★★,Signal Flare,-,-,-,-,-,-,-4.500,-,-,-,-,-,-,-,-,-,0,0,,0,Locked
42320141,40,T Exo (Body),★★★★★,IOP T4 Exoskeleton,-,-,-7.072,-,21.8320,-,-,-,-,-,-,-,-,-,-,-,1,0,,0,Locked
42328061,389,Sp. Eq (Exclusive),★★★★★,Red Spectacles,-,-,10,5,-,-,-,50%,-,-,-,-,-,-,-,-,30000,10,MAX,16,Locked
42328062,388,Sp. Eq (Exclusive),★★★★★,Spare Eyeball,214386694,Purin Esaki,15,-,-,-,-1,-,35%,-,-,-,-,-,-,-,30000,10,MAX,16,Locked
42345429,68,MG Box (Body),★★★★★,IOP Maximum Ammo Box,-,-,-,-,-2.5477,-,-,-,-,-,-,-,-,-,-,2.3539,0,0,,0,Locked
42359366,90,Cape (Body),★★★★★,Thermoptic Camouflage Cape,-,-,-,-,-,-3.0000,-,-,13.6752%,-,-,-,-,-,-,-,1,0,,0,Locked
42385715,68,MG Box (Body),★★★★★,IOP Maximum Ammo Box,-,-,-,-,-2.7387,-,-,-,-,-,-,-,-,-,-,2.2852,0,0,,0,Locked
42385717,68,MG Box (Body),★★★★★,IOP Maximum Ammo Box,-,-,-,-,-2.8462,-,-,-,-,-,-,-,-,-,-,2.821,0,0,,0,Locked
42386785,68,MG Box (Body),★★★★★,IOP Maximum Ammo Box,-,-,-,-,-2.7752,-,-,-,-,-,-,-,-,-,-,2.1416,0,0,,0,Locked
42446438,157,Sp. Eq (Exclusive),★★★★★,LED Weapon Light,-,-,5.8094,8.5248,10.0000,-,-,-,-,-,-,-,-,-,-,-,1,0,,0,Locked
42446463,348,Sp. Eq (Exclusive),★★★★★,Custom 10mm Auto Rounds,-,-,6.7652,4.0626,-,-,-,-,-,-8.5135,-,-,-,-,-,-,1,0,,0,Locked
42461974,235,Flash (Shell),★★★★★,Shotgun Flash Shells,-,-,-,8.1064,-,-,-,-,-,-,-,-,-,-,-,-,0,0,,0,Locked
42494724,365,Sp. Eq (Exclusive),★★★★★,Tactical Headdress,-,-,-,-,-,-,5,-,30%,-,-,-,-,-,-,-,30000,10,MAX,9,Locked
42494725,32,HV (Ammo),★★★★★,APCR High-Velocity Ammo,-,-,9.6664,-,-,-,-,-,-,-,-,-,-,-,-,-,1,0,,0,Locked
42494726,32,HV (Ammo),★★★★★,APCR High-Velocity Ammo,-,-,9.6384,-,-,-,-,-,-,-,-,-,-,-,-,-,1,0,,0,Locked
42500519,32,HV (Ammo),★★★★★,APCR High-Velocity Ammo,-,-,9.8904,-,-,-,-,-,-,-,-,-,-,-,-,-,1,0,,0,Locked
42501077,32,HV (Ammo),★★★★★,APCR High-Velocity Ammo,-,-,8.4116,-,-,-,-,-,-,-,-,-,-,-,-,-,1,0,,0,Locked
42508953,366,Sp. Eq (Exclusive),★★★★★,.30-64 Rounds,-,-,-,-,-,-,-,-,10%,500,-,-,-,-,-,-,30000,10,MAX,16,Locked
42513729,220,Sp. Eq (Exclusive),★★★★★,Special Steel Buttstock,-,-,-,32,-,-,-,30.0000%,10%,-,-,-,-,-,-,-,30000,10,MAX,16,Locked
42531630,370,Sp. Eq (Exclusive),★★★★★,DIY Smart Grenade,-,-,24,-,-,-,-,-,-,-,-,-,-,-,-,-,30000,10,MAX,5,Locked
42564040,235,Flash (Shell),★★★★★,Shotgun Flash Shells,-,-,-,9.976,-,-,-,-,-,-,-,-,-,-,-,-,0,0,,0,Locked
42578167,131,Sp. Eq (Exclusive),★★★★★,MGO 6X48,-,-,2.0000,34,-,-,-,30.0000%,-,-,-,-,-,-,-,-,30000,10,MAX,9,Locked
42587615,234,Processor Chip (Body),★★★★★,#2 Processor,-,-,15,-,-,-,25,-,-50.0000%,-,-,-,-,-,-,-,10000,10,MAX,13,Locked
42587627,234,Processor Chip (Body),★★★★★,#2 Processor,-,-,8.8806,-,-,-,13.6788,-,-50.0000%,-,-,-,-,-,-,-,0,0,,0,Locked
42611027,314,MG Bipod (Body),★★★★★,HD-100 Bipod,-,-,-,10,-,-2,-,-,-,-,-,-,-,-,-,-,10000,10,MAX,4,Locked
42612840,103,Sp. Eq (Exclusive),★★★★★,Type 64 Exclusive Suppressor,-,-,-,-,11,-,-,13.0002%,-,-,-,-,-,-,-,-,1,0,,3,Locked
42633285,134,Sp. Eq (Exclusive),★★★★★,MPL M21,85354529,Micro Uzi Mod,10.0000,36,-,-,-1,-,-,-,-,-,-,-,-,-,30000,10,MAX,16,Locked
42633286,122,Sp. Eq (Exclusive),★★★★★,SAA Long Barrel,-,-,1,-,8,-,-,14.0001%,-,-,-,-,-,-,-,-,1,0,,2,Locked
42635406,308,Choke (Acc),★★★★★,Mk0 Multi-Purpose Choke,-,-,-,3.8010,-,-,-,-,-,-,-,-,-,-,-,2.41,1,0,,0,Locked
42645383,367,Sp. Eq (Exclusive),★★★★★,Panda Dangle,-,-,-,2,38,-,-,-,-,-,-,-,-,-,-,-,30000,10,,2,Locked
42649449,231,Birdshot (Shell),★★★★★,#7.5 Birdshot,-,-,-,-,-,-,6.932,-,-18.6940%,-,-,-,-,-,-,-,0,0,,0,Locked
42656699,369,Sp. Eq (Exclusive),★★★★★,Mk948SLAP,-,-,5,-,-,-,-,-,-,550,-,-,-,-,-,-,30000,10,MAX,6,Locked
42680366,368,Sp. Eq (Exclusive),★★★★★,M43 Modified Rounds,-,-,24,-,-,-,-,-,-,-,-,-,-,-,-,-,30000,10,MAX,5,Locked
42721088,235,Flash (Shell),★★★★★,Shotgun Flash Shells,-,-,-,9.3136,-,-,-,-,-,-,-,-,-,-,-,-,0,0,,0,Locked
42722303,283,Sp. Eq (Exclusive),★★★★★,Barrett QDL,-,-,10,-,-,-,-,48%,-,-,-,-,-,-,-,-,30000,10,MAX,6,Locked
42757493,231,Birdshot (Shell),★★★★★,#7.5 Birdshot,-,-,-,-,-,-,6.7374,-,-19.6710%,-,-,-,-,-,-,-,0,0,,0,Locked
42773717,235,Flash (Shell),★★★★★,Shotgun Flash Shells,-,-,-,9.2968,-,-,-,-,-,-,-,-,-,-,-,-,0,0,,0,Locked
42836455,372,Sp. Eq (Exclusive),★★★★★,18.4mm Baton Rounds,-,-,-,11.0230,-,-,-,-,-,-,-,-,-,-,-,-,1,0,,0,Locked
42836458,193,Sp. Eq (Exclusive),★★★★★,Tactical Riot Shield,-,-,-,-,2,-,-,-,-,-,11,-,-,-,-,-,30000,10,MAX,6,Locked
42836739,371,Sp. Eq (Exclusive),★★★★★,Woodland Camouflage Cloak,-,-,-,-,-,-,-,-,30%,-,-,-,-,-,-,-,30000,10,MAX,5,Locked
42842858,311,Rangefinder (Body),★★★★★,M200X LRF,-,-,5,-,-,-,-,-,-,-,-,-,-,-,-,-,1,0,MAX,1,Locked
42854021,231,Birdshot (Shell),★★★★★,#7.5 Birdshot,-,-,-,-,-,-,6.9244,-,-19.9020%,-,-,-,-,-,-,-,0,0,,0,Locked
42868013,235,Flash (Shell),★★★★★,Shotgun Flash Shells,-,-,-,9.8912,-,-,-,-,-,-,-,-,-,-,-,-,0,0,,0,Locked
42879480,343,Sp. Eq (Exclusive),★★★★★,Type 64 Signal Flare,-,-,-,7.7376,-,-,-,-,-,-,-,-,-,-,-,-,1,0,,0,Locked
42883857,103,Sp. Eq (Exclusive),★★★★★,Type 64 Exclusive Suppressor,-,-,-,-,11,-,-,12%,-,-,-,-,-,-,-,-,1,0,,1,Locked
42931504,343,Sp. Eq (Exclusive),★★★★★,Type 64 Signal Flare,-,-,-,8.7296,-,-,-,-,-,-,-,-,-,-,-,-,1,0,,0,Locked
42932482,231,Birdshot (Shell),★★★★★,#7.5 Birdshot,-,-,-,-,-,-,6.1612,-,-17.3050%,-,-,-,-,-,-,-,0,0,,0,Locked
42962424,68,MG Box (Body),★★★★★,IOP Maximum Ammo Box,-,-,-,-,-2.7166,-,-,-,-,-,-,-,-,-,-,2.0298,1,0,,0,Locked
42976235,68,MG Box (Body),★★★★★,IOP Maximum Ammo Box,-,-,-,-,-2.1128,-,-,-,-,-,-,-,-,-,-,2.4023,1,0,,0,Locked
42993115,343,Sp. Eq (Exclusive),★★★★★,Type 64 Signal Flare,-,-,-,6.7528,-,-,-,-,-,-,-,-,-,-,-,-,1,0,,0,Locked
43029641,375,Sp. Eq (Exclusive),★★★★★,PT Sight,-,-,-,12.2145,-,-,-,12.2679%,-,-,-,-,-,-,-,-,1,0,,0,Locked
43114700,113,Sp. Eq (Exclusive),★★★★★,M1895 Suppressor,-,-,-,1,10,-,-,13.0002%,-,-,-,-,-,-,-,-,1,0,,2,Locked
43124306,174,Sp. Eq (Exclusive),★★★★★,FRAG-12 High Explosive Rounds,-,-,8.0000,12.0000,-,-,-,-,-,-,-,-,-,-,-,-,1,0,MAX,0,Locked
43152404,235,Flash (Shell),★★★★★,Shotgun Flash Shells,-,-,-,8.1368,-,-,-,-,-,-,-,-,-,-,-,-,0,0,,0,Locked
43161928,231,Birdshot (Shell),★★★★★,#7.5 Birdshot,-,-,-,-,-,-,6.1912,-,-18.4610%,-,-,-,-,-,-,-,0,0,,0,Locked
43161932,235,Flash (Shell),★★★★★,Shotgun Flash Shells,-,-,-,10.2472,-,-,-,-,-,-,-,-,-,-,-,-,0,0,,0,Locked
43161938,231,Birdshot (Shell),★★★★★,#7.5 Birdshot,-,-,-,-,-,-,6.8498,-,-16.2510%,-,-,-,-,-,-,-,0,0,,0,Locked
43161943,231,Birdshot (Shell),★★★★★,#7.5 Birdshot,-,-,-,-,-,-,6.5434,-,-15.8130%,-,-,-,-,-,-,-,0,0,,0,Locked
43162240,231,Birdshot (Shell),★★★★★,#7.5 Birdshot,-,-,-,-,-,-,6.094,-,-10.8510%,-,-,-,-,-,-,-,0,0,,0,Locked
43162242,235,Flash (Shell),★★★★★,Shotgun Flash Shells,-,-,-,9.5636,-,-,-,-,-,-,-,-,-,-,-,-,0,0,,0,Locked
43162251,235,Flash (Shell),★★★★★,Shotgun Flash Shells,-,-,-,8.6084,-,-,-,-,-,-,-,-,-,-,-,-,0,0,,0,Locked
43162290,231,Birdshot (Shell),★★★★★,#7.5 Birdshot,-,-,-,-,-,-,6.126,-,-18.7950%,-,-,-,-,-,-,-,0,0,,0,Locked
43162311,231,Birdshot (Shell),★★★★★,#7.5 Birdshot,-,-,-,-,-,-,6.9862,-,-14.1740%,-,-,-,-,-,-,-,0,0,,0,Locked
43162328,40,T Exo (Body),★★★★★,IOP T4 Exoskeleton,-,-,-7.8858,-,22.2815,-,-,-,-,-,-,-,-,-,-,-,0,0,,0,Locked
43162354,231,Birdshot (Shell),★★★★★,#7.5 Birdshot,-,-,-,-,-,-,7.2144,-,-16.5250%,-,-,-,-,-,-,-,0,0,,0,Locked
43162366,231,Birdshot (Shell),★★★★★,#7.5 Birdshot,-,-,-,-,-,-,6.1534,-,-16.7750%,-,-,-,-,-,-,-,0,0,,0,Locked
43162389,231,Birdshot (Shell),★★★★★,#7.5 Birdshot,-,-,-,-,-,-,7.1270,-,-19.2680%,-,-,-,-,-,-,-,0,0,,0,Locked
43162391,235,Flash (Shell),★★★★★,Shotgun Flash Shells,-,-,-,10.3676,-,-,-,-,-,-,-,-,-,-,-,-,0,0,,0,Locked
43170321,374,Sp. Eq (Exclusive),★★★★★,Multi-Purpose Headset,-,-,8,-,-,-,-3.4384,-,21.0002%,-,-,-,-,-,-,-,1,0,,1,Locked
43173759,124,Sp. Eq (Exclusive),★★★★★,Gr G3 Barrel Kit,-,-,3.135,-,-,-,-,17.8008%,-,-,-,-,-,-,-,-,1,0,,0,Locked
43173764,128,Sp. Eq (Exclusive),★★★★★,STEN Suppressor,-,-,-,-,10.4279,-,-,12.4065%,-,-,-,-,-,-,-,-,1,0,,0,Locked
43212069,404,Sp. Eq (Exclusive),★★★★★,Custom Combat Motorbike,218459914,Rex Zero 1 Mod,-,-,22,-,-1,-,-,-,5,-,-,-,-,-,30000,10,MAX,16,Locked
43219363,385,Sp. Eq (Exclusive),★★★★★,Type 64 Lightweight Rig,-,-,-,-,-,-,-,-,20%,-,-,-,-,-,-,8,30000,10,MAX,6,Locked
43219715,235,Flash (Shell),★★★★★,Shotgun Flash Shells,-,-,-,9.6508,-,-,-,-,-,-,-,-,-,-,-,-,0,0,,0,Locked
43219718,235,Flash (Shell),★★★★★,Shotgun Flash Shells,-,-,-,8.692,-,-,-,-,-,-,-,-,-,-,-,-,0,0,,0,Locked
43231253,384,Sp. Eq (Exclusive),★★★★★,FA Prototype Exoskeleton,-,-,-,-5,45,-,-,-,-,-,-,-,-,-,-,-,30000,10,,3,Locked
43237048,235,Flash (Shell),★★★★★,Shotgun Flash Shells,-,-,-,9.5968,-,-,-,-,-,-,-,-,-,-,-,-,0,0,,0,Locked
43243631,309,Focus Chip (Body),★★★★★,Focus Chip,-,-,10,-,-,-,-10,-,30%,-,-,-,-,-,-,-,10000,10,MAX,11,Locked
43277582,234,Processor Chip (Body),★★★★★,#2 Processor,-,-,9.0730,-,-,-,13.8756,-,-50.0000%,-,-,-,-,-,-,-,0,0,,0,Locked
43294455,343,Sp. Eq (Exclusive),★★★★★,Type 64 Signal Flare,-,-,-,7.3624,-,-,-,-,-,-,-,-,-,-,-,-,1,0,,0,Locked
43311101,309,Focus Chip (Body),★★★★★,Focus Chip,-,-,10,-,-,-,-10,-,30%,-,-,-,-,-,-,-,10000,10,MAX,16,Locked
43326311,130,Sp. Eq (Exclusive),★★★★★,Gr G36 Hybrid Sight,-,-,-,8,-,-,-,48%,-,-,-,-,-,-,-,-,30000,10,MAX,16,Locked
43329272,390,Sp. Eq (Exclusive),★★★★★,Maid Exclusive Chip,-,-,25,10,20,-,-,-,-,-,-,-,-,-,-,-,30000,10,MAX,14,Locked
43348720,391,Sp. Eq (Exclusive),★★★★★,MK5 Signal Flare,-,-,-,12.3975,-,-,-,-,-,-,-,-,-,-,-,-,1,0,,0,Locked
43361357,234,Processor Chip (Body),★★★★★,#2 Processor,-,-,9.102,-,-,-,15.4172,-,-50.0000%,-,-,-,-,-,-,-,0,0,,0,Locked
43386862,234,Processor Chip (Body),★★★★★,#2 Processor,-,-,8.8228,-,-,-,13.3380,-,-50.0000%,-,-,-,-,-,-,-,0,0,,0,Locked
43426870,105,Sp. Eq (Exclusive),★★★★★,PM 5-25X56,-,-,-,-,-,-,-,24.0000%,10.0000%,-,-,-,-,-,-,-,1,0,MAX,0,Locked
43429295,403,Sp. Eq (Exclusive),★★★★★,XD 9mm +P Rounds,-,-,30,-,-,-,-5,-,-,-,-,-,-,-,-,-,30000,10,MAX,6,Locked
43451362,393,Sp. Eq (Exclusive),★★★★★,.303 Bren Rounds,-,-,-,-,-,-,-,-,3%,249.0,-,-,-,-,-,-,1,0,,3,Locked
43455311,394,Sp. Eq (Exclusive),★★★★★,AA Combat Shield,-,-,-,-,-,-,-,12%,-,-,10,-,-,-,-,-,8401,6,,2,Locked
43464845,40,T Exo (Body),★★★★★,IOP T4 Exoskeleton,-,-,-8,-,24.0,-,-,-,-,-,-,-,-,-,-,-,0,0,,1,Locked
43494752,383,Sp. Eq (Exclusive),★★★★★,JS Chip,-,-,15,10,-,-,-,-,30%,-,-,-,-,-,-,-,30000,10,MAX,16,Locked
43508788,412,Sp. Eq (Exclusive),★★★★★,Winter Frost VI,-,-,20,-,-,-,-5,-,35%,-,-,-,-,-,-,-,30000,10,MAX,21,Locked
43508794,274,Sp. Eq (Exclusive),★★★★★,AN-94 Modernization Kit,-,-,-,-,-,-,-,48%,25%,-,-,-,-,-,-,-,30000,10,MAX,16,Locked
43542272,40,T Exo (Body),★★★★★,IOP T4 Exoskeleton,-,-,-7.2886,-,20.7830,-,-,-,-,-,-,-,-,-,-,-,0,0,,0,Locked
43548316,309,Focus Chip (Body),★★★★★,Focus Chip,-,-,4.9386,-,-,-,-10.380,-,15.875%,-,-,-,-,-,-,-,1,0,,0,Locked
43548445,321,Sp. Eq (Exclusive),★★★★★,8mm Mauser Special Rounds,-,-,5,-,-,-,-,-,-,550,-,-,-,-,-,-,30000,10,MAX,16,Locked
43572901,305,SF Taclight (Acc),★★★★★,S.F. Modified Tactical Light,-,-,-,-,2.213,-,-,-,-,-,-,-,-,-,-,-,1,0,,0,Locked
43580690,398,Sp. Eq (Exclusive),★★★★★,Magnum Augmented Rounds,-,-,10,-,-,-,-,-,-,240,-,-,-,-,-,-,30000,10,MAX,25,Locked
43580726,399,Sp. Eq (Exclusive),★★★★★,PKP Custom Rounds,-,-,5,10,-,-,-,-,-,500,-,-,-,-,-,-,30000,10,MAX,13,Locked
43589311,218,Sp. Eq (Exclusive),★★★★★,High-Performance Camouflaged Exoskeleton,-,-,-,-,30,-,-,-,-,-,-,-,-,-,-,-,30000,10,MAX,4,Locked
43596573,249,Sp. Eq (Exclusive),★★★★★,SR3 Special Suppressor,-,-,10.0000,20.0000,10.0000,-,-,-,-,-,-,-,-,-,-,-,30000,10,MAX,0,Locked
43632072,218,Sp. Eq (Exclusive),★★★★★,High-Performance Camouflaged Exoskeleton,-,-,-,-,20,-,-,-,-,-,-,-,-,-,-,-,1,0,MAX,5,Locked
43662971,354,Sp. Eq (Exclusive),★★★★★,Police Uniform of Justice,-,-,-,4.0,-,-,-,-,20%,-,-,-,-,-,-,-,0,0,,4,Locked
43673964,218,Sp. Eq (Exclusive),★★★★★,High-Performance Camouflaged Exoskeleton,-,-,-,-,20,-,-,-,-,-,-,-,-,-,-,-,1,0,MAX,9,Locked
43686149,416,Sp. Eq (Exclusive),★★★★★,GH Heavy Shield,-,-,-,-,-,-3.0000,-,-,-,-,11,-,-,-,-,-,30000,10,MAX,6,Locked
43696898,413,Sp. Eq (Exclusive),★★★★★,Cloak of Glory,-,-,-1,-,44,-,-,-,-,-,-,-,-,-,-,-,30000,10,MAX,16,Locked
43699062,407,Sp. Eq (Exclusive),★★★★★,STEN-Exclusive Exoskeleton,-,-,-,-3,19.0,-,-,-,-,-,-,-,-,-,-,-,1,0,,1,Locked
43699257,406,Sp. Eq (Exclusive),★★★★★,Police Cap of the Night,53739457,Welrod MkⅡ Mod,-,-,10,-,-,-,-,-,-,-,-,-,-,-,30000,10,MAX,2,Locked
43701729,417,Sp. Eq (Exclusive),★★★★★,Angel Exoskeleton,-,-,-5.1696,-,17.9380,-,-,-,-,-,-,-,-,-,-,-,1,0,,0,Locked
43705497,40,T Exo (Body),★★★★★,IOP T4 Exoskeleton,-,-,-7.3244,-,22.3820,-,-,-,-,-,-,-,-,-,-,-,0,0,,0,Locked
43707373,175,Sp. Eq (Exclusive),★★★★★,BPR4 & SRM6,-,-,2.3078,-,6.9594,-,-,17.6678%,-,-,-,-,-,-,-,-,1,0,,0,Locked
43710684,305,SF Taclight (Acc),★★★★★,S.F. Modified Tactical Light,-,-,-,-,4.067,-,-,-,-,-,-,-,-,-,-,-,0,0,,0,Locked
43758589,305,SF Taclight (Acc),★★★★★,S.F. Modified Tactical Light,-,-,-,-,3.6113,-,-,-,-,-,-,-,-,-,-,-,0,0,,0,Locked
43809080,218,Sp. Eq (Exclusive),★★★★★,High-Performance Camouflaged Exoskeleton,-,-,-,-,17.1352,-,-,-,-,-,-,-,-,-,-,-,1,0,,0,Locked
43810172,14,PEQ (Acc),★★★,PEQ-5,-,-,-,-,-,-,-,-,-,-,-,-,-,-,63.7108%,-,0,0,,0,
43810173,13,PEQ (Acc),★★,PEQ-2,-,-,-,-,-,-,-,-,-,-,-,-,-,-,51.968%,-,0,0,,0,
43810174,15,PEQ (Acc),★★★★,PEQ-15,-,-,-,-,-,-,-,-,-,-,-,-,-,-,77.4085%,-,0,0,,0,
43810175,14,PEQ (Acc),★★★,PEQ-5,-,-,-,-,-,-,-,-,-,-,-,-,-,-,68.686%,-,0,0,,0,
