Datetime,ProduceType,InputLevel,SpendResource,Type,ID,Name,Rank
2022-06-19 16:43:46,GUN,NORMAL,30/30/30/30,HG,10,PPK,★★
2022-06-21 11:16:09,GUN,WISH-NORMAL,400/100/400/200,AR,63,Gr G3,★★
2022-06-21 11:16:09,GUN,WISH-NORMAL,400/100/400/200,AR,71,Galil,★★
2022-06-21 11:16:09,GUN,WISH-NORMAL,400/100/400/200,AR,105,OTs-12,★★★
2022-06-21 11:16:09,GUN,WISH-NORMAL,400/100/400/200,AR,68,L85A1,★★
2022-06-21 11:16:14,GUN,WISH-NORMAL,400/100/400/200,RF,47,G43,★★
2022-06-21 11:16:14,GUN,WISH-NORMAL,400/100/400/200,RF,44,SV-98,★★★
2022-06-21 11:16:14,GUN,WISH-NORMAL,400/100/400/200,RF,37,M14,★★★
2022-06-21 11:16:14,GUN,WISH-NORMAL,400/100/400/200,RF,40,SVT-38,★★
2022-06-21 11:16:19,GUN,WISH-NORMAL,400/100/400/200,AR,349,AK74M,★★★★
2022-06-21 11:16:19,GUN,WISH-NORMAL,400/100/400/200,RF,52,VM59,★★
2022-06-21 11:16:33,GUN,WISH-NORMAL,400/100/400/200,RF,47,G43,★★
2022-06-21 11:16:33,GUN,WISH-NORMAL,400/100/400/200,SMG,24,PP-2000,★★
2022-06-21 11:16:33,GUN,WISH-NORMAL,400/100/400/200,RF,257,M200,★★★★★
2022-06-21 11:16:33,GUN,WISH-NORMAL,400/100/400/200,RF,34,M1 Garand,★★★
2022-06-21 11:16:37,GUN,WISH-NORMAL,400/100/400/200,RF,51,FF FN49,★★
2022-06-21 11:16:37,GUN,WISH-NORMAL,400/100/400/200,RF,261,QBU-88,★★★★★
2022-06-21 11:16:37,GUN,WISH-NORMAL,400/100/400/200,RF,198,Carcano M91/38,★★★★★
2022-06-21 11:16:37,GUN,WISH-NORMAL,400/100/400/200,RF,34,M1 Garand,★★★
2022-06-21 11:17:04,GUN,WISH-NORMAL,100/400/400/200,AR,60,AS Val,★★★★
2022-06-21 11:17:04,GUN,WISH-NORMAL,100/400/400/200,SMG,92,Spectre M4,★★
2022-06-21 11:17:04,GUN,WISH-NORMAL,100/400/400/200,AR,61,StG44,★★★
2022-06-21 11:17:04,GUN,WISH-NORMAL,100/400/400/200,SMG,17,M3,★★
2022-06-21 11:17:09,GUN,WISH-NORMAL,100/400/400/200,AR,71,Galil,★★
2022-06-21 11:17:09,GUN,WISH-NORMAL,100/400/400/200,AR,58,AK-47,★★★
2022-06-21 11:17:09,GUN,WISH-NORMAL,100/400/400/200,AR,61,StG44,★★★
2022-06-21 11:17:09,GUN,WISH-NORMAL,100/400/400/200,AR,133,Type63,★★
2022-06-21 11:17:13,GUN,WISH-NORMAL,100/400/400/200,SMG,32,Micro Uzi,★★★
2022-06-21 11:17:13,GUN,WISH-NORMAL,100/400/400/200,SMG,32,Micro Uzi,★★★
2022-06-21 11:17:13,GUN,WISH-NORMAL,100/400/400/200,AR,105,OTs-12,★★★
2022-06-21 11:17:13,GUN,WISH-NORMAL,100/400/400/200,AR,64,Gr G36,★★★★
2022-06-21 11:17:16,GUN,WISH-NORMAL,100/400/400/200,AR,70,FF FNC,★★★
2022-06-21 11:17:18,GUN,WISH-NORMAL,100/400/400/200,AR,63,Gr G3,★★
2022-06-21 11:17:30,GUN,WISH-NORMAL,100/400/400/200,AR,61,StG44,★★★
2022-06-21 11:17:30,GUN,WISH-NORMAL,100/400/400/200,AR,74,SIG-510,★★
2022-06-21 11:17:30,GUN,WISH-NORMAL,100/400/400/200,AR,60,AS Val,★★★★
2022-06-21 11:17:30,GUN,WISH-NORMAL,100/400/400/200,AR,70,FF FNC,★★★
2022-06-21 11:17:35,GUN,WISH-NORMAL,100/400/400/200,SMG,94,Type64,★★
2022-06-21 11:17:35,GUN,WISH-NORMAL,100/400/400/200,AR,63,Gr G3,★★
2022-06-21 11:17:35,GUN,WISH-NORMAL,100/400/400/200,AR,293,AK-15,★★★★★
2022-06-21 11:17:35,GUN,WISH-NORMAL,100/400/400/200,AR,71,Galil,★★
2022-06-23 14:50:27,EQUIP,HEAVY-1,500/500/500/500,REDDOT,11,COG M150,★★★★,
2022-06-23 14:50:27,EQUIP,HEAVY-1,500/500/500/500,NIGHTEQUIP,14,PEQ-5,★★★,
2022-06-23 14:50:27,EQUIP,HEAVY-1,500/500/500/500,RMR,223,RMR T2 Red Dot Sight,★★★★,
2022-06-23 14:50:27,EQUIP,HEAVY-1,500/500/500/500,RMR,222,RMR Red Dot Sight,★★★,
2022-06-23 14:50:27,EQUIP,HEAVY-1,500/500/500/500,ARMORPLATE,42,Type 1 Armor Plate,★★★,
2022-06-23 14:50:27,EQUIP,HEAVY-1,500/500/500/500,NIGHTEQUIP,15,PEQ-15,★★★★,
2022-06-23 14:50:27,EQUIP,HEAVY-1,500/500/500/500,ARMORPLATE,42,Type 1 Armor Plate,★★★,
2022-06-23 14:50:27,EQUIP,HEAVY-1,500/500/500/500,REDDOT,10,AMP COMPM4,★★★,
2022-06-23 16:06:13,EQUIP,HEAVY-1,500/500/500/500,SUPPRESSOR,65,AC3 Suppressor,★★★★,
2022-06-23 16:06:13,EQUIP,HEAVY-1,500/500/500/500,HOLO,6,EOT 512,★★★,
2022-06-23 16:06:13,EQUIP,HEAVY-1,500/500/500/500,HOLO,6,EOT 512,★★★,
2022-06-23 16:06:13,EQUIP,HEAVY-1,500/500/500/500,SUPPRESSOR,64,AC2 Suppressor,★★★,
2022-06-23 16:06:13,EQUIP,HEAVY-1,500/500/500/500,HOLO,8,EOT 518,★★★★★,
2022-06-23 16:06:13,EQUIP,HEAVY-1,500/500/500/500,CLOAK,88,Camouflage Cape,★★★,
2022-06-23 16:06:13,EQUIP,HEAVY-1,500/500/500/500,CHIP,233,#1 Processor,★★★★,
2022-06-23 16:06:13,EQUIP,HEAVY-1,500/500/500/500,TEXO,38,IOP T2 Exoskeleton,★★★,
2022-06-25 13:00:30,EQUIP,HEAVY-1,500/500/500/500,XEXO,56,IOP X2 Exoskeleton,★★★,
2022-06-25 13:00:30,EQUIP,HEAVY-1,500/500/500/500,NIGHTEQUIP,15,PEQ-15,★★★★,
2022-06-25 13:00:30,EQUIP,HEAVY-1,500/500/500/500,FAIRY,17,Illumination Fairy,★,Evasion I
2022-06-25 13:00:30,EQUIP,HEAVY-1,500/500/500/500,NIGHTEQUIP,15,PEQ-15,★★★★,
2022-06-25 13:00:30,EQUIP,HEAVY-1,500/500/500/500,REDDOT,12,ITI MARS,★★★★★,
2022-06-25 13:00:30,EQUIP,HEAVY-1,500/500/500/500,CHIP,232,Experimental Processor,★★★,
2022-06-25 13:00:30,EQUIP,HEAVY-1,500/500/500/500,FAIRY,7,Sniper Fairy,★,Keen
2022-07-26 20:04:22,EQUIP,HEAVY-1,500/500/500/500,REDDOT,11,COG M150,★★★★,
2022-07-26 20:04:23,EQUIP,HEAVY-1,500/500/500/500,NIGHTEQUIP,15,PEQ-15,★★★★,
2022-07-26 20:04:24,EQUIP,HEAVY-1,500/500/500/500,XEXO,56,IOP X2 Exoskeleton,★★★,
2022-07-26 20:04:26,EQUIP,HEAVY-1,500/500/500/500,FAIRY,16,Rescue Fairy,★,Assault
2022-07-26 20:04:28,EQUIP,HEAVY-1,500/500/500/500,REDDOT,10,AMP COMPM4,★★★,
2022-07-26 20:04:29,EQUIP,HEAVY-1,500/500/500/500,HOLO,6,EOT 512,★★★,
2022-07-26 20:04:30,EQUIP,HEAVY-1,500/500/500/500,FAIRY,15,Command Fairy,★,Critical I
2022-07-28 21:14:22,EQUIP,HEAVY-1,500/500/500/500,CHIP,233,#1 Processor,★★★★,
2022-07-28 21:14:23,EQUIP,HEAVY-1,500/500/500/500,FAIRY,1,Warrior Fairy,★,Armor I
2022-08-08 13:08:28,GUN,HEAVY-1,8000/1000/8000/4000,SMG,16,Thompson,★★★★★,
2022-08-08 13:08:29,GUN,HEAVY-1,8000/1000/8000/4000,SG,162,SPAS-12,★★★★,
2022-08-08 13:08:41,GUN,HEAVY-1,8000/1000/8000/4000,SG,190,NS2000,★★★,
2022-08-08 13:08:45,GUN,HEAVY-1,8000/1000/8000/4000,SG,353,MAG-7,★★★★,
2022-08-08 13:09:01,EQUIP,SPECIAL_OFFER,120/600/120/520,BUCKSHOT,73,#1 Buckshot,★★,
2022-08-08 13:09:01,EQUIP,SPECIAL_OFFER,120/600/120/520,BUCKSHOT,73,#1 Buckshot,★★,
2022-08-08 13:09:01,EQUIP,SPECIAL_OFFER,120/600/120/520,SLUGSHELL,77,BK Slug,★★,
2022-08-08 13:09:01,EQUIP,SPECIAL_OFFER,120/600/120/520,SLUGSHELL,78,FST Slug,★★★,
2022-08-11 11:58:45,EQUIP,NORMAL,210/210/50/110,SLAP,228,Mk900 SLAP,★★★★,
2022-08-11 11:58:45,EQUIP,NORMAL,210/210/50/110,SLUGSHELL,77,BK Slug,★★,
2022-08-11 11:58:45,EQUIP,NORMAL,210/210/50/110,BUCKSHOT,74,#0 Buckshot,★★★,
2022-08-11 11:58:45,EQUIP,NORMAL,210/210/50/110,NIGHTEQUIP,14,PEQ-5,★★★,
2022-08-23 12:10:28,EQUIP,HEAVY-1,500/500/500/500,TEXO,38,IOP T2 Exoskeleton,★★★,
2022-08-23 12:10:28,EQUIP,HEAVY-1,500/500/500/500,REDDOT,12,ITI MARS,★★★★★,
2022-08-23 12:10:28,EQUIP,HEAVY-1,500/500/500/500,NIGHTEQUIP,14,PEQ-5,★★★,
2022-08-23 12:10:28,EQUIP,HEAVY-1,500/500/500/500,HOLO,6,EOT 512,★★★,
2022-08-23 12:10:28,EQUIP,HEAVY-1,500/500/500/500,HOLO,7,EOT 516,★★★★,
2022-08-23 12:10:28,EQUIP,HEAVY-1,500/500/500/500,OPTICAL,3,PSO-1,★★★★,
2022-08-23 12:10:28,EQUIP,HEAVY-1,500/500/500/500,CLOAK,89,Urban Camouflage Cape,★★★★,
2022-08-23 12:10:28,EQUIP,HEAVY-1,500/500/500/500,ARMORPLATE,42,Type 1 Armor Plate,★★★,
2022-08-27 16:17:40,GUN,NORMAL,100/400/400/200,SMG,31,M38,★★,
2022-08-27 16:17:40,GUN,NORMAL,100/400/400/200,AR,133,Type63,★★,
2022-08-27 16:17:40,GUN,NORMAL,100/400/400/200,AR,61,StG44,★★★,
2022-08-27 16:17:40,GUN,NORMAL,100/400/400/200,AR,74,SIG-510,★★,
2022-08-27 16:17:44,GUN,NORMAL,100/400/400/200,AR,293,AK-15,★★★★★,
2022-08-27 16:17:44,GUN,NORMAL,100/400/400/200,SMG,92,Spectre M4,★★,
2022-08-27 16:17:44,GUN,NORMAL,100/400/400/200,AR,61,StG44,★★★,
2022-08-27 16:17:44,GUN,NORMAL,100/400/400/200,AR,66,Type56-1,★★★★,
2022-08-27 16:17:49,GUN,NORMAL,100/400/400/200,AR,71,Galil,★★,
2022-08-27 16:17:49,GUN,NORMAL,100/400/400/200,AR,262,EM-2,★★★★,
2022-08-27 16:17:49,GUN,NORMAL,100/400/400/200,AR,107,FF F2000,★★,
2022-08-27 16:17:49,GUN,NORMAL,100/400/400/200,AR,107,FF F2000,★★,
2022-08-27 16:17:53,GUN,NORMAL,100/400/400/200,AR,71,Galil,★★,
2022-08-27 16:17:53,GUN,NORMAL,100/400/400/200,AR,133,Type63,★★,
2022-08-27 16:17:53,GUN,NORMAL,100/400/400/200,SMG,31,M38,★★,
2022-08-27 16:17:55,GUN,NORMAL,100/400/400/200,AR,69,Fr FAMAS,★★★★,
2022-09-19 16:29:27,EQUIP,NORMAL,40/195/40/240,HV,30,JSP High-Velocity Ammo,★★★,
2022-09-19 16:29:27,EQUIP,NORMAL,40/195/40/240,AP,20,Mk211 High-Explosive Armor-Piercing Ammo,★★★★★,
2022-09-19 16:29:27,EQUIP,NORMAL,40/195/40/240,XEXO,55,IOP X1 Exoskeleton,★★,
2022-09-19 16:29:27,EQUIP,NORMAL,40/195/40/240,TEXO,38,IOP T2 Exoskeleton,★★★,
2022-09-19 16:29:27,EQUIP,NORMAL,40/195/40/240,SLUGSHELL,77,BK Slug,★★,
2022-09-19 16:29:28,EQUIP,NORMAL,40/195/40/240,AP,17,M61 Armor-Piercing Ammo,★★,
2022-09-19 16:29:28,EQUIP,NORMAL,40/195/40/240,XEXO,55,IOP X1 Exoskeleton,★★,
2022-09-19 16:29:28,EQUIP,NORMAL,40/195/40/240,XEXO,55,IOP X1 Exoskeleton,★★,
2022-09-19 16:29:41,EQUIP,NORMAL,40/195/40/240,HP,71,ILM Hollow-Point Ammo,★★★★,
2022-09-19 16:29:41,EQUIP,NORMAL,40/195/40/240,HV,31,JHP High-Velocity Ammo,★★★★,
2022-09-19 16:29:41,EQUIP,NORMAL,40/195/40/240,BUCKSHOT,74,#0 Buckshot,★★★,
2022-09-19 16:29:41,EQUIP,NORMAL,40/195/40/240,AMMOBOX,67,IOP High-Capacity Ammo Box,★★★★,
2022-09-19 16:29:41,EQUIP,NORMAL,40/195/40/240,SLUGSHELL,79,WAD Slug,★★★★,
2022-09-19 16:29:41,EQUIP,NORMAL,40/195/40/240,SLUGSHELL,77,BK Slug,★★,
2022-09-19 16:29:41,EQUIP,NORMAL,40/195/40/240,TEXO,38,IOP T2 Exoskeleton,★★★,
2022-09-19 16:29:41,EQUIP,NORMAL,40/195/40/240,HP,69,ILM Hollow-Point Ammo,★★,
2022-09-20 08:20:48,GUN,NORMAL,400/91/400/30,SMG,31,M38,★★,
2022-09-20 08:20:48,GUN,NORMAL,400/91/400/30,AR,69,Fr FAMAS,★★★★,
2022-09-20 08:20:48,GUN,NORMAL,400/91/400/30,RF,34,M1 Garand,★★★,
2022-09-20 08:20:48,GUN,NORMAL,400/91/400/30,RF,34,M1 Garand,★★★,
2022-09-20 08:21:01,EQUIP,SPECIAL_OFFER,120/600/120/520,SLUGSHELL,77,BK Slug,★★,
2022-09-20 08:21:01,EQUIP,SPECIAL_OFFER,120/600/120/520,BUCKSHOT,73,#1 Buckshot,★★,
2022-09-20 08:21:01,EQUIP,SPECIAL_OFFER,120/600/120/520,BUCKSHOT,74,#0 Buckshot,★★★,
2022-09-20 08:21:01,EQUIP,SPECIAL_OFFER,120/600/120/520,SLUGSHELL,78,FST Slug,★★★,
2022-09-20 21:47:22,GUN,HEAVY-1,8000/1000/8000/4000,SG,158,KS-23,★★★,
2022-10-05 14:42:23,GUN,HEAVY-1,8000/1000/8000/4000,SMG,32,Micro Uzi,★★★,
2022-10-05 14:42:25,GUN,HEAVY-1,8000/1000/8000/4000,SG,353,MAG-7,★★★★,
2022-10-05 14:42:26,GUN,HEAVY-1,8000/1000/8000/4000,AR,330,FX-05,★★★★,
2022-10-05 14:42:28,GUN,HEAVY-1,8000/1000/8000/4000,RF,117,Gr PSG-1,★★★★,
2022-10-05 15:07:39,GUN,NORMAL,400/91/400/30,SMG,25,MP40,★★,
2022-10-05 15:07:39,GUN,NORMAL,400/91/400/30,SMG,92,Spectre M4,★★,
2022-10-05 15:07:39,GUN,NORMAL,400/91/400/30,AR,66,Type56-1,★★★★,
2022-10-05 15:07:39,GUN,NORMAL,400/91/400/30,SMG,32,Micro Uzi,★★★,
2022-10-05 15:07:47,EQUIP,SPECIAL_OFFER,120/600/120/520,SLUGSHELL,77,BK Slug,★★,
2022-10-05 15:07:47,EQUIP,SPECIAL_OFFER,120/600/120/520,SLUGSHELL,77,BK Slug,★★,
2022-10-05 15:07:47,EQUIP,SPECIAL_OFFER,120/600/120/520,SLUGSHELL,77,BK Slug,★★,
2022-10-05 15:07:47,EQUIP,SPECIAL_OFFER,120/600/120/520,BUCKSHOT,73,#1 Buckshot,★★,
2022-10-07 16:04:29,GUN,HEAVY-1,8000/1000/8000/4000,RF,337,De Lisle,★★★★★,
2022-10-07 16:04:31,GUN,HEAVY-1,8000/1000/8000/4000,SG,162,SPAS-12,★★★★,
2022-10-11 08:37:53,GUN,NORMAL,400/91/400/30,SMG,21,PPSh-41,★★,
2022-10-11 08:37:53,GUN,NORMAL,400/91/400/30,RF,41,SKS,★★,
2022-10-11 08:37:53,GUN,NORMAL,400/91/400/30,AR,63,Gr G3,★★,
2022-10-11 08:37:53,GUN,NORMAL,400/91/400/30,RF,34,M1 Garand,★★★,
2022-10-11 08:38:00,EQUIP,SPECIAL_OFFER,120/600/120/520,SLUGSHELL,79,WAD Slug,★★★★,
2022-10-11 08:38:00,EQUIP,SPECIAL_OFFER,120/600/120/520,SLUGSHELL,77,BK Slug,★★,
2022-10-11 08:38:00,EQUIP,SPECIAL_OFFER,120/600/120/520,BUCKSHOT,73,#1 Buckshot,★★,
2022-10-11 08:38:00,EQUIP,SPECIAL_OFFER,120/600/120/520,BUCKSHOT,75,#00 Buckshot,★★★★,
2022-10-27 09:45:43,EQUIP,NORMAL,50/250/150/150,SLAP,229,Mk1000 SLAP,★★★★★,
2022-10-27 09:55:03,EQUIP,NORMAL,50/250/150/150,HV,29,FMJ High-Velocity Ammo,★★,
2022-10-27 09:55:54,EQUIP,NORMAL,50/250/150/150,CHIP,233,#1 Processor,★★★★,
2022-10-27 09:57:52,EQUIP,NORMAL,50/250/150/150,HP,70,ILM Hollow-Point Ammo,★★★,
2022-10-27 10:09:26,EQUIP,NORMAL,50/250/150/150,SUPPRESSOR,64,AC2 Suppressor,★★★,
2022-10-27 10:09:26,EQUIP,NORMAL,50/250/150/150,SLUGSHELL,78,FST Slug,★★★,
2022-10-27 10:09:26,EQUIP,NORMAL,50/250/150/150,SUPPRESSOR,63,AC1 Suppressor,★★,
2022-10-27 10:09:34,EQUIP,NORMAL,50/250/150/150,HV,29,FMJ High-Velocity Ammo,★★,
2022-10-27 10:09:34,EQUIP,NORMAL,50/250/150/150,HV,29,FMJ High-Velocity Ammo,★★,
2022-10-27 10:09:34,EQUIP,NORMAL,50/250/150/150,CHIP,232,Experimental Processor,★★★,
2022-10-27 10:09:34,EQUIP,NORMAL,50/250/150/150,HV,30,JSP High-Velocity Ammo,★★★,
2022-10-27 10:09:34,EQUIP,NORMAL,50/250/150/150,CLOAK,88,Camouflage Cape,★★★,
2022-10-27 10:09:34,EQUIP,NORMAL,50/250/150/150,SLAP,228,Mk900 SLAP,★★★★,
2022-10-27 10:09:39,EQUIP,NORMAL,50/250/150/150,RMR,222,RMR Red Dot Sight,★★★,
2022-10-27 10:09:39,EQUIP,NORMAL,50/250/150/150,ARMORPLATE,42,Type 1 Armor Plate,★★★,
2022-10-27 10:09:51,EQUIP,NORMAL,50/250/150/150,CLOAK,87,Ragged Cape,★★,
2022-10-27 10:09:51,EQUIP,NORMAL,50/250/150/150,ARMORPLATE,44,Type 3 Armor Plate,★★★★★,
2022-10-27 10:09:51,EQUIP,NORMAL,50/250/150/150,XEXO,55,IOP X1 Exoskeleton,★★,
2022-10-27 10:09:51,EQUIP,NORMAL,50/250/150/150,AMMOBOX,68,IOP Maximum Ammo Box,★★★★★,
2022-10-27 10:09:51,EQUIP,NORMAL,50/250/150/150,HV,29,FMJ High-Velocity Ammo,★★,
2022-10-27 10:09:51,EQUIP,NORMAL,50/250/150/150,RMR,223,RMR T2 Red Dot Sight,★★★★,
2022-10-27 10:09:51,EQUIP,NORMAL,50/250/150/150,NIGHTEQUIP,16,PEQ-16A,★★★★★,
2022-10-27 10:09:51,EQUIP,NORMAL,50/250/150/150,AP,17,M61 Armor-Piercing Ammo,★★,
2022-10-27 10:09:58,EQUIP,NORMAL,50/250/150/150,NIGHTEQUIP,14,PEQ-5,★★★,
2022-10-27 10:09:58,EQUIP,NORMAL,50/250/150/150,NIGHTEQUIP,13,PEQ-2,★★,
2022-10-27 10:09:58,EQUIP,NORMAL,50/250/150/150,HV,32,APCR High-Velocity Ammo,★★★★★,
2022-10-27 10:09:58,EQUIP,NORMAL,50/250/150/150,HV,30,JSP High-Velocity Ammo,★★★,
2022-10-27 10:09:58,EQUIP,NORMAL,50/250/150/150,AP,19,Mk169 Armor-Piercing Ammo,★★★★,
2022-10-27 10:09:58,EQUIP,NORMAL,50/250/150/150,TEXO,38,IOP T2 Exoskeleton,★★★,
2022-10-27 10:09:58,EQUIP,NORMAL,50/250/150/150,HV,30,JSP High-Velocity Ammo,★★★,
2022-10-27 10:09:58,EQUIP,NORMAL,50/250/150/150,SLUGSHELL,79,WAD Slug,★★★★,
2022-10-27 10:10:11,EQUIP,NORMAL,50/250/150/150,SLUGSHELL,77,BK Slug,★★,
2022-10-27 10:10:11,EQUIP,NORMAL,50/250/150/150,HV,31,JHP High-Velocity Ammo,★★★★,
2022-10-27 10:10:11,EQUIP,NORMAL,50/250/150/150,XEXO,56,IOP X2 Exoskeleton,★★★,
2022-10-27 10:10:11,EQUIP,NORMAL,50/250/150/150,SUPPRESSOR,64,AC2 Suppressor,★★★,
2022-10-27 10:10:11,EQUIP,NORMAL,50/250/150/150,SUPPRESSOR,66,AC4 Suppressor,★★★★★,
2022-10-27 10:10:11,EQUIP,NORMAL,50/250/150/150,HP,69,ILM Hollow-Point Ammo,★★,
2022-10-27 10:10:11,EQUIP,NORMAL,50/250/150/150,AP,17,M61 Armor-Piercing Ammo,★★,
2022-10-27 10:10:11,EQUIP,NORMAL,50/250/150/150,SLAP,228,Mk900 SLAP,★★★★,
2022-10-27 10:10:18,EQUIP,NORMAL,50/250/150/150,SLUGSHELL,77,BK Slug,★★,
2022-10-27 10:10:18,EQUIP,NORMAL,50/250/150/150,M1022AP,226,M33 Sniper Rounds,★★★★,
2022-10-27 10:10:18,EQUIP,NORMAL,50/250/150/150,HV,30,JSP High-Velocity Ammo,★★★,
2022-10-27 10:10:18,EQUIP,NORMAL,50/250/150/150,SUPPRESSOR,65,AC3 Suppressor,★★★★,
2022-10-27 10:10:18,EQUIP,NORMAL,50/250/150/150,SUPPRESSOR,64,AC2 Suppressor,★★★,
2022-10-27 10:10:18,EQUIP,NORMAL,50/250/150/150,XEXO,55,IOP X1 Exoskeleton,★★,
2022-10-27 10:10:18,EQUIP,NORMAL,50/250/150/150,M1022AP,227,M1022 Sniper Rounds,★★★★★,
2022-10-27 10:10:18,EQUIP,NORMAL,50/250/150/150,HV,29,FMJ High-Velocity Ammo,★★,
2022-10-27 10:10:32,EQUIP,NORMAL,50/250/150/150,SUPPRESSOR,65,AC3 Suppressor,★★★★,
2022-10-27 10:10:32,EQUIP,NORMAL,50/250/150/150,M1022AP,226,M33 Sniper Rounds,★★★★,
2022-10-27 10:10:32,EQUIP,NORMAL,50/250/150/150,RMR,223,RMR T2 Red Dot Sight,★★★★,
2022-10-27 10:10:32,EQUIP,NORMAL,50/250/150/150,CHIP,233,#1 Processor,★★★★,
2022-10-27 10:10:32,EQUIP,NORMAL,50/250/150/150,ARMORPLATE,43,Type 2 Armor Plate,★★★★,
2022-10-27 10:10:32,EQUIP,NORMAL,50/250/150/150,AP,17,M61 Armor-Piercing Ammo,★★,
2022-10-27 10:10:32,EQUIP,NORMAL,50/250/150/150,NIGHTEQUIP,13,PEQ-2,★★,
2022-10-27 10:10:32,EQUIP,NORMAL,50/250/150/150,CHIP,233,#1 Processor,★★★★,
2022-10-28 13:32:30,EQUIP,NORMAL,40/195/40/240,CLOAK,89,Urban Camouflage Cape,★★★★,
2022-10-28 13:32:30,EQUIP,NORMAL,40/195/40/240,M1022AP,226,M33 Sniper Rounds,★★★★,
2022-10-28 13:32:30,EQUIP,NORMAL,40/195/40/240,BUCKSHOT,73,#1 Buckshot,★★,
2022-10-28 13:32:30,EQUIP,NORMAL,40/195/40/240,BUCKSHOT,74,#0 Buckshot,★★★,
2022-10-28 13:32:30,EQUIP,NORMAL,40/195/40/240,HP,70,ILM Hollow-Point Ammo,★★★,
2022-10-28 13:32:30,EQUIP,NORMAL,40/195/40/240,SLUGSHELL,77,BK Slug,★★,
2022-10-28 13:32:30,EQUIP,NORMAL,40/195/40/240,HV,30,JSP High-Velocity Ammo,★★★,
2022-10-28 13:32:30,EQUIP,NORMAL,40/195/40/240,SLAP,228,Mk900 SLAP,★★★★,
2022-10-28 13:34:13,GUN,NORMAL,30/30/30/30,HG,2,M1911,★★,
2022-10-28 13:34:13,GUN,NORMAL,30/30/30/30,HG,91,MP-446,★★,
2022-10-28 13:34:13,GUN,NORMAL,30/30/30/30,HG,5,M1895,★★,
2022-10-28 13:34:13,GUN,NORMAL,30/30/30/30,HG,5,M1895,★★,
2022-10-29 15:09:53,GUN,NORMAL,30/30/30/30,HG,91,MP-446,★★,
2022-10-29 15:09:53,GUN,NORMAL,30/30/30/30,HG,91,MP-446,★★,
2022-10-29 15:09:54,GUN,NORMAL,30/30/30/30,HG,1,SAA,★★★★,
2022-10-29 15:09:54,GUN,NORMAL,30/30/30/30,HG,90,FF FNP9,★★,
2022-10-29 15:10:08,EQUIP,NORMAL,10/10/10/10,SUPPRESSOR,63,AC1 Suppressor,★★,
2022-10-29 15:10:08,EQUIP,NORMAL,10/10/10/10,NIGHTEQUIP,14,PEQ-5,★★★,
2022-10-29 15:10:08,EQUIP,NORMAL,10/10/10/10,SUPPRESSOR,63,AC1 Suppressor,★★,
2022-10-29 15:10:08,EQUIP,NORMAL,10/10/10/10,CLOAK,87,Ragged Cape,★★,
2022-10-29 16:31:00,GUN,HEAVY-1,8000/1000/8000/4000,SG,157,Am KSG,★★★★★,
2022-11-05 10:52:58,GUN,HEAVY-1,8000/1000/8000/4000,SG,155,M590,★★★★,
2022-11-06 10:54:09,GUN,NORMAL,30/30/30/30,HG,90,FF FNP9,★★,
2022-11-06 10:54:09,GUN,NORMAL,30/30/30/30,SMG,26,Gr MP5,★★★★,
2022-11-06 10:54:09,GUN,NORMAL,30/30/30/30,HG,139,Bren Ten,★★,
2022-11-06 10:54:09,GUN,NORMAL,30/30/30/30,HG,5,M1895,★★,
2022-11-06 10:59:25,EQUIP,NORMAL,40/195/40/240,CLOAK,87,Ragged Cape,★★,
2022-11-06 10:59:25,EQUIP,NORMAL,40/195/40/240,SUPPRESSOR,63,AC1 Suppressor,★★,
2022-11-06 10:59:25,EQUIP,NORMAL,40/195/40/240,AMMOBOX,67,IOP High-Capacity Ammo Box,★★★★,
2022-11-06 10:59:25,EQUIP,NORMAL,40/195/40/240,AP,17,M61 Armor-Piercing Ammo,★★,
2022-11-09 11:31:58,GUN,NORMAL,400/91/400/30,AR,70,FF FNC,★★★,
2022-11-09 11:31:58,GUN,NORMAL,400/91/400/30,RF,44,SV-98,★★★,
2022-11-09 11:31:58,GUN,NORMAL,400/91/400/30,RF,44,SV-98,★★★,
2022-11-09 11:31:58,GUN,NORMAL,400/91/400/30,RF,40,SVT-38,★★,
2022-11-09 11:32:07,EQUIP,SPECIAL_OFFER,120/600/120/520,SLUGSHELL,78,FST Slug,★★★,
2022-11-09 11:32:07,EQUIP,SPECIAL_OFFER,120/600/120/520,BUCKSHOT,73,#1 Buckshot,★★,
2022-11-09 11:32:07,EQUIP,SPECIAL_OFFER,120/600/120/520,SLUGSHELL,77,BK Slug,★★,
2022-11-09 11:32:07,EQUIP,SPECIAL_OFFER,120/600/120/520,SLUGSHELL,78,FST Slug,★★★,
2022-11-12 12:08:01,GUN,NORMAL,400/91/400/30,RF,41,SKS,★★,
2022-11-12 12:08:01,GUN,NORMAL,400/91/400/30,RF,51,FF FN49,★★,
2022-11-12 12:08:01,GUN,NORMAL,400/91/400/30,AR,68,L85A1,★★,
2022-11-12 12:08:01,GUN,NORMAL,400/91/400/30,SMG,92,Spectre M4,★★,
2022-11-12 12:08:10,EQUIP,NORMAL,210/210/50/110,SUPPRESSOR,63,AC1 Suppressor,★★,
2022-11-12 12:08:10,EQUIP,NORMAL,210/210/50/110,HP,70,ILM Hollow-Point Ammo,★★★,
2022-11-12 12:08:10,EQUIP,NORMAL,210/210/50/110,CLOAK,87,Ragged Cape,★★,
2022-11-12 12:08:10,EQUIP,NORMAL,210/210/50/110,CLOAK,87,Ragged Cape,★★,
2022-11-12 21:17:23,GUN,HEAVY-1,8000/1000/8000/4000,RF,128,M99,★★★★★,
2022-11-12 21:17:24,GUN,HEAVY-1,8000/1000/8000/4000,RF,44,SV-98,★★★,
2022-11-12 21:17:26,GUN,HEAVY-1,8000/1000/8000/4000,SMG,26,Gr MP5,★★★★,
2022-11-12 21:17:27,GUN,HEAVY-1,8000/1000/8000/4000,SG,190,NS2000,★★★,
2022-11-18 11:53:29,GUN,NORMAL,400/91/400/30,RF,44,SV-98,★★★,
2022-11-18 11:53:29,GUN,NORMAL,400/91/400/30,RF,37,M14,★★★,
2022-11-18 11:53:29,GUN,NORMAL,400/91/400/30,AR,71,Galil,★★,
2022-11-18 11:53:29,GUN,NORMAL,400/91/400/30,AR,63,Gr G3,★★,
2022-11-18 11:53:41,EQUIP,SPECIAL_OFFER,120/600/120/520,BUCKSHOT,74,#0 Buckshot,★★★,
2022-11-18 11:53:41,EQUIP,SPECIAL_OFFER,120/600/120/520,SLUGSHELL,79,WAD Slug,★★★★,
2022-11-18 11:53:41,EQUIP,SPECIAL_OFFER,120/600/120/520,BUCKSHOT,74,#0 Buckshot,★★★,
2022-11-18 11:53:41,EQUIP,SPECIAL_OFFER,120/600/120/520,SLUGSHELL,78,FST Slug,★★★,
2022-11-23 10:23:31,GUN,NORMAL,400/91/400/30,RF,44,SV-98,★★★,
2022-11-23 10:23:31,GUN,NORMAL,400/91/400/30,RF,47,G43,★★,
2022-11-23 10:23:31,GUN,NORMAL,400/91/400/30,RF,235,SPR A3G,★★★★,
2022-11-23 10:23:31,GUN,NORMAL,400/91/400/30,AR,71,Galil,★★,
2022-11-23 10:23:51,EQUIP,SPECIAL_OFFER,120/600/120/520,SLUGSHELL,77,BK Slug,★★,
2022-11-23 10:23:51,EQUIP,SPECIAL_OFFER,120/600/120/520,SLUGSHELL,80,SABOT Slug,★★★★★,
2022-11-23 10:23:51,EQUIP,SPECIAL_OFFER,120/600/120/520,SLUGSHELL,77,BK Slug,★★,
2022-11-23 10:23:51,EQUIP,SPECIAL_OFFER,120/600/120/520,BUCKSHOT,74,#0 Buckshot,★★★,
2022-12-16 14:01:51,EQUIP,HEAVY-1,500/500/500/500,FAIRY,16,Rescue Fairy,★,Fervor
2022-12-16 14:57:04,EQUIP,HEAVY-1,500/500/500/500,FAIRY,16,Rescue Fairy,★,Damage I
2022-12-16 14:59:06,EQUIP,SPECIAL_OFFER,280/40/600/120,NIGHTEQUIP,14,PEQ-5,★★★,
2022-12-16 14:59:06,EQUIP,SPECIAL_OFFER,280/40/600/120,NIGHTEQUIP,15,PEQ-15,★★★★,
2022-12-16 14:59:06,EQUIP,SPECIAL_OFFER,280/40/600/120,NIGHTEQUIP,15,PEQ-15,★★★★,
2022-12-16 14:59:06,EQUIP,SPECIAL_OFFER,280/40/600/120,NIGHTEQUIP,13,PEQ-2,★★,
2022-12-16 15:16:02,EQUIP,HEAVY-1,500/500/500/500,FAIRY,2,Fury Fairy,★,Keen
2022-12-18 20:04:33,EQUIP,HEAVY-1,500/500/500/500,FAIRY,17,Illumination Fairy,★,Armor I
2022-12-18 20:42:53,EQUIP,HEAVY-1,500/500/500/500,FAIRY,3,Armor Fairy,★,Assault
2022-12-24 20:07:22,EQUIP,HEAVY-1,500/500/500/500,FAIRY,24,Barrier Fairy,★,Accuracy I
2022-12-24 20:52:40,EQUIP,HEAVY-1,500/500/500/500,FAIRY,16,Rescue Fairy,★,Keen
2022-12-24 21:12:13,EQUIP,HEAVY-1,500/500/500/500,FAIRY,7,Sniper Fairy,★,Evasion I
2022-12-25 16:20:31,EQUIP,HEAVY-1,500/500/500/500,FAIRY,24,Barrier Fairy,★,Suppression
2022-12-25 16:32:43,EQUIP,HEAVY-1,500/500/500/500,FAIRY,4,Shield Fairy,★,Aim
2022-12-25 21:54:21,EQUIP,HEAVY-1,500/500/500/500,FAIRY,25,Twin Fairies,★,Sturdy
2022-12-25 22:02:38,EQUIP,HEAVY-1,500/500/500/500,FAIRY,15,Command Fairy,★,Suppression
2022-12-25 22:02:38,EQUIP,HEAVY-1,500/500/500/500,FAIRY,4,Shield Fairy,★,Assault
2022-12-26 14:06:38,EQUIP,HEAVY-1,500/500/500/500,FAIRY,25,Twin Fairies,★,Keen
2022-12-26 16:26:18,EQUIP,HEAVY-1,500/500/500/500,FAIRY,8,Artillery Fairy,★,Charge
2022-12-28 23:03:29,EQUIP,HEAVY-1,500/500/500/500,FAIRY,3,Armor Fairy,★,Damage I
2022-12-29 21:29:29,EQUIP,HEAVY-1,500/500/500/500,FAIRY,6,Taunt Fairy,★,Charge
2022-12-29 22:06:53,EQUIP,HEAVY-1,500/500/500/500,FAIRY,6,Taunt Fairy,★,Evasion II
2022-12-30 14:38:12,EQUIP,HEAVY-1,500/500/500/500,FAIRY,17,Illumination Fairy,★,Assault
2022-12-30 14:38:12,EQUIP,HEAVY-1,500/500/500/500,FAIRY,4,Shield Fairy,★,Armor II
2022-12-30 14:55:00,EQUIP,HEAVY-1,500/500/500/500,FAIRY,15,Command Fairy,★,Critical I
2022-12-30 15:00:08,EQUIP,HEAVY-1,500/500/500/500,FAIRY,6,Taunt Fairy,★,Suppression
2022-12-30 15:00:08,EQUIP,HEAVY-1,500/500/500/500,FAIRY,1,Warrior Fairy,★,Suppression
2022-12-30 15:00:08,EQUIP,HEAVY-1,500/500/500/500,FAIRY,9,Airstrike Fairy,★,Damage I
2022-12-30 22:08:15,EQUIP,HEAVY-1,500/500/500/500,FAIRY,4,Shield Fairy,★,Critical I
2022-12-31 16:00:39,EQUIP,HEAVY-1,500/500/500/500,FAIRY,4,Shield Fairy,★,Aim
2022-12-31 16:00:39,EQUIP,HEAVY-1,500/500/500/500,FAIRY,1,Warrior Fairy,★,Fervor
2022-12-31 23:47:00,EQUIP,HEAVY-1,500/500/500/500,FAIRY,9,Airstrike Fairy,★,Evasion I
2023-01-01 12:55:13,GUN,NORMAL,30/30/30/30,HG,90,FF FNP9,★★,
2023-01-01 12:55:13,GUN,NORMAL,30/30/30/30,HG,99,Gr Mk23,★★★★,
2023-01-01 12:55:13,GUN,NORMAL,30/30/30/30,HG,90,FF FNP9,★★,
2023-01-01 12:55:13,GUN,NORMAL,30/30/30/30,HG,9,P38,★★,
2023-01-01 12:55:21,GUN,NORMAL,30/30/30/30,HG,139,Bren Ten,★★,
2023-01-01 12:55:21,GUN,NORMAL,30/30/30/30,HG,1,SAA,★★★★,
2023-01-01 12:55:21,GUN,NORMAL,30/30/30/30,HG,14,Astra,★★★,
2023-01-01 12:55:21,GUN,NORMAL,30/30/30/30,HG,3,M9,★★★,
2023-01-01 12:55:26,GUN,NORMAL,30/30/30/30,HG,139,Bren Ten,★★,
2023-01-01 12:55:26,GUN,NORMAL,30/30/30/30,HG,6,Tokarev,★★★,
2023-01-01 12:55:26,GUN,NORMAL,30/30/30/30,HG,6,Tokarev,★★★,
2023-01-01 12:55:26,GUN,NORMAL,30/30/30/30,SMG,17,M3,★★,
2023-01-01 12:55:40,GUN,NORMAL,30/30/30/30,HG,9,P38,★★,
2023-01-01 12:55:40,GUN,NORMAL,30/30/30/30,HG,2,M1911,★★,
2023-01-01 12:55:40,GUN,NORMAL,30/30/30/30,HG,9,P38,★★,
2023-01-01 12:55:40,GUN,NORMAL,30/30/30/30,HG,2,M1911,★★,
2023-01-01 12:55:43,GUN,NORMAL,30/30/30/30,HG,10,PPK,★★,
2023-01-01 12:55:43,GUN,NORMAL,30/30/30/30,HG,1,SAA,★★★★,
2023-01-01 12:55:43,GUN,NORMAL,30/30/30/30,HG,5,M1895,★★,
2023-01-01 12:55:43,GUN,NORMAL,30/30/30/30,HG,141,Gr USPCompact,★★,
2023-01-01 12:55:47,GUN,NORMAL,30/30/30/30,HG,91,MP-446,★★,
2023-01-01 12:55:47,GUN,NORMAL,30/30/30/30,HG,1,SAA,★★★★,
2023-01-01 12:55:47,GUN,NORMAL,30/30/30/30,HG,99,Gr Mk23,★★★★,
2023-01-01 12:55:47,GUN,NORMAL,30/30/30/30,HG,91,MP-446,★★,
2023-01-01 12:55:55,GUN,NORMAL,30/30/30/30,HG,99,Gr Mk23,★★★★,
2023-01-01 12:55:55,GUN,NORMAL,30/30/30/30,HG,90,FF FNP9,★★,
2023-01-01 12:55:55,GUN,NORMAL,30/30/30/30,HG,9,P38,★★,
2023-01-01 12:55:55,GUN,NORMAL,30/30/30/30,HG,90,FF FNP9,★★,
2023-01-01 12:55:58,GUN,NORMAL,30/30/30/30,HG,2,M1911,★★,
2023-01-01 12:55:58,GUN,NORMAL,30/30/30/30,HG,10,PPK,★★,
2023-01-01 12:55:58,GUN,NORMAL,30/30/30/30,HG,11,P08,★★★,
2023-01-01 12:55:58,GUN,NORMAL,30/30/30/30,HG,14,Astra,★★★,
2023-01-01 12:56:01,GUN,NORMAL,30/30/30/30,HG,10,PPK,★★,
2023-01-01 12:56:01,GUN,NORMAL,30/30/30/30,HG,1,SAA,★★★★,
2023-01-01 12:56:01,GUN,NORMAL,30/30/30/30,HG,139,Bren Ten,★★,
2023-01-01 12:56:01,GUN,NORMAL,30/30/30/30,HG,14,Astra,★★★,
2023-01-01 12:56:11,GUN,NORMAL,30/30/30/30,HG,139,Bren Ten,★★,
2023-01-01 12:56:11,GUN,NORMAL,30/30/30/30,HG,10,PPK,★★,
2023-01-01 12:56:11,GUN,NORMAL,30/30/30/30,HG,2,M1911,★★,
2023-01-01 12:56:11,GUN,NORMAL,30/30/30/30,HG,2,M1911,★★,
2023-01-01 12:56:14,GUN,NORMAL,30/30/30/30,HG,141,Gr USPCompact,★★,
2023-01-01 12:56:14,GUN,NORMAL,30/30/30/30,HG,141,Gr USPCompact,★★,
2023-01-01 12:56:14,GUN,NORMAL,30/30/30/30,HG,139,Bren Ten,★★,
2023-01-01 12:56:14,GUN,NORMAL,30/30/30/30,SMG,25,MP40,★★,
2023-01-01 12:56:17,GUN,NORMAL,30/30/30/30,HG,96,Grizzly,★★★★★,
2023-01-01 12:56:17,GUN,NORMAL,30/30/30/30,HG,139,Bren Ten,★★,
2023-01-01 12:56:17,GUN,NORMAL,30/30/30/30,HG,14,Astra,★★★,
2023-01-01 12:56:17,GUN,NORMAL,30/30/30/30,HG,1,SAA,★★★★,
2023-01-01 12:56:27,GUN,NORMAL,30/30/30/30,HG,96,Grizzly,★★★★★,
2023-01-01 12:56:27,GUN,NORMAL,30/30/30/30,HG,9,P38,★★,
2023-01-01 12:56:27,GUN,NORMAL,30/30/30/30,HG,9,P38,★★,
2023-01-01 12:56:27,GUN,NORMAL,30/30/30/30,HG,9,P38,★★,
2023-01-01 12:56:30,GUN,NORMAL,30/30/30/30,HG,141,Gr USPCompact,★★,
2023-01-01 12:56:30,GUN,NORMAL,30/30/30/30,HG,96,Grizzly,★★★★★,
2023-01-01 12:56:30,GUN,NORMAL,30/30/30/30,HG,90,FF FNP9,★★,
2023-01-01 12:56:30,GUN,NORMAL,30/30/30/30,HG,99,Gr Mk23,★★★★,
2023-01-01 12:56:34,GUN,NORMAL,30/30/30/30,HG,99,Gr Mk23,★★★★,
2023-01-01 12:56:34,GUN,NORMAL,30/30/30/30,HG,8,Makarov,★★★,
2023-01-01 12:56:34,GUN,NORMAL,30/30/30/30,HG,90,FF FNP9,★★,
2023-01-01 12:56:34,GUN,NORMAL,30/30/30/30,HG,91,MP-446,★★,
2023-01-01 12:56:43,GUN,NORMAL,30/30/30/30,HG,10,PPK,★★,
2023-01-01 12:56:43,GUN,NORMAL,30/30/30/30,HG,91,MP-446,★★,
2023-01-01 12:56:43,GUN,NORMAL,30/30/30/30,HG,139,Bren Ten,★★,
2023-01-01 12:56:43,GUN,NORMAL,30/30/30/30,HG,99,Gr Mk23,★★★★,
2023-01-01 12:56:58,GUN,NORMAL,30/30/30/30,HG,8,Makarov,★★★,
2023-01-01 12:56:58,GUN,NORMAL,30/30/30/30,HG,90,FF FNP9,★★,
2023-01-01 12:56:58,GUN,NORMAL,30/30/30/30,HG,12,C96,★★★,
2023-01-01 12:56:58,GUN,NORMAL,30/30/30/30,HG,91,MP-446,★★,
2023-01-01 12:57:01,GUN,NORMAL,30/30/30/30,HG,14,Astra,★★★,
2023-01-01 12:57:01,GUN,NORMAL,30/30/30/30,HG,90,FF FNP9,★★,
2023-01-01 12:57:01,GUN,NORMAL,30/30/30/30,HG,5,M1895,★★,
2023-01-01 12:57:01,GUN,NORMAL,30/30/30/30,HG,9,P38,★★,
2023-01-01 12:57:12,GUN,NORMAL,30/30/30/30,HG,91,MP-446,★★,
2023-01-01 12:57:12,GUN,NORMAL,30/30/30/30,HG,6,Tokarev,★★★,
2023-01-01 12:57:12,GUN,NORMAL,30/30/30/30,HG,2,M1911,★★,
2023-01-01 12:57:12,GUN,NORMAL,30/30/30/30,HG,96,Grizzly,★★★★★,
2023-01-01 12:57:15,GUN,NORMAL,30/30/30/30,SMG,17,M3,★★,
2023-01-01 12:57:15,GUN,NORMAL,30/30/30/30,HG,1,SAA,★★★★,
2023-01-01 12:57:15,GUN,NORMAL,30/30/30/30,HG,8,Makarov,★★★,
2023-01-01 12:57:15,GUN,NORMAL,30/30/30/30,HG,6,Tokarev,★★★,
2023-01-01 12:57:18,GUN,NORMAL,30/30/30/30,HG,139,Bren Ten,★★,
2023-01-01 12:57:18,GUN,NORMAL,30/30/30/30,HG,139,Bren Ten,★★,
2023-01-01 12:57:18,GUN,NORMAL,30/30/30/30,HG,10,PPK,★★,
2023-01-01 12:57:18,GUN,NORMAL,30/30/30/30,HG,9,P38,★★,
2023-01-01 12:57:26,GUN,NORMAL,30/30/30/30,HG,2,M1911,★★,
2023-01-01 12:57:26,GUN,NORMAL,30/30/30/30,HG,91,MP-446,★★,
2023-01-01 12:57:26,GUN,NORMAL,30/30/30/30,HG,5,M1895,★★,
2023-01-01 12:57:26,GUN,NORMAL,30/30/30/30,HG,9,P38,★★,
2023-01-01 12:57:32,GUN,NORMAL,30/30/30/30,SMG,33,m45,★★,
2023-01-01 12:57:32,GUN,NORMAL,30/30/30/30,HG,11,P08,★★★,
2023-01-01 12:57:33,GUN,NORMAL,30/30/30/30,HG,5,M1895,★★,
2023-01-01 12:57:33,GUN,NORMAL,30/30/30/30,HG,90,FF FNP9,★★,
2023-01-01 12:57:38,GUN,NORMAL,30/30/30/30,SMG,94,Type64,★★,
2023-01-01 12:57:38,GUN,NORMAL,30/30/30/30,HG,141,Gr USPCompact,★★,
2023-01-01 12:57:38,GUN,NORMAL,30/30/30/30,HG,91,MP-446,★★,
2023-01-01 12:57:38,GUN,NORMAL,30/30/30/30,HG,141,Gr USPCompact,★★,
2023-01-01 12:57:53,GUN,NORMAL,30/30/30/30,HG,91,MP-446,★★,
2023-01-01 12:57:53,GUN,NORMAL,30/30/30/30,SMG,93,IDW,★★,
2023-01-01 12:57:53,GUN,NORMAL,30/30/30/30,HG,5,M1895,★★,
2023-01-01 12:57:53,GUN,NORMAL,30/30/30/30,HG,1,SAA,★★★★,
2023-01-01 12:57:58,GUN,NORMAL,30/30/30/30,HG,1,SAA,★★★★,
2023-01-01 12:57:58,GUN,NORMAL,30/30/30/30,HG,11,P08,★★★,
2023-01-01 12:57:58,GUN,NORMAL,30/30/30/30,HG,5,M1895,★★,
2023-01-01 12:57:58,GUN,NORMAL,30/30/30/30,HG,14,Astra,★★★,
2023-01-01 12:58:09,GUN,NORMAL,30/30/30/30,HG,90,FF FNP9,★★,
2023-01-01 12:58:09,GUN,NORMAL,30/30/30/30,HG,99,Gr Mk23,★★★★,
2023-01-01 12:58:09,GUN,NORMAL,30/30/30/30,HG,141,Gr USPCompact,★★,
2023-01-01 12:58:09,GUN,NORMAL,30/30/30/30,HG,233,Px4 Storm,★★★★★,
2023-01-01 12:58:22,GUN,NORMAL,30/30/30/30,SMG,93,IDW,★★,
2023-01-01 12:58:22,GUN,NORMAL,30/30/30/30,HG,10,PPK,★★,
2023-01-01 12:58:22,GUN,NORMAL,30/30/30/30,HG,2,M1911,★★,
2023-01-01 12:58:22,GUN,NORMAL,30/30/30/30,HG,10,PPK,★★,
2023-01-01 12:58:25,GUN,NORMAL,30/30/30/30,HG,99,Gr Mk23,★★★★,
2023-01-01 12:58:25,GUN,NORMAL,30/30/30/30,HG,139,Bren Ten,★★,
2023-01-01 12:58:25,GUN,NORMAL,30/30/30/30,HG,1,SAA,★★★★,
2023-01-01 12:58:25,GUN,NORMAL,30/30/30/30,HG,99,Gr Mk23,★★★★,
2023-01-01 12:58:28,GUN,NORMAL,30/30/30/30,HG,2,M1911,★★,
2023-01-01 12:58:28,GUN,NORMAL,30/30/30/30,HG,99,Gr Mk23,★★★★,
2023-01-01 12:58:28,GUN,NORMAL,30/30/30/30,HG,3,M9,★★★,
2023-01-01 12:58:28,GUN,NORMAL,30/30/30/30,HG,5,M1895,★★,
2023-01-01 12:58:37,GUN,NORMAL,30/30/30/30,HG,11,P08,★★★,
2023-01-01 12:58:37,GUN,NORMAL,30/30/30/30,HG,96,Grizzly,★★★★★,
2023-01-01 12:58:37,GUN,NORMAL,30/30/30/30,HG,91,MP-446,★★,
2023-01-01 12:58:37,GUN,NORMAL,30/30/30/30,HG,9,P38,★★,
2023-01-01 12:58:41,GUN,NORMAL,30/30/30/30,HG,2,M1911,★★,
2023-01-01 12:58:41,GUN,NORMAL,30/30/30/30,HG,1,SAA,★★★★,
2023-01-01 12:58:41,GUN,NORMAL,30/30/30/30,HG,10,PPK,★★,
2023-01-01 12:58:41,GUN,NORMAL,30/30/30/30,HG,3,M9,★★★,
2023-01-01 12:58:45,GUN,NORMAL,30/30/30/30,HG,141,Gr USPCompact,★★,
2023-01-01 12:58:45,GUN,NORMAL,30/30/30/30,HG,141,Gr USPCompact,★★,
2023-01-01 12:58:45,GUN,NORMAL,30/30/30/30,HG,91,MP-446,★★,
2023-01-01 12:58:45,GUN,NORMAL,30/30/30/30,HG,14,Astra,★★★,
2023-01-01 12:58:52,GUN,NORMAL,30/30/30/30,HG,3,M9,★★★,
2023-01-01 12:58:52,GUN,NORMAL,30/30/30/30,HG,2,M1911,★★,
2023-01-01 12:58:52,GUN,NORMAL,30/30/30/30,HG,139,Bren Ten,★★,
2023-01-01 12:58:52,GUN,NORMAL,30/30/30/30,HG,90,FF FNP9,★★,
2023-01-01 12:58:57,GUN,NORMAL,30/30/30/30,HG,141,Gr USPCompact,★★,
2023-01-01 12:58:57,GUN,NORMAL,30/30/30/30,HG,9,P38,★★,
2023-01-01 12:58:57,GUN,NORMAL,30/30/30/30,HG,9,P38,★★,
2023-01-01 12:58:57,GUN,NORMAL,30/30/30/30,HG,139,Bren Ten,★★,
2023-01-01 12:59:01,GUN,NORMAL,30/30/30/30,HG,141,Gr USPCompact,★★,
2023-01-01 12:59:01,GUN,NORMAL,30/30/30/30,HG,2,M1911,★★,
2023-01-01 12:59:01,GUN,NORMAL,30/30/30/30,HG,141,Gr USPCompact,★★,
2023-01-01 12:59:01,GUN,NORMAL,30/30/30/30,HG,2,M1911,★★,
2023-01-01 12:59:10,GUN,NORMAL,30/30/30/30,HG,9,P38,★★,
2023-01-01 12:59:10,GUN,NORMAL,30/30/30/30,HG,90,FF FNP9,★★,
2023-01-01 12:59:10,GUN,NORMAL,30/30/30/30,HG,99,Gr Mk23,★★★★,
2023-01-01 12:59:10,GUN,NORMAL,30/30/30/30,HG,141,Gr USPCompact,★★,
2023-01-01 12:59:14,GUN,NORMAL,30/30/30/30,HG,10,PPK,★★,
2023-01-01 12:59:14,GUN,NORMAL,30/30/30/30,HG,91,MP-446,★★,
2023-01-01 12:59:14,GUN,NORMAL,30/30/30/30,HG,90,FF FNP9,★★,
2023-01-01 12:59:14,GUN,NORMAL,30/30/30/30,HG,99,Gr Mk23,★★★★,
2023-01-01 12:59:18,GUN,NORMAL,30/30/30/30,HG,96,Grizzly,★★★★★,
2023-01-01 12:59:18,GUN,NORMAL,30/30/30/30,HG,141,Gr USPCompact,★★,
2023-01-01 12:59:18,GUN,NORMAL,30/30/30/30,HG,90,FF FNP9,★★,
2023-01-01 12:59:18,GUN,NORMAL,30/30/30/30,HG,5,M1895,★★,
2023-01-01 12:59:33,GUN,NORMAL,30/30/30/30,HG,9,P38,★★,
2023-01-01 12:59:33,GUN,NORMAL,30/30/30/30,HG,11,P08,★★★,
2023-01-01 12:59:33,GUN,NORMAL,30/30/30/30,HG,91,MP-446,★★,
2023-01-01 12:59:33,GUN,NORMAL,30/30/30/30,HG,5,M1895,★★,
2023-01-01 12:59:37,GUN,NORMAL,30/30/30/30,HG,90,FF FNP9,★★,
2023-01-01 12:59:37,GUN,NORMAL,30/30/30/30,HG,141,Gr USPCompact,★★,
2023-01-01 12:59:37,GUN,NORMAL,30/30/30/30,HG,139,Bren Ten,★★,
2023-01-01 12:59:37,GUN,NORMAL,30/30/30/30,HG,91,MP-446,★★,
2023-01-01 12:59:42,GUN,NORMAL,30/30/30/30,HG,10,PPK,★★,
2023-01-01 12:59:42,GUN,NORMAL,30/30/30/30,HG,90,FF FNP9,★★,
2023-01-01 12:59:42,GUN,NORMAL,30/30/30/30,HG,10,PPK,★★,
2023-01-01 12:59:42,GUN,NORMAL,30/30/30/30,HG,9,P38,★★,
2023-01-01 12:59:49,GUN,NORMAL,30/30/30/30,HG,2,M1911,★★,
2023-01-01 12:59:49,GUN,NORMAL,30/30/30/30,HG,8,Makarov,★★★,
2023-01-01 12:59:49,GUN,NORMAL,30/30/30/30,HG,9,P38,★★,
2023-01-01 12:59:49,GUN,NORMAL,30/30/30/30,HG,90,FF FNP9,★★,
2023-01-01 12:59:54,GUN,NORMAL,30/30/30/30,HG,14,Astra,★★★,
2023-01-01 12:59:54,GUN,NORMAL,30/30/30/30,HG,12,C96,★★★,
2023-01-01 12:59:54,GUN,NORMAL,30/30/30/30,HG,12,C96,★★★,
2023-01-01 12:59:54,GUN,NORMAL,30/30/30/30,HG,3,M9,★★★,
2023-01-01 12:59:57,GUN,NORMAL,30/30/30/30,HG,9,P38,★★,
2023-01-01 12:59:58,GUN,NORMAL,30/30/30/30,HG,91,MP-446,★★,
2023-01-01 12:59:58,GUN,NORMAL,30/30/30/30,HG,2,M1911,★★,
2023-01-01 12:59:58,GUN,NORMAL,30/30/30/30,HG,14,Astra,★★★,
2023-01-01 13:00:09,GUN,NORMAL,30/30/30/30,HG,3,M9,★★★,
2023-01-01 13:00:09,GUN,NORMAL,30/30/30/30,HG,9,P38,★★,
2023-01-01 13:00:09,GUN,NORMAL,30/30/30/30,HG,90,FF FNP9,★★,
2023-01-01 13:00:09,GUN,NORMAL,30/30/30/30,HG,10,PPK,★★,
2023-01-01 13:00:12,GUN,NORMAL,30/30/30/30,HG,90,FF FNP9,★★,
2023-01-01 13:09:00,EQUIP,NORMAL,30/150/30/130,SLUGSHELL,79,WAD Slug,★★★★,
2023-01-01 13:09:00,EQUIP,NORMAL,30/150/30/130,SLUGSHELL,77,BK Slug,★★,
2023-01-01 13:09:00,EQUIP,NORMAL,30/150/30/130,SLUGSHELL,77,BK Slug,★★,
2023-01-01 13:09:00,EQUIP,NORMAL,30/150/30/130,CHIP,232,Experimental Processor,★★★,
2023-01-01 13:49:22,GUN,NORMAL,30/30/30/30,HG,5,M1895,★★,
2023-01-01 13:49:22,GUN,NORMAL,30/30/30/30,HG,233,Px4 Storm,★★★★★,
2023-01-01 13:49:22,GUN,NORMAL,30/30/30/30,HG,9,P38,★★,
2023-01-01 13:49:22,GUN,NORMAL,30/30/30/30,HG,2,M1911,★★,
2023-01-01 13:49:26,GUN,NORMAL,30/30/30/30,HG,126,NZ75,★★★★★,
2023-01-01 13:49:26,GUN,NORMAL,30/30/30/30,HG,90,FF FNP9,★★,
2023-01-01 13:49:26,GUN,NORMAL,30/30/30/30,HG,13,Type92,★★★,
2023-01-01 13:49:26,GUN,NORMAL,30/30/30/30,HG,3,M9,★★★,
2023-01-01 13:49:28,GUN,NORMAL,30/30/30/30,HG,10,PPK,★★,
2023-01-01 13:49:28,GUN,NORMAL,30/30/30/30,HG,5,M1895,★★,
2023-01-01 13:49:28,GUN,NORMAL,30/30/30/30,HG,126,NZ75,★★★★★,
2023-01-01 13:49:28,GUN,NORMAL,30/30/30/30,HG,1,SAA,★★★★,
2023-01-01 13:49:35,GUN,NORMAL,30/30/30/30,HG,139,Bren Ten,★★,
2023-01-01 13:49:35,GUN,NORMAL,30/30/30/30,HG,12,C96,★★★,
2023-01-01 13:49:35,GUN,NORMAL,30/30/30/30,HG,139,Bren Ten,★★,
2023-01-01 13:49:35,GUN,NORMAL,30/30/30/30,HG,9,P38,★★,
2023-01-01 13:49:42,GUN,NORMAL,30/30/30/30,HG,99,Gr Mk23,★★★★,
2023-01-01 13:49:42,GUN,NORMAL,30/30/30/30,HG,96,Grizzly,★★★★★,
2023-01-01 13:49:42,GUN,NORMAL,30/30/30/30,SMG,94,Type64,★★,
2023-01-01 13:49:42,GUN,NORMAL,30/30/30/30,HG,10,PPK,★★,
2023-01-01 13:49:45,GUN,NORMAL,30/30/30/30,HG,9,P38,★★,
2023-01-01 13:49:45,GUN,NORMAL,30/30/30/30,HG,141,Gr USPCompact,★★,
2023-01-01 13:49:45,GUN,NORMAL,30/30/30/30,HG,90,FF FNP9,★★,
2023-01-01 13:49:45,GUN,NORMAL,30/30/30/30,HG,6,Tokarev,★★★,
2023-01-01 13:49:53,GUN,NORMAL,30/30/30/30,HG,10,PPK,★★,
2023-01-01 13:49:53,GUN,NORMAL,30/30/30/30,HG,2,M1911,★★,
2023-01-01 13:49:53,GUN,NORMAL,30/30/30/30,HG,141,Gr USPCompact,★★,
2023-01-01 13:49:53,GUN,NORMAL,30/30/30/30,HG,139,Bren Ten,★★,
2023-01-01 13:49:56,GUN,NORMAL,30/30/30/30,HG,11,P08,★★★,
2023-01-01 13:49:56,GUN,NORMAL,30/30/30/30,HG,9,P38,★★,
2023-01-01 13:49:56,GUN,NORMAL,30/30/30/30,HG,99,Gr Mk23,★★★★,
2023-01-01 13:49:56,GUN,NORMAL,30/30/30/30,HG,90,FF FNP9,★★,
2023-01-01 13:49:58,GUN,NORMAL,30/30/30/30,SMG,22,PPS-43,★★★,
2023-01-01 13:49:58,GUN,NORMAL,30/30/30/30,HG,12,C96,★★★,
2023-01-01 13:49:58,GUN,NORMAL,30/30/30/30,HG,2,M1911,★★,
2023-01-01 13:49:58,GUN,NORMAL,30/30/30/30,HG,5,M1895,★★,
2023-01-01 13:50:09,GUN,NORMAL,30/30/30/30,HG,12,C96,★★★,
2023-01-01 13:50:09,GUN,NORMAL,30/30/30/30,SMG,31,M38,★★,
2023-01-01 13:50:09,GUN,NORMAL,30/30/30/30,HG,141,Gr USPCompact,★★,
2023-01-01 13:50:09,GUN,NORMAL,30/30/30/30,HG,139,Bren Ten,★★,
2023-01-01 13:50:11,GUN,NORMAL,30/30/30/30,HG,141,Gr USPCompact,★★,
2023-01-01 13:50:11,GUN,NORMAL,30/30/30/30,HG,10,PPK,★★,
2023-01-01 13:50:11,GUN,NORMAL,30/30/30/30,HG,139,Bren Ten,★★,
2023-01-01 13:50:11,GUN,NORMAL,30/30/30/30,HG,90,FF FNP9,★★,
2023-01-01 13:50:14,GUN,NORMAL,30/30/30/30,HG,10,PPK,★★,
2023-01-01 13:50:14,GUN,NORMAL,30/30/30/30,HG,96,Grizzly,★★★★★,
2023-01-01 13:50:14,GUN,NORMAL,30/30/30/30,HG,90,FF FNP9,★★,
2023-01-01 13:50:14,GUN,NORMAL,30/30/30/30,HG,99,Gr Mk23,★★★★,
2023-01-01 13:50:31,GUN,NORMAL,30/30/30/30,HG,9,P38,★★,
2023-01-01 13:50:31,GUN,NORMAL,30/30/30/30,HG,90,FF FNP9,★★,
2023-01-01 13:50:31,GUN,NORMAL,30/30/30/30,HG,9,P38,★★,
2023-01-01 13:50:31,GUN,NORMAL,30/30/30/30,HG,99,Gr Mk23,★★★★,
2023-01-01 13:50:35,GUN,NORMAL,30/30/30/30,HG,90,FF FNP9,★★,
2023-01-01 13:50:35,GUN,NORMAL,30/30/30/30,HG,1,SAA,★★★★,
2023-01-01 13:50:35,GUN,NORMAL,30/30/30/30,HG,141,Gr USPCompact,★★,
2023-01-01 13:50:35,GUN,NORMAL,30/30/30/30,HG,90,FF FNP9,★★,
2023-01-01 13:50:37,GUN,NORMAL,30/30/30/30,HG,99,Gr Mk23,★★★★,
2023-01-01 13:50:37,GUN,NORMAL,30/30/30/30,HG,139,Bren Ten,★★,
2023-01-01 13:50:37,GUN,NORMAL,30/30/30/30,HG,9,P38,★★,
2023-01-01 13:50:37,GUN,NORMAL,30/30/30/30,HG,8,Makarov,★★★,
2023-01-01 13:50:46,GUN,NORMAL,30/30/30/30,HG,99,Gr Mk23,★★★★,
2023-01-01 13:50:46,GUN,NORMAL,30/30/30/30,HG,90,FF FNP9,★★,
2023-01-01 13:50:46,GUN,NORMAL,30/30/30/30,HG,99,Gr Mk23,★★★★,
2023-01-01 13:50:46,GUN,NORMAL,30/30/30/30,HG,126,NZ75,★★★★★,
2023-01-01 13:50:47,GUN,NORMAL,30/30/30/30,HG,90,FF FNP9,★★,
2023-01-01 13:50:47,GUN,NORMAL,30/30/30/30,HG,5,M1895,★★,
2023-01-01 13:50:47,GUN,NORMAL,30/30/30/30,HG,139,Bren Ten,★★,
2023-01-01 13:50:47,GUN,NORMAL,30/30/30/30,HG,90,FF FNP9,★★,
2023-01-01 13:50:50,GUN,NORMAL,30/30/30/30,HG,139,Bren Ten,★★,
2023-01-01 13:50:50,GUN,NORMAL,30/30/30/30,HG,10,PPK,★★,
2023-01-01 13:50:50,GUN,NORMAL,30/30/30/30,HG,139,Bren Ten,★★,
2023-01-01 13:50:50,GUN,NORMAL,30/30/30/30,HG,3,M9,★★★,
2023-01-01 13:50:57,GUN,NORMAL,30/30/30/30,HG,2,M1911,★★,
2023-01-01 13:50:57,GUN,NORMAL,30/30/30/30,HG,99,Gr Mk23,★★★★,
2023-01-01 13:50:57,GUN,NORMAL,30/30/30/30,HG,11,P08,★★★,
2023-01-01 13:50:57,GUN,NORMAL,30/30/30/30,HG,91,MP-446,★★,
2023-01-01 13:50:59,GUN,NORMAL,30/30/30/30,HG,11,P08,★★★,
2023-01-01 13:50:59,GUN,NORMAL,30/30/30/30,HG,2,M1911,★★,
2023-01-01 13:50:59,GUN,NORMAL,30/30/30/30,HG,5,M1895,★★,
2023-01-01 13:50:59,GUN,NORMAL,30/30/30/30,HG,11,P08,★★★,
2023-01-01 13:51:02,GUN,NORMAL,30/30/30/30,HG,2,M1911,★★,
2023-01-01 13:51:02,GUN,NORMAL,30/30/30/30,HG,139,Bren Ten,★★,
2023-01-01 13:51:02,GUN,NORMAL,30/30/30/30,HG,91,MP-446,★★,
2023-01-01 13:51:02,GUN,NORMAL,30/30/30/30,HG,90,FF FNP9,★★,
2023-01-01 13:51:15,GUN,NORMAL,30/30/30/30,HG,6,Tokarev,★★★,
2023-01-01 13:51:15,GUN,NORMAL,30/30/30/30,HG,126,NZ75,★★★★★,
2023-01-01 13:51:15,GUN,NORMAL,30/30/30/30,HG,10,PPK,★★,
2023-01-01 13:51:15,GUN,NORMAL,30/30/30/30,HG,5,M1895,★★,
2023-01-01 13:51:17,GUN,NORMAL,30/30/30/30,HG,99,Gr Mk23,★★★★,
2023-01-01 13:51:17,GUN,NORMAL,30/30/30/30,HG,9,P38,★★,
2023-01-01 13:51:17,GUN,NORMAL,30/30/30/30,HG,2,M1911,★★,
2023-01-01 13:51:17,GUN,NORMAL,30/30/30/30,HG,2,M1911,★★,
2023-01-01 13:51:20,GUN,NORMAL,30/30/30/30,HG,9,P38,★★,
2023-01-01 13:51:20,GUN,NORMAL,30/30/30/30,HG,99,Gr Mk23,★★★★,
2023-01-01 13:51:20,GUN,NORMAL,30/30/30/30,HG,139,Bren Ten,★★,
2023-01-01 13:51:20,GUN,NORMAL,30/30/30/30,HG,91,MP-446,★★,
2023-01-01 13:51:26,GUN,NORMAL,30/30/30/30,HG,260,PA-15,★★★★★,
2023-01-01 13:51:26,GUN,NORMAL,30/30/30/30,HG,14,Astra,★★★,
2023-01-01 13:51:26,GUN,NORMAL,30/30/30/30,HG,1,SAA,★★★★,
2023-01-01 13:51:26,GUN,NORMAL,30/30/30/30,HG,5,M1895,★★,
2023-01-01 13:51:29,GUN,NORMAL,30/30/30/30,HG,96,Grizzly,★★★★★,
2023-01-01 13:51:29,GUN,NORMAL,30/30/30/30,HG,10,PPK,★★,
2023-01-01 13:51:29,GUN,NORMAL,30/30/30/30,HG,91,MP-446,★★,
2023-01-01 13:51:29,GUN,NORMAL,30/30/30/30,HG,91,MP-446,★★,
2023-01-01 13:51:31,GUN,NORMAL,30/30/30/30,HG,9,P38,★★,
2023-01-01 13:51:31,GUN,NORMAL,30/30/30/30,HG,139,Bren Ten,★★,
2023-01-01 13:51:31,GUN,NORMAL,30/30/30/30,HG,90,FF FNP9,★★,
2023-01-01 13:51:31,GUN,NORMAL,30/30/30/30,HG,10,PPK,★★,
2023-01-01 13:51:40,GUN,NORMAL,30/30/30/30,HG,11,P08,★★★,
2023-01-01 13:51:40,GUN,NORMAL,30/30/30/30,HG,9,P38,★★,
2023-01-01 13:51:40,GUN,NORMAL,30/30/30/30,HG,5,M1895,★★,
2023-01-01 13:51:40,GUN,NORMAL,30/30/30/30,HG,3,M9,★★★,
2023-01-01 13:51:42,GUN,NORMAL,30/30/30/30,HG,99,Gr Mk23,★★★★,
2023-01-01 13:51:42,GUN,NORMAL,30/30/30/30,HG,5,M1895,★★,
2023-01-01 13:51:42,GUN,NORMAL,30/30/30/30,HG,5,M1895,★★,
2023-01-01 13:51:42,GUN,NORMAL,30/30/30/30,HG,96,Grizzly,★★★★★,
2023-01-01 13:51:44,GUN,NORMAL,30/30/30/30,HG,8,Makarov,★★★,
2023-01-01 13:51:44,GUN,NORMAL,30/30/30/30,HG,10,PPK,★★,
2023-01-01 13:51:44,GUN,NORMAL,30/30/30/30,HG,90,FF FNP9,★★,
2023-01-01 13:51:44,GUN,NORMAL,30/30/30/30,HG,90,FF FNP9,★★,
2023-01-01 14:02:31,EQUIP,HEAVY-1,500/500/500/500,FAIRY,15,Command Fairy,★,Accuracy I
2023-01-01 14:02:31,EQUIP,HEAVY-1,500/500/500/500,FAIRY,4,Shield Fairy,★,Armor I
2023-01-01 15:22:08,EQUIP,HEAVY-1,500/500/500/500,FAIRY,1,Warrior Fairy,★,Assault
2023-01-01 15:24:46,GUN,NORMAL,30/30/30/30,HG,1,SAA,★★★★,
2023-01-01 15:24:58,GUN,NORMAL,30/30/30/30,HG,90,FF FNP9,★★,
2023-01-01 15:24:58,GUN,NORMAL,30/30/30/30,HG,141,Gr USPCompact,★★,
2023-01-01 15:24:58,GUN,NORMAL,30/30/30/30,HG,91,MP-446,★★,
2023-01-01 15:24:58,GUN,NORMAL,30/30/30/30,HG,99,Gr Mk23,★★★★,
2023-01-01 15:25:02,GUN,NORMAL,30/30/30/30,HG,99,Gr Mk23,★★★★,
2023-01-01 15:25:02,GUN,NORMAL,30/30/30/30,HG,1,SAA,★★★★,
2023-01-01 15:25:02,GUN,NORMAL,30/30/30/30,HG,96,Grizzly,★★★★★,
2023-01-01 15:25:02,GUN,NORMAL,30/30/30/30,HG,141,Gr USPCompact,★★,
2023-01-01 15:25:10,GUN,NORMAL,30/30/30/30,HG,141,Gr USPCompact,★★,
2023-01-01 15:25:10,GUN,NORMAL,30/30/30/30,HG,10,PPK,★★,
2023-01-01 15:25:10,GUN,NORMAL,30/30/30/30,HG,90,FF FNP9,★★,
2023-01-01 15:25:10,GUN,NORMAL,30/30/30/30,HG,2,M1911,★★,
2023-01-01 15:25:14,GUN,NORMAL,30/30/30/30,HG,1,SAA,★★★★,
2023-01-01 15:25:14,GUN,NORMAL,30/30/30/30,HG,99,Gr Mk23,★★★★,
2023-01-01 15:25:14,GUN,NORMAL,30/30/30/30,HG,2,M1911,★★,
2023-01-01 15:25:14,GUN,NORMAL,30/30/30/30,HG,14,Astra,★★★,
2023-01-01 15:25:16,GUN,NORMAL,30/30/30/30,HG,139,Bren Ten,★★,
2023-01-01 15:25:16,GUN,NORMAL,30/30/30/30,HG,9,P38,★★,
2023-01-01 15:25:16,GUN,NORMAL,30/30/30/30,HG,90,FF FNP9,★★,
2023-01-01 15:25:17,GUN,NORMAL,30/30/30/30,HG,5,M1895,★★,
2023-01-01 15:25:24,GUN,NORMAL,30/30/30/30,HG,141,Gr USPCompact,★★,
2023-01-01 15:25:24,GUN,NORMAL,30/30/30/30,HG,12,C96,★★★,
2023-01-01 15:25:24,GUN,NORMAL,30/30/30/30,HG,90,FF FNP9,★★,
2023-01-01 15:25:24,GUN,NORMAL,30/30/30/30,HG,1,SAA,★★★★,
2023-01-01 15:25:28,GUN,NORMAL,30/30/30/30,HG,10,PPK,★★,
2023-01-01 15:25:28,GUN,NORMAL,30/30/30/30,HG,90,FF FNP9,★★,
2023-01-01 15:25:28,GUN,NORMAL,30/30/30/30,HG,141,Gr USPCompact,★★,
2023-01-01 15:25:28,GUN,NORMAL,30/30/30/30,HG,3,M9,★★★,
2023-01-01 15:25:31,GUN,NORMAL,30/30/30/30,HG,90,FF FNP9,★★,
2023-01-01 15:25:31,GUN,NORMAL,30/30/30/30,HG,141,Gr USPCompact,★★,
2023-01-01 15:25:31,GUN,NORMAL,30/30/30/30,HG,141,Gr USPCompact,★★,
2023-01-01 15:25:31,GUN,NORMAL,30/30/30/30,HG,139,Bren Ten,★★,
2023-01-01 15:25:40,GUN,NORMAL,30/30/30/30,HG,10,PPK,★★,
2023-01-01 15:25:40,GUN,NORMAL,30/30/30/30,HG,5,M1895,★★,
2023-01-01 15:25:40,GUN,NORMAL,30/30/30/30,HG,12,C96,★★★,
2023-01-01 15:25:40,GUN,NORMAL,30/30/30/30,HG,3,M9,★★★,
2023-01-01 15:25:43,GUN,NORMAL,30/30/30/30,HG,8,Makarov,★★★,
2023-01-01 15:25:43,GUN,NORMAL,30/30/30/30,HG,99,Gr Mk23,★★★★,
2023-01-01 15:25:43,GUN,NORMAL,30/30/30/30,HG,6,Tokarev,★★★,
2023-01-01 15:25:43,GUN,NORMAL,30/30/30/30,SMG,17,M3,★★,
2023-01-01 15:25:47,GUN,NORMAL,30/30/30/30,HG,2,M1911,★★,
2023-01-01 15:25:47,GUN,NORMAL,30/30/30/30,HG,10,PPK,★★,
2023-01-01 15:25:47,GUN,NORMAL,30/30/30/30,HG,1,SAA,★★★★,
2023-01-01 15:25:47,GUN,NORMAL,30/30/30/30,HG,14,Astra,★★★,
2023-01-01 15:25:56,GUN,NORMAL,30/30/30/30,HG,10,PPK,★★,
2023-01-01 15:25:56,GUN,NORMAL,30/30/30/30,HG,91,MP-446,★★,
2023-01-01 15:25:56,GUN,NORMAL,30/30/30/30,HG,96,Grizzly,★★★★★,
2023-01-01 15:25:57,GUN,NORMAL,30/30/30/30,HG,90,FF FNP9,★★,
2023-01-01 15:26:00,GUN,NORMAL,30/30/30/30,HG,1,SAA,★★★★,
2023-01-01 15:26:00,GUN,NORMAL,30/30/30/30,HG,14,Astra,★★★,
2023-01-01 15:26:00,GUN,NORMAL,30/30/30/30,HG,99,Gr Mk23,★★★★,
2023-01-01 15:26:00,GUN,NORMAL,30/30/30/30,HG,139,Bren Ten,★★,
2023-01-01 15:26:04,GUN,NORMAL,30/30/30/30,HG,91,MP-446,★★,
2023-01-01 15:26:04,GUN,NORMAL,30/30/30/30,HG,91,MP-446,★★,
2023-01-01 15:26:04,GUN,NORMAL,30/30/30/30,HG,9,P38,★★,
2023-01-01 15:26:04,GUN,NORMAL,30/30/30/30,HG,9,P38,★★,
2023-01-01 15:26:14,GUN,NORMAL,30/30/30/30,HG,91,MP-446,★★,
2023-01-01 15:26:14,GUN,NORMAL,30/30/30/30,HG,99,Gr Mk23,★★★★,
2023-01-01 15:26:14,GUN,NORMAL,30/30/30/30,HG,10,PPK,★★,
2023-01-01 15:26:14,GUN,NORMAL,30/30/30/30,HG,11,P08,★★★,
2023-01-01 15:26:18,GUN,NORMAL,30/30/30/30,HG,90,FF FNP9,★★,
2023-01-01 15:26:18,GUN,NORMAL,30/30/30/30,HG,11,P08,★★★,
2023-01-01 15:26:18,GUN,NORMAL,30/30/30/30,HG,10,PPK,★★,
2023-01-01 15:26:18,GUN,NORMAL,30/30/30/30,HG,11,P08,★★★,
2023-01-01 15:26:21,GUN,NORMAL,30/30/30/30,HG,139,Bren Ten,★★,
2023-01-01 15:26:21,GUN,NORMAL,30/30/30/30,HG,96,Grizzly,★★★★★,
2023-01-01 15:26:21,GUN,NORMAL,30/30/30/30,HG,90,FF FNP9,★★,
2023-01-01 15:26:21,GUN,NORMAL,30/30/30/30,HG,91,MP-446,★★,
2023-01-01 15:26:29,GUN,NORMAL,30/30/30/30,HG,10,PPK,★★,
2023-01-01 15:26:29,GUN,NORMAL,30/30/30/30,HG,9,P38,★★,
2023-01-01 15:26:29,GUN,NORMAL,30/30/30/30,HG,139,Bren Ten,★★,
2023-01-01 15:26:30,GUN,NORMAL,30/30/30/30,HG,90,FF FNP9,★★,
2023-01-01 15:26:33,GUN,NORMAL,30/30/30/30,HG,96,Grizzly,★★★★★,
2023-01-01 15:26:33,GUN,NORMAL,30/30/30/30,HG,11,P08,★★★,
2023-01-01 15:26:33,GUN,NORMAL,30/30/30/30,HG,91,MP-446,★★,
2023-01-01 15:26:33,GUN,NORMAL,30/30/30/30,HG,99,Gr Mk23,★★★★,
2023-01-01 15:26:40,GUN,NORMAL,30/30/30/30,HG,139,Bren Ten,★★,
2023-01-01 15:26:40,GUN,NORMAL,30/30/30/30,HG,9,P38,★★,
2023-01-01 15:26:40,GUN,NORMAL,30/30/30/30,HG,1,SAA,★★★★,
2023-01-01 15:26:40,GUN,NORMAL,30/30/30/30,HG,139,Bren Ten,★★,
2023-01-01 16:12:48,EQUIP,HEAVY-1,500/500/500/500,FAIRY,16,Rescue Fairy,★,Armor I
2023-01-01 16:44:57,GUN,NORMAL,30/30/30/30,HG,141,Gr USPCompact,★★,
2023-01-01 16:44:57,GUN,NORMAL,30/30/30/30,HG,141,Gr USPCompact,★★,
2023-01-01 16:44:57,GUN,NORMAL,30/30/30/30,HG,5,M1895,★★,
2023-01-01 16:44:57,GUN,NORMAL,30/30/30/30,HG,10,PPK,★★,
2023-01-01 20:18:55,GUN,NORMAL,30/30/30/30,HG,3,M9,★★★,
2023-01-01 20:20:10,GUN,NORMAL,30/30/30/30,HG,141,Gr USPCompact,★★,
2023-01-01 20:20:10,GUN,NORMAL,30/30/30/30,HG,139,Bren Ten,★★,
2023-01-01 20:25:52,EQUIP,HEAVY-1,500/500/500/500,FAIRY,1,Warrior Fairy,★,Keen
2023-01-01 20:27:49,GUN,NORMAL,30/30/30/30,HG,91,MP-446,★★,
2023-01-02 11:22:54,GUN,NORMAL,30/30/30/30,HG,8,Makarov,★★★,
2023-01-02 11:22:56,GUN,NORMAL,30/30/30/30,HG,12,C96,★★★,
2023-01-02 11:23:03,EQUIP,HEAVY-1,500/500/500/500,FAIRY,9,Airstrike Fairy,★,Assault
2023-01-02 11:23:06,EQUIP,HEAVY-1,500/500/500/500,FAIRY,1,Warrior Fairy,★,Keen
2023-01-02 11:27:48,GUN,NORMAL,30/30/30/30,HG,99,Gr Mk23,★★★★,
2023-01-02 11:47:38,GUN,NORMAL,30/30/30/30,HG,8,Makarov,★★★,
2023-01-02 12:14:16,GUN,NORMAL,30/30/30/30,HG,139,Bren Ten,★★,
2023-01-02 12:14:16,GUN,NORMAL,30/30/30/30,HG,96,Grizzly,★★★★★,
2023-01-02 13:42:15,GUN,NORMAL,30/30/30/30,HG,91,MP-446,★★,
2023-01-02 13:42:16,GUN,NORMAL,30/30/30/30,HG,90,FF FNP9,★★,
2023-01-02 13:42:16,EQUIP,HEAVY-1,500/500/500/500,FAIRY,4,Shield Fairy,★,Keen
2023-01-02 14:26:26,GUN,NORMAL,30/30/30/30,HG,2,M1911,★★,
2023-01-02 14:28:20,GUN,NORMAL,30/30/30/30,HG,123,P99,★★★,
2023-01-02 14:29:54,GUN,NORMAL,30/30/30/30,HG,141,Gr USPCompact,★★,
2023-01-02 16:04:58,GUN,NORMAL,30/30/30/30,HG,139,Bren Ten,★★,
2023-01-02 16:04:58,GUN,NORMAL,30/30/30/30,SMG,17,M3,★★,
2023-01-02 16:04:58,GUN,NORMAL,30/30/30/30,HG,91,MP-446,★★,
2023-01-02 16:04:58,GUN,NORMAL,30/30/30/30,HG,9,P38,★★,
2023-01-02 16:05:02,GUN,NORMAL,30/30/30/30,HG,1,SAA,★★★★,
2023-01-02 16:05:12,EQUIP,HEAVY-1,500/500/500/500,FAIRY,15,Command Fairy,★,Charge
2023-01-02 16:05:12,EQUIP,HEAVY-1,500/500/500/500,FAIRY,1,Warrior Fairy,★,Armor I
2023-01-02 17:21:42,GUN,NORMAL,30/30/30/30,HG,99,Gr Mk23,★★★★,
2023-01-02 17:21:42,GUN,NORMAL,30/30/30/30,HG,91,MP-446,★★,
2023-01-02 17:21:42,GUN,NORMAL,30/30/30/30,HG,8,Makarov,★★★,
2023-01-02 17:21:42,GUN,NORMAL,30/30/30/30,HG,91,MP-446,★★,
2023-01-02 17:21:48,EQUIP,HEAVY-1,500/500/500/500,FAIRY,2,Fury Fairy,★,Accuracy I
2023-01-02 17:21:48,EQUIP,HEAVY-1,500/500/500/500,FAIRY,24,Barrier Fairy,★,Accuracy I
2023-01-02 21:53:35,GUN,NORMAL,30/30/30/30,SMG,25,MP40,★★,
2023-01-02 21:53:35,GUN,NORMAL,30/30/30/30,HG,3,M9,★★★,
2023-01-02 21:53:35,GUN,NORMAL,30/30/30/30,HG,91,MP-446,★★,
2023-01-02 21:53:35,GUN,NORMAL,30/30/30/30,HG,6,Tokarev,★★★,
2023-01-02 21:53:35,GUN,NORMAL,30/30/30/30,HG,10,PPK,★★,
2023-01-02 21:56:54,EQUIP,HEAVY-1,500/500/500/500,FAIRY,8,Artillery Fairy,★,Evasion I
2023-01-02 22:15:43,GUN,NORMAL,30/30/30/30,HG,11,P08,★★★,
2023-01-02 22:18:41,GUN,NORMAL,30/30/30/30,HG,12,C96,★★★,
2023-01-02 22:40:54,GUN,NORMAL,30/30/30/30,HG,126,NZ75,★★★★★,
2023-01-02 22:40:55,GUN,NORMAL,30/30/30/30,HG,10,PPK,★★,
2023-01-02 22:41:00,GUN,NORMAL,30/30/30/30,HG,90,FF FNP9,★★,
2023-01-02 22:45:46,GUN,NORMAL,30/30/30/30,HG,99,Gr Mk23,★★★★,
2023-01-02 22:45:50,GUN,NORMAL,30/30/30/30,HG,91,MP-446,★★,
2023-01-02 22:45:58,EQUIP,HEAVY-1,500/500/500/500,FAIRY,8,Artillery Fairy,★,Critical II
2023-01-02 22:49:51,GUN,NORMAL,30/30/30/30,HG,91,MP-446,★★,
2023-01-03 13:13:04,EQUIP,NORMAL,30/150/30/130,BUCKSHOT,73,#1 Buckshot,★★,
2023-01-19 10:53:07,EQUIP,NORMAL,300/10/10/200,CHIP,233,#1 Processor,★★★★,
2023-01-19 10:53:07,EQUIP,NORMAL,300/10/10/200,CLOAK,87,Ragged Cape,★★,
2023-01-19 10:53:07,EQUIP,NORMAL,300/10/10/200,GROUNDMOUNT,312,HD-50 Bipod,★★★,
2023-01-19 10:53:07,EQUIP,NORMAL,300/10/10/200,GROUNDMOUNT,312,HD-50 Bipod,★★★,
2023-01-19 10:53:10,EQUIP,NORMAL,300/10/10/200,GROUNDMOUNT,312,HD-50 Bipod,★★★,
2023-01-19 10:53:10,EQUIP,NORMAL,300/10/10/200,GROUNDMOUNT,313,HD-50 Bipod Mk2,★★★★,
2023-01-19 10:53:10,EQUIP,NORMAL,300/10/10/200,GROUNDMOUNT,312,HD-50 Bipod,★★★,
2023-01-19 10:53:10,EQUIP,NORMAL,300/10/10/200,GROUNDMOUNT,312,HD-50 Bipod,★★★,
2023-02-05 21:57:30,GUN,NORMAL,130/130/130/30,HG,3,M9,★★★,
2023-02-05 21:57:30,GUN,NORMAL,130/130/130/30,SMG,31,M38,★★,
2023-02-05 21:57:30,GUN,NORMAL,130/130/130/30,SMG,17,M3,★★,
2023-02-05 21:57:30,GUN,NORMAL,130/130/130/30,HG,14,Astra,★★★,
2023-02-05 21:57:37,GUN,NORMAL,30/30/30/30,HG,12,C96,★★★,
2023-02-05 21:57:37,GUN,NORMAL,30/30/30/30,HG,139,Bren Ten,★★,
2023-02-05 21:57:37,GUN,NORMAL,30/30/30/30,HG,141,Gr USPCompact,★★,
2023-02-05 21:57:37,GUN,NORMAL,30/30/30/30,SMG,92,Spectre M4,★★,
2023-02-05 21:57:41,GUN,NORMAL,30/30/30/30,HG,6,Tokarev,★★★,
2023-02-05 21:57:41,GUN,NORMAL,30/30/30/30,HG,9,P38,★★,
2023-02-05 21:57:41,GUN,NORMAL,30/30/30/30,HG,91,MP-446,★★,
2023-02-05 21:57:41,GUN,NORMAL,30/30/30/30,HG,3,M9,★★★,
2023-02-05 21:57:43,GUN,NORMAL,30/30/30/30,HG,5,M1895,★★,
2023-02-05 21:57:43,GUN,NORMAL,30/30/30/30,HG,9,P38,★★,
2023-02-05 21:57:43,GUN,NORMAL,30/30/30/30,HG,141,Gr USPCompact,★★,
2023-02-05 21:57:43,GUN,NORMAL,30/30/30/30,HG,2,M1911,★★,
2023-03-18 13:51:20,EQUIP,NORMAL,70/10/150/30,CLOAK,87,Ragged Cape,★★,
2023-03-18 13:51:20,EQUIP,NORMAL,70/10/150/30,NIGHTEQUIP,15,PEQ-15,★★★★,
2023-03-18 13:51:20,EQUIP,NORMAL,70/10/150/30,NIGHTEQUIP,13,PEQ-2,★★,
2023-03-18 13:51:20,EQUIP,NORMAL,70/10/150/30,NIGHTEQUIP,16,PEQ-16A,★★★★★,
2023-03-30 21:52:29,EQUIP,NORMAL,70/10/150/30,NIGHTEQUIP,14,PEQ-5,★★★,
2023-03-30 21:52:29,EQUIP,NORMAL,70/10/150/30,NIGHTEQUIP,14,PEQ-5,★★★,
2023-03-30 21:52:29,EQUIP,NORMAL,70/10/150/30,NIGHTEQUIP,14,PEQ-5,★★★,
2023-03-30 21:52:29,EQUIP,NORMAL,70/10/150/30,CHIP,232,Experimental Processor,★★★,
2023-03-30 21:52:29,EQUIP,NORMAL,70/10/150/30,NIGHTEQUIP,14,PEQ-5,★★★,
2023-03-30 21:52:29,EQUIP,NORMAL,70/10/150/30,NIGHTEQUIP,13,PEQ-2,★★,
2023-03-30 21:52:29,EQUIP,NORMAL,70/10/150/30,ARMORPLATE,42,Type 1 Armor Plate,★★★,
2023-03-30 21:52:29,EQUIP,NORMAL,70/10/150/30,HOLO,6,EOT 512,★★★,
2023-04-07 15:31:51,GUN,HEAVY-1,8000/1000/8000/4000,SG,283,Liberator,★★★★,
2023-04-12 12:07:08,GUN,NORMAL,400/400/100/200,SMG,24,PP-2000,★★,
2023-04-12 12:07:08,GUN,NORMAL,400/400/100/200,SMG,29,STEN MkⅡ,★★★,
2023-04-12 12:07:08,GUN,NORMAL,400/400/100/200,SMG,103,UMP45,★★★★,
2023-04-16 11:20:11,GUN,NORMAL,400/400/91/30,SMG,29,STEN MkⅡ,★★★,
2023-04-16 11:20:11,GUN,NORMAL,400/400/91/30,SMG,24,PP-2000,★★,
2023-04-16 11:20:11,GUN,NORMAL,400/400/91/30,SMG,92,Spectre M4,★★,
2023-04-16 11:20:11,GUN,NORMAL,400/400/91/30,SMG,17,M3,★★,
2023-05-08 09:53:24,GUN,NORMAL,130/130/130/30,HG,99,Gr Mk23,★★★★,
2023-05-08 10:00:54,GUN,NORMAL,130/130/130/30,HG,346,CZ100,★★★★,
2023-05-08 10:00:54,GUN,NORMAL,130/130/130/30,SMG,32,Micro Uzi,★★★,
2023-05-08 22:20:56,GUN,NORMAL,130/130/130/30,SMG,26,Gr MP5,★★★★,
2023-05-08 22:20:56,GUN,NORMAL,130/130/130/30,HG,10,PPK,★★,
2023-05-08 22:20:56,GUN,NORMAL,130/130/130/30,SMG,26,Gr MP5,★★★★,
2023-05-08 22:20:56,GUN,NORMAL,130/130/130/30,SMG,93,IDW,★★,
2023-05-08 22:20:56,GUN,NORMAL,130/130/130/30,HG,97,M950A,★★★★★,
2023-05-08 22:20:56,GUN,NORMAL,130/130/130/30,HG,354,ZiP .22,★★★★,
2023-05-08 22:20:56,GUN,NORMAL,130/130/130/30,HG,99,Gr Mk23,★★★★,
2023-05-08 22:20:56,GUN,NORMAL,130/130/130/30,SMG,93,IDW,★★,
2023-05-12 10:20:57,GUN,HEAVY-1,8000/1000/8000/4000,SG,160,Saiga-12,★★★★★,
2023-05-12 10:20:57,GUN,HEAVY-1,8000/1000/8000/4000,SG,368,UTS-15,★★★★,
2023-05-12 10:20:57,GUN,HEAVY-1,8000/1000/8000/4000,SG,368,UTS-15,★★★★,
2023-05-13 12:02:50,GUN,HEAVY-1,8000/1000/8000/4000,AR,65,416,★★★★★,
2023-05-28 16:55:52,EQUIP,NORMAL,70/10/150/30,NIGHTEQUIP,14,PEQ-5,★★★,
2023-05-28 16:55:52,EQUIP,NORMAL,70/10/150/30,CHIP,232,Experimental Processor,★★★,
2023-05-28 16:55:52,EQUIP,NORMAL,70/10/150/30,CLOAK,90,Thermoptic Camouflage Cape,★★★★★,
2023-05-28 16:55:52,EQUIP,NORMAL,70/10/150/30,FLASHLIGHT,305,S.F. Modified Tactical Light,★★★★★,
2023-05-29 11:59:46,EQUIP,NORMAL,70/10/150/30,NIGHTEQUIP,15,PEQ-15,★★★★,
2023-05-29 11:59:46,EQUIP,NORMAL,70/10/150/30,REDDOT,9,AMP COMPM2,★★,
2023-05-29 11:59:46,EQUIP,NORMAL,70/10/150/30,HOLO,5,EOT 506,★★,
2023-05-29 11:59:46,EQUIP,NORMAL,70/10/150/30,NIGHTEQUIP,14,PEQ-5,★★★,
2023-05-29 11:59:46,EQUIP,NORMAL,70/10/150/30,FLASHLIGHT,305,S.F. Modified Tactical Light,★★★★★,
2023-05-29 11:59:46,EQUIP,NORMAL,70/10/150/30,CHIP,232,Experimental Processor,★★★,
2023-05-29 11:59:46,EQUIP,NORMAL,70/10/150/30,NIGHTEQUIP,13,PEQ-2,★★,
2023-05-29 12:00:01,EQUIP,NORMAL,70/10/150/30,NIGHTEQUIP,14,PEQ-5,★★★,
2023-05-29 12:20:45,EQUIP,NORMAL,70/10/150/30,NIGHTEQUIP,13,PEQ-2,★★,
2023-05-29 12:20:45,EQUIP,NORMAL,70/10/150/30,HOLO,5,EOT 506,★★,
2023-05-29 12:20:45,EQUIP,NORMAL,70/10/150/30,FLASHLIGHT,305,S.F. Modified Tactical Light,★★★★★,
2023-05-29 12:20:45,EQUIP,NORMAL,70/10/150/30,NIGHTEQUIP,14,PEQ-5,★★★,
2023-05-29 12:20:45,EQUIP,NORMAL,70/10/150/30,REDDOT,9,AMP COMPM2,★★,
2023-05-29 12:20:45,EQUIP,NORMAL,70/10/150/30,CLOAK,87,Ragged Cape,★★,
2023-05-29 12:20:45,EQUIP,NORMAL,70/10/150/30,HOLO,6,EOT 512,★★★,
2023-05-29 12:21:03,EQUIP,NORMAL,70/10/150/30,ARMORPLATE,42,Type 1 Armor Plate,★★★,
2023-05-29 12:21:03,EQUIP,NORMAL,70/10/150/30,NIGHTEQUIP,13,PEQ-2,★★,
2023-06-07 20:20:02,EQUIP,NORMAL,70/10/150/30,OPTICAL,2,LRA 2-12x50,★★★,
2023-06-07 20:20:02,EQUIP,NORMAL,70/10/150/30,NIGHTEQUIP,15,PEQ-15,★★★★,
2023-06-07 20:20:02,EQUIP,NORMAL,70/10/150/30,SUPPRESSOR,63,AC1 Suppressor,★★,
2023-06-07 20:20:02,EQUIP,NORMAL,70/10/150/30,CHIP,232,Experimental Processor,★★★,
2023-06-07 20:20:02,EQUIP,NORMAL,70/10/150/30,NIGHTEQUIP,15,PEQ-15,★★★★,
2023-06-07 20:20:02,EQUIP,NORMAL,70/10/150/30,SUPPRESSOR,63,AC1 Suppressor,★★,
2023-06-07 20:20:02,EQUIP,NORMAL,70/10/150/30,NIGHTEQUIP,13,PEQ-2,★★,
2023-06-07 20:20:02,EQUIP,NORMAL,70/10/150/30,NIGHTEQUIP,14,PEQ-5,★★★,
2023-06-16 21:21:21,GUN,NORMAL,130/130/130/30,HG,10,PPK,★★,
2023-06-16 21:21:24,GUN,NORMAL,130/130/130/30,SMG,92,Spectre M4,★★,
2023-06-16 21:33:21,GUN,NORMAL,130/130/130/30,HG,3,M9,★★★,
2023-06-16 21:33:25,GUN,NORMAL,130/130/130/30,HG,8,Makarov,★★★,
2023-06-16 21:33:26,GUN,NORMAL,130/130/130/30,HG,9,P38,★★,
2023-06-16 21:44:59,GUN,NORMAL,130/130/130/30,HG,346,CZ100,★★★★,
2023-06-16 21:45:02,GUN,NORMAL,130/130/130/30,HG,91,MP-446,★★,
2023-06-16 23:28:03,GUN,NORMAL,400/100/400/200,SMG,92,Spectre M4,★★,
2023-06-16 23:28:03,GUN,NORMAL,400/100/400/200,AR,107,FF F2000,★★,
2023-06-16 23:28:03,GUN,NORMAL,400/100/400/200,SMG,31,M38,★★,
2023-06-16 23:28:03,GUN,NORMAL,400/100/400/200,AR,262,EM-2,★★★★,
2023-06-16 23:28:03,GUN,NORMAL,400/100/400/200,RF,52,VM59,★★,
2023-06-16 23:28:05,GUN,NORMAL,400/100/400/200,RF,329,SVCh,★★★★★,
2023-06-17 23:05:34,GUN,NORMAL,100/400/400/200,AR,133,Type63,★★,
2023-06-17 23:05:34,GUN,NORMAL,100/400/400/200,AR,107,FF F2000,★★,
2023-06-17 23:05:34,GUN,NORMAL,100/400/400/200,AR,215,MDR,★★★★★,
2023-06-17 23:05:34,GUN,NORMAL,100/400/400/200,SMG,93,IDW,★★,
2023-06-17 23:05:34,GUN,NORMAL,100/400/400/200,AR,74,SIG-510,★★,
2023-06-17 23:05:34,GUN,NORMAL,100/400/400/200,SMG,31,M38,★★,
2023-07-02 13:23:23,GUN,NORMAL,400/100/400/200,RF,247,K31,★★★★,
2023-07-02 13:23:23,GUN,NORMAL,400/100/400/200,AR,61,StG44,★★★,
2023-07-02 13:23:23,GUN,NORMAL,400/100/400/200,RF,44,SV-98,★★★,
2023-07-02 13:23:23,GUN,NORMAL,400/100/400/200,AR,68,L85A1,★★,
2023-07-02 13:23:33,GUN,HEAVY-1,8000/1000/8000/4000,RF,36,Springfield,★★★★,
2023-07-02 13:24:08,EQUIP,NORMAL,70/10/150/30,REDDOT,9,AMP COMPM2,★★,
2023-07-02 13:24:08,EQUIP,NORMAL,70/10/150/30,HOLO,5,EOT 506,★★,
2023-07-02 13:24:08,EQUIP,NORMAL,70/10/150/30,NIGHTEQUIP,13,PEQ-2,★★,
2023-07-02 13:24:08,EQUIP,NORMAL,70/10/150/30,OPTICAL,1,BM 3-12X40,★★,
2023-07-02 13:24:39,GUN,NORMAL,100/400/400/200,AR,70,FF FNC,★★★,
2023-07-02 13:24:39,GUN,NORMAL,100/400/400/200,AR,262,EM-2,★★★★,
2023-07-02 13:24:39,GUN,NORMAL,100/400/400/200,AR,58,AK-47,★★★,
2023-07-02 13:24:39,GUN,NORMAL,100/400/400/200,SMG,27,Skorpion,★★★,
2023-07-02 14:35:26,EQUIP,HEAVY-1,500/2000/3000/1500,FAIRY,23,Combo Fairy,★,Critical I
2023-07-03 22:38:30,GUN,HEAVY-1,8000/1000/8000/4000,SG,155,M590,★★★★,
2023-07-08 11:40:39,EQUIP,NORMAL,70/10/150/30,SUPPRESSOR,63,AC1 Suppressor,★★,
2023-07-08 11:40:39,EQUIP,NORMAL,70/10/150/30,NIGHTEQUIP,14,PEQ-5,★★★,
2023-07-08 11:40:39,EQUIP,NORMAL,70/10/150/30,NIGHTEQUIP,15,PEQ-15,★★★★,
2023-07-08 11:40:39,EQUIP,NORMAL,70/10/150/30,SUPPRESSOR,63,AC1 Suppressor,★★,
2023-07-08 11:42:54,GUN,NORMAL,100/400/400/200,AR,58,AK-47,★★★,
2023-07-08 11:42:54,GUN,NORMAL,100/400/400/200,AR,66,Type56-1,★★★★,
2023-07-08 11:42:54,GUN,NORMAL,100/400/400/200,AR,378,SCAR-L,★★★★★,
2023-07-08 11:42:54,GUN,NORMAL,100/400/400/200,AR,107,FF F2000,★★,
2023-07-08 13:32:11,GUN,NORMAL,400/100/400/200,RF,52,VM59,★★,
2023-07-24 14:30:18,GUN,HEAVY-1,8000/1000/8000/4000,SMG,26,Gr MP5,★★★★,
2023-07-24 14:30:21,GUN,HEAVY-1,8000/1000/8000/4000,SMG,116,Z-62,★★★,
2023-08-02 08:21:56,GUN,NORMAL,400/100/400/200,RF,39,Mosin-Nagant,★★★★,
2023-08-02 08:21:56,GUN,NORMAL,400/100/400/200,AR,71,Galil,★★,
2023-08-02 08:21:56,GUN,NORMAL,400/100/400/200,SMG,31,M38,★★,
2023-08-02 08:21:56,GUN,NORMAL,400/100/400/200,SMG,25,MP40,★★,
2023-08-02 08:22:02,GUN,NORMAL,400/100/400/200,RF,40,SVT-38,★★,
2023-08-02 08:22:02,GUN,NORMAL,400/100/400/200,RF,51,FF FN49,★★,
2023-08-02 08:22:02,GUN,NORMAL,400/100/400/200,RF,47,G43,★★,
2023-08-02 08:22:02,GUN,NORMAL,400/100/400/200,SMG,17,M3,★★,
2023-08-02 10:07:08,EQUIP,NORMAL,70/10/150/30,OPTICAL,2,LRA 2-12x50,★★★,
2023-08-02 10:07:08,EQUIP,NORMAL,70/10/150/30,RMR,222,RMR Red Dot Sight,★★★,
2023-08-02 10:07:08,EQUIP,NORMAL,70/10/150/30,HOLO,7,EOT 516,★★★★,
2023-08-02 10:07:08,EQUIP,NORMAL,70/10/150/30,CHIP,232,Experimental Processor,★★★,
2023-08-03 17:39:24,GUN,HEAVY-1,8000/1000/8000/4000,SG,188,S.A.T.8,★★★★★,
2023-08-08 17:46:04,GUN,NORMAL,400/100/400/200,RF,235,SPR A3G,★★★★,
2023-08-08 17:46:04,GUN,NORMAL,400/100/400/200,RF,41,SKS,★★,
2023-08-08 17:46:04,GUN,NORMAL,400/100/400/200,AR,338,SIG MCX,★★★★★,
2023-08-08 17:46:04,GUN,NORMAL,400/100/400/200,AR,68,L85A1,★★,
2023-08-17 19:27:17,GUN,HEAVY-1,8000/1000/8000/4000,RF,270,4 Shiki,★★★★,
2023-08-17 19:37:57,GUN,NORMAL,130/130/130/30,HG,3,M9,★★★,
2023-08-17 19:37:57,GUN,NORMAL,130/130/130/30,HG,5,M1895,★★,
2023-08-17 19:37:58,GUN,NORMAL,130/130/130/30,HG,139,Bren Ten,★★,
2023-08-17 19:37:58,GUN,NORMAL,130/130/130/30,SMG,18,Ingram,★★★,
2023-08-17 19:37:58,GUN,NORMAL,130/130/130/30,HG,269,Gr P30,★★★★,
2023-08-17 19:37:58,GUN,NORMAL,130/130/130/30,SMG,32,Micro Uzi,★★★,
2023-08-17 19:37:58,GUN,NORMAL,130/130/130/30,HG,139,Bren Ten,★★,
2023-08-17 19:37:58,GUN,NORMAL,130/130/130/30,HG,3,M9,★★★,
2023-08-17 19:38:06,GUN,NORMAL,130/130/130/30,HG,5,M1895,★★,
2023-08-17 19:38:09,GUN,NORMAL,130/130/130/30,HG,6,Tokarev,★★★,
2023-08-17 19:38:11,GUN,NORMAL,130/130/130/30,HG,12,C96,★★★,
2023-08-17 19:38:14,GUN,NORMAL,130/130/130/30,HG,2,M1911,★★,
2023-08-17 19:38:18,GUN,NORMAL,130/130/130/30,HG,12,C96,★★★,
2023-08-17 19:38:23,GUN,NORMAL,130/130/130/30,HG,91,MP-446,★★,
2023-08-17 19:38:26,GUN,NORMAL,130/130/130/30,HG,1,SAA,★★★★,
2023-08-17 19:38:38,GUN,NORMAL,130/130/130/30,HG,10,PPK,★★,
2023-08-17 19:38:43,GUN,NORMAL,130/130/130/30,HG,90,FF FNP9,★★,
2023-08-17 19:38:47,GUN,NORMAL,130/130/130/30,HG,2,M1911,★★,
2023-08-17 19:38:51,GUN,NORMAL,130/130/130/30,SMG,93,IDW,★★,
2023-08-17 19:38:54,GUN,NORMAL,130/130/130/30,HG,6,Tokarev,★★★,
2023-08-17 19:38:56,GUN,NORMAL,130/130/130/30,HG,8,Makarov,★★★,
2023-08-17 19:38:59,GUN,NORMAL,130/130/130/30,SMG,33,m45,★★,
2023-08-17 19:39:02,GUN,NORMAL,130/130/130/30,HG,183,Contender,★★★★★,
2023-08-17 19:39:12,GUN,NORMAL,130/130/130/30,HG,139,Bren Ten,★★,
2023-08-17 19:39:16,GUN,NORMAL,130/130/130/30,HG,139,Bren Ten,★★,
2023-08-17 19:39:24,GUN,NORMAL,130/130/130/30,HG,10,PPK,★★,
2023-08-17 19:39:26,GUN,NORMAL,130/130/130/30,HG,212,K5,★★★★,
2023-08-17 19:39:30,GUN,NORMAL,130/130/130/30,SMG,25,MP40,★★,
2023-08-17 19:39:33,GUN,NORMAL,130/130/130/30,HG,354,ZiP .22,★★★★,
2023-08-19 11:59:09,EQUIP,NORMAL,70/10/150/30,NIGHTEQUIP,15,PEQ-15,★★★★,
2023-08-19 11:59:09,EQUIP,NORMAL,70/10/150/30,HOLO,5,EOT 506,★★,
2023-08-19 11:59:09,EQUIP,NORMAL,70/10/150/30,NIGHTEQUIP,13,PEQ-2,★★,
2023-08-19 11:59:09,EQUIP,NORMAL,70/10/150/30,HOLO,5,EOT 506,★★,
2023-08-19 11:59:09,EQUIP,NORMAL,70/10/150/30,NIGHTEQUIP,15,PEQ-15,★★★★,
2023-08-19 11:59:09,EQUIP,NORMAL,70/10/150/30,REDDOT,9,AMP COMPM2,★★,
2023-08-19 11:59:09,EQUIP,NORMAL,70/10/150/30,NIGHTEQUIP,15,PEQ-15,★★★★,
2023-08-19 11:59:09,EQUIP,NORMAL,70/10/150/30,NIGHTEQUIP,15,PEQ-15,★★★★,
2023-08-21 09:48:55,GUN,HEAVY-1,8000/1000/8000/4000,RF,37,M14,★★★,
2023-10-13 08:10:19,GUN,HEAVY-1,8000/1000/8000/4000,RF,34,M1 Garand,★★★,
2023-11-09 22:46:52,GUN,NORMAL,130/130/130/30,HG,141,Gr USPCompact,★★,
2023-11-09 22:46:52,GUN,NORMAL,130/130/130/30,SMG,31,M38,★★,
2023-11-09 22:46:52,GUN,NORMAL,130/130/130/30,HG,91,MP-446,★★,
2023-11-09 22:46:52,GUN,NORMAL,130/130/130/30,HG,8,Makarov,★★★,
2023-11-09 22:46:52,GUN,NORMAL,130/130/130/30,HG,90,FF FNP9,★★,
2023-11-09 22:46:52,GUN,NORMAL,130/130/130/30,HG,91,MP-446,★★,
2023-11-09 22:46:52,GUN,NORMAL,130/130/130/30,HG,5,M1895,★★,
2023-11-09 22:46:53,GUN,NORMAL,130/130/130/30,HG,9,P38,★★,
2023-11-23 10:13:05,GUN,NORMAL,130/130/130/30,HG,5,M1895,★★,
2023-11-23 10:13:05,GUN,NORMAL,130/130/130/30,HG,10,PPK,★★,
2023-11-23 10:13:05,GUN,NORMAL,130/130/130/30,HG,3,M9,★★★,
2023-11-23 10:13:05,GUN,NORMAL,130/130/130/30,HG,6,Tokarev,★★★,
2023-11-23 11:07:38,EQUIP,NORMAL,30/150/30/130,TEXO,39,IOP T3 Exoskeleton,★★★★,
2023-11-23 11:07:38,EQUIP,NORMAL,30/150/30/130,SLUGSHELL,80,SABOT Slug,★★★★★,
2023-11-23 11:07:38,EQUIP,NORMAL,30/150/30/130,SUPPRESSOR,63,AC1 Suppressor,★★,
2023-11-23 11:07:38,EQUIP,NORMAL,30/150/30/130,SLUGSHELL,79,WAD Slug,★★★★,
2023-11-23 11:07:38,EQUIP,NORMAL,30/150/30/130,SLUGSHELL,78,FST Slug,★★★,
2023-11-23 11:07:38,EQUIP,NORMAL,30/150/30/130,BUCKSHOT,74,#0 Buckshot,★★★,
2023-11-23 11:07:38,EQUIP,NORMAL,30/150/30/130,SLUGSHELL,79,WAD Slug,★★★★,
2023-11-23 11:07:38,EQUIP,NORMAL,30/150/30/130,SLUGSHELL,79,WAD Slug,★★★★,
2023-11-23 11:07:43,EQUIP,NORMAL,30/150/30/130,FLASHBANG,235,Shotgun Flash Shells,★★★★★,
2023-11-23 11:07:43,EQUIP,NORMAL,30/150/30/130,SLUGSHELL,77,BK Slug,★★,
2023-11-23 11:07:43,EQUIP,NORMAL,30/150/30/130,SLUGSHELL,79,WAD Slug,★★★★,
2023-11-23 11:07:43,EQUIP,NORMAL,30/150/30/130,BIRDSHOT,230,#6 Birdshot,★★★★,
2023-11-23 11:07:43,EQUIP,NORMAL,30/150/30/130,BUCKSHOT,74,#0 Buckshot,★★★,
2023-11-23 11:07:52,EQUIP,NORMAL,30/150/30/130,SLUGSHELL,78,FST Slug,★★★,
2023-11-23 11:07:52,EQUIP,NORMAL,30/150/30/130,AP,19,Mk169 Armor-Piercing Ammo,★★★★,
2023-11-23 11:07:52,EQUIP,NORMAL,30/150/30/130,BUCKSHOT,76,#000 Buckshot,★★★★★,
2023-11-23 11:07:52,EQUIP,NORMAL,30/150/30/130,SLUGSHELL,78,FST Slug,★★★,
2023-11-23 11:07:52,EQUIP,NORMAL,30/150/30/130,BUCKSHOT,75,#00 Buckshot,★★★★,
2023-11-23 11:07:52,EQUIP,NORMAL,30/150/30/130,SLUGSHELL,79,WAD Slug,★★★★,
2023-11-23 11:07:52,EQUIP,NORMAL,30/150/30/130,SLUGSHELL,77,BK Slug,★★,
2023-11-23 11:07:52,EQUIP,NORMAL,30/150/30/130,SLUGSHELL,77,BK Slug,★★,
2023-11-23 11:07:57,EQUIP,NORMAL,30/150/30/130,BUCKSHOT,74,#0 Buckshot,★★★,
2023-11-23 11:07:57,EQUIP,NORMAL,30/150/30/130,SLUGSHELL,78,FST Slug,★★★,
2023-11-23 11:07:57,EQUIP,NORMAL,30/150/30/130,BUCKSHOT,74,#0 Buckshot,★★★,
2023-11-23 11:07:57,EQUIP,NORMAL,30/150/30/130,SLUGSHELL,77,BK Slug,★★,
2023-11-23 11:08:09,EQUIP,NORMAL,30/150/30/130,BIRDSHOT,230,#6 Birdshot,★★★★,
2023-11-23 11:08:09,EQUIP,NORMAL,30/150/30/130,SLUGSHELL,78,FST Slug,★★★,
2023-11-23 11:08:09,EQUIP,NORMAL,30/150/30/130,BUCKSHOT,73,#1 Buckshot,★★,
2023-11-23 11:08:09,EQUIP,NORMAL,30/150/30/130,BUCKSHOT,73,#1 Buckshot,★★,
2023-11-23 11:08:09,EQUIP,NORMAL,30/150/30/130,BUCKSHOT,73,#1 Buckshot,★★,
2023-11-23 11:08:09,EQUIP,NORMAL,30/150/30/130,SLUGSHELL,79,WAD Slug,★★★★,
2023-11-23 11:08:09,EQUIP,NORMAL,30/150/30/130,SLUGSHELL,78,FST Slug,★★★,
2023-11-23 11:08:09,EQUIP,NORMAL,30/150/30/130,SUPPRESSOR,64,AC2 Suppressor,★★★,
2023-11-23 11:08:14,EQUIP,NORMAL,30/150/30/130,BUCKSHOT,73,#1 Buckshot,★★,
2023-11-23 11:08:14,EQUIP,NORMAL,30/150/30/130,SUPPRESSOR,64,AC2 Suppressor,★★★,
2023-11-23 11:08:14,EQUIP,NORMAL,30/150/30/130,SLUGSHELL,77,BK Slug,★★,
2023-11-23 11:08:14,EQUIP,NORMAL,30/150/30/130,SLUGSHELL,78,FST Slug,★★★,
2023-11-23 11:08:14,EQUIP,NORMAL,30/150/30/130,SLUGSHELL,77,BK Slug,★★,
2023-11-23 11:08:17,EQUIP,NORMAL,30/150/30/130,SLUGSHELL,78,FST Slug,★★★,
2023-11-23 11:08:17,EQUIP,NORMAL,30/150/30/130,SLUGSHELL,79,WAD Slug,★★★★,
2023-11-23 11:08:17,EQUIP,NORMAL,30/150/30/130,SLUGSHELL,78,FST Slug,★★★,
2023-11-23 11:08:26,EQUIP,NORMAL,30/150/30/130,BUCKSHOT,74,#0 Buckshot,★★★,
2023-11-23 11:08:26,EQUIP,NORMAL,30/150/30/130,SLUGSHELL,79,WAD Slug,★★★★,
2023-11-23 11:08:26,EQUIP,NORMAL,30/150/30/130,SLUGSHELL,80,SABOT Slug,★★★★★,
2023-11-23 11:08:26,EQUIP,NORMAL,30/150/30/130,BUCKSHOT,73,#1 Buckshot,★★,
2023-11-23 11:08:26,EQUIP,NORMAL,30/150/30/130,BIRDSHOT,230,#6 Birdshot,★★★★,
2023-11-23 11:08:26,EQUIP,NORMAL,30/150/30/130,SLUGSHELL,78,FST Slug,★★★,
2023-11-23 11:08:26,EQUIP,NORMAL,30/150/30/130,SLUGSHELL,78,FST Slug,★★★,
2023-11-23 11:08:26,EQUIP,NORMAL,30/150/30/130,BUCKSHOT,75,#00 Buckshot,★★★★,
2023-11-23 11:08:32,EQUIP,NORMAL,30/150/30/130,BUCKSHOT,74,#0 Buckshot,★★★,
2023-11-23 11:08:32,EQUIP,NORMAL,30/150/30/130,SLUGSHELL,77,BK Slug,★★,
2023-11-23 11:08:32,EQUIP,NORMAL,30/150/30/130,BUCKSHOT,74,#0 Buckshot,★★★,
2023-11-23 11:08:32,EQUIP,NORMAL,30/150/30/130,BIRDSHOT,230,#6 Birdshot,★★★★,
2023-11-23 11:08:32,EQUIP,NORMAL,30/150/30/130,BIRDSHOT,230,#6 Birdshot,★★★★,
2023-11-23 11:08:34,EQUIP,NORMAL,30/150/30/130,SLUGSHELL,78,FST Slug,★★★,
2023-11-23 11:08:34,EQUIP,NORMAL,30/150/30/130,SLUGSHELL,77,BK Slug,★★,
2023-11-23 11:08:34,EQUIP,NORMAL,30/150/30/130,BUCKSHOT,73,#1 Buckshot,★★,
2023-12-01 12:20:57,GUN,NORMAL,400/400/100/200,SMG,26,Gr MP5,★★★★,
2023-12-01 12:20:57,GUN,NORMAL,400/400/100/200,SMG,17,M3,★★,
