Area ID,Area Name,Battle Type,Echelon,Preset
1214,Ele.4,Day,1,MXwyMDA1NS05LTQtMzItOTk7MTgzLTgtMjI0LTIwLTM1NzsyMDI5My03LTQtMzItMjc1OzIwMDY1LTE0LTEwNi0zNTYtMTU5OzIwMTE0LTEzLTMwNS03Mi0yMTN8MA==
1214,Ele.4,Day,2,MXwyMDEyMi05LTQtMzItMTkwOzIwMDU3LTgtMTAwLTMzOC02MDsyMDA1Ni03LTQtMTI2LTMyOzIwMDA4LTE0LTE4MC0yMzgtMzUxOzIwMjMzLTEzLTI2Ni03Mi00MHww
1214,Ele.4,Day,3,MXwyMDA5Ny05LTIyNC03Mi01ODsyMTMtOC0yMzQtMjAtMTI7MjAwMTAtNy0xNTUtNzItMzU1OzIwMDA3LTE0LTIyNC03Mi0xNzE7MjAwNjYtMTMtODMtMzY4LTIzNHww
1214,Ele.4,Day,4,MXwzNDctOS0yMzQtMjAtMTI7MjAyMDUtOC04LTMyLTIzNDsyMDIxMi03LTIyNC03Mi01ODsyMDAyNi0xNC02Mi0zNDgtMTU3OzIwMDAxLTEzLTEyMi03Mi00MHww
1214,Ele.4,Day,5,MXwyNDItOS0yNzgtNzItNTg7MjAxMTUtOC0xOTctNzItMTIwOzIwMDEyLTctMjI0LTcyLTQwOzEwNDMtMTQtNC0zMi0zODg7MjAyMjAtMTMtMjI0LTcyLTQwfDA=
1214,Ele.4,Day,6,MXwyOTQtOS0zMDUtNzItNDA7Ni04LTMwNS03Mi00MDsyMDA2NC03LTgtMzItMjM0OzE0Mi0xNC0zMzItNzItNTg7OTYtMTMtMjI0LTcyLTIzN3ww
1214,Ele.4,Day,7,MXwyMDIxNi05LTgtMzItMjM0OzQtOC0yMjQtMjcxLTU4OzIwMTAxLTctOTItMzU5LTE1NjsyMDYtMTQtOC0zMi0yMzQ7MTAxNy0xMy0zMDUtNzItNDB8MA==
1214,Ele.4,Day,8,MXwyNTAtOS0yMjQtNzItNTg7MTAxOC04LTMwNS03Mi0xNDc7MTE4LTctNC0zMi0yNDg7NTQtMTQtMzItNDQtOTE7MTAzMi0xMy04LTMyLTI1NXww
1214,Ele.4,Day,9,MXwyMDEwMy05LTkyLTM1OC0xMjU7Mzc4LTgtOC0zMTctMjM0OzEwMjctNy00LTMyLTE4NDs3My0xNC0yOTUtMzItMjM0OzI4NS0xMy0yMjQtNzItNTh8MA==
1214,Ele.4,Day,10,MXwzMDMtOS0zMDUtNzItNDA7MzU3LTgtMzA1LTcyLTQwOzI0My03LTMwNS0zMi0yMzQ7NjItMTQtNC0zMi0xMjc7MjAwNjAtMTMtMzA1LTEzNS0yMzR8MA==
1214,Ele.4,Day,11,MXwyMDIyMS05LTMwNS05NS00MDsyMzYtOC0zMDUtMzcwLTIzNDsyNzItNy0zMDUtOTUtNDA7MjAwMDUtMTQtMzA1LTk1LTQwOzM2MS0xMy0zMDUtMzItMjM0fDA=
1214,Ele.4,Day,12,MXwyMDE3MS05LTMwNS0zMi0yMzQ7Mzc1LTgtMzA1LTk1LTU4OzIwMTQzLTctMTkyLTIyNS0zMDU7MjAwMDItMTQtMzA1LTEwMS00MDszNzYtMTMtNDAtMjI1LTMwNXww
1214,Ele.4,Day,13,MXwxMDM4LTktMzA1LTMyLTMyOTsxMDM5LTgtNC0zMi0zMzA7MTk0LTctMzA0LTMyLTMwOTszMzgtMTQtNC0zMi0zMDk7MjYwLTEzLTMwNS0yMjUtNDB8MA==
1214,Ele.4,Day,14,MXwyMDEwNC05LTQwLTIyNS0zMDU7MTI3LTgtNDAtMjI1LTMwNTsyMDA5MS03LTMwNS0yMjUtNDA7MjQ1LTE0LTQwLTIyNS0yNzc7MzU2LTEzLTQtMzItMzA5fDA=
1214,Ele.4,Day,15,MXwxMDA5LTktMzA1LTIyNS00MDszMzEtOC0zMDUtMjI1LTQwOzI3NC03LTQtMzItMzA5OzM3MC0xNC0zMDUtMjI1LTQwOzk5LTEzLTMwNS0yMjUtNDB8MA==
1214,Ele.4,Day,16,MXwzMzItOS0zMDUtMjI1LTEyMTsxMDAtOC0yNzYtMjI1LTU4OzI2OS03LTMwNS0yMjUtNTg7MjAyNjItMTQtNC0xMTAtMzA5OzIxNS0xMy00LTExMC0zMDl8MA==
1214,Ele.4,Day,17,MXwzMTgtOS00LTExMC0zMDk7MTYtOC0yMzYtMjI1LTMwNTsyOTAtNy00LTExMC0zMDk7MzA2LTE0LTQtMTEwLTMwOTsxMDQyLTEzLTMwNS0yMjUtMzg3fDA=
1214,Ele.4,Day,18,MXwyMDA0Ni05LTIwLTEwNS0yOTc7MjAwOTQtOC0yMTgtMzQzLTEwMzsxMDI5LTctNC0yMDMtMzA5OzIwMTI1LTE0LTIzOS0xMzItNjg7Mzc5LTEzLTMwNS0yMjUtMHww
1214,Ele.4,Day,19,MXwyOTUtOS0zNjctMjI1LTY2OzIwMDMyLTgtMzA5LTIyNS0xMzQ7MjAwMjEtNy0zNTItMjcyLTIxOTszNTgtMTQtNjYtMjI1LTA7MTY2LTEzLTY2LTIyNS0wfDA=
1214,Ele.4,Day,20,MXwzNTQtOS02Ni0yMjUtMDsyMDAxMy04LTY2LTIyNS0wOzI0NC03LTY2LTIyNS0wOzk4LTE0LTY2LTIyNS0wOzIwMDM5LTEzLTMzNy0xMTEtODZ8MA==
1214,Ele.4,Day,21,MXwxMjYtOS02Ni0yMjUtMDsxMDI4LTgtMjAxLTIwMC02NjsxMDEwLTctNjYtMjI1LTA7MjAwNTMtMTQtMTcwLTQtMzcxOzEzMi0xMy02Ni0yMjUtMHww
1214,Ele.4,Day,22,MXwxNzItOS0xNjktMC0zMDk7MjAwODgtOC0zNjktMjg1LTEwNzsyMDA5NS03LTIyMS0xNTgtMzY1OzIwMi0xNC02Ni0yMjUtMDsxNjgtMTMtNjYtMjI1LTB8MA==
1214,Ele.4,Day,23,MXwxNC05LTY2LTIyNS0wOzIyOC04LTAtMjI1LTE2ODsyMDA1MC03LTIwLTE2MC05MDsxMDE5LTE0LTAtMTQ2LTY2OzIwMjUyLTEzLTE3OC00LTkwfDA=
1214,Ele.4,Day,24,MXwyMDAzNy05LTIwLTEyOS05MDsyMDA4MC04LTM2Ni0yMjAtNjg7MjY2LTctMjAtNC05MDsyMDI4Mi0xNC0zMzYtNzYtMzA4OzI2MS0xMy0yMC00LTkwfDA=
1214,Ele.4,Day,25,MXwzMTYtOS0yMC00LTkwOzIwMjAwLTgtMjAtNC05MDsxNzMtNy0yMjktMzE2LTY4OzEwMzEtMTQtMjAtNC0yNTQ7MTAzNi0xMy0wLTMyOC02Nnww
1214,Ele.4,Day,26,MXwzNzctOS0zMTgtNC05MDsyOTYtOC0zMzktNC05MDs0OC03LTIwLTIxNy05MDsxMDI0LTE0LTIwLTQtMTgzOzIzMS0xMy0yMC0yODMtOTB8MA==
1214,Ele.4,Day,27,MXwzNDgtOS0yMC0xMDktOTA7MjU3LTgtMjAtMTA5LTkwOzIwMDgxLTctMjI5LTEzMS02ODsxMDM3LTE0LTIwLTMyNS05MDsxMDMzLTEzLTIyOS0yNTItNjh8MA==
1214,Ele.4,Day,28,MXwxMDQ0LTktMjI5LTM4OS02ODsxMDQwLTgtMjI5LTMyNi02ODsyMDA1MS03LTIwLTEwNC05MDsyMDE1OS0xNC0yNDAtNzYtMzA4OzIwMTYxLTEzLTE5My03Ni0zMDh8MA==
1214,Ele.4,Day,29,MXwyMDA0NC05LTIwLTY2LTExNTszMjktOC0yMC02Ni05MDsxNjAtNy00NC03Ni0yOTI7MTAyNi0xNC0yMjktMTg1LTY4OzE5Ny0xMy0yMC02Ni05MHww
1214,Ele.4,Day,30,MXwyMjktOS0zNjQtNzYtMzA4OzIwMjMwLTgtMjAtNjYtOTA7MTk4LTctMjAtNjYtOTA7MTQ4LTE0LTUwLTY2LTkwOzI3MC0xMy0yMTEtNjYtOTB8MA==
1214,Ele.4,Day,31,MXwzMjMtOS00NC04MC0zMDg7MTYzLTgtNDQtMTc0LTMwODszODYtNy0yMjktNjYtNjg7MjIyLTE0LTIyNy02Ni05MDszNzQtMTMtMjI5LTAtNjh8MA==
1214,Ele.4,Day,32,MXwxODgtOS00NC0yMzUtMTY7MTA0MS04LTMzMS0yMzUtMTY7Mzk4LTctNDQtMjM1LTE2OzMyNC0xNC00NC0yMzUtMTY7Mzg3LTEzLTQ0LTIzNS0xNnww
1214,Ele.4,Day,33,MXwzNTEtOS00NC0yMzUtMTY7MjkyLTgtMjI5LTAtNjg7MzY2LTctNDQtMjM1LTE2OzI1My0xNC0yMjktMC02ODszOTctMTMtNDQtMjM1LTE2fDA=
1214,Ele.4,Day,34,MXwxNTctOS00NC0yMzUtMTY7MTAzNC04LTQ0LTIzNS0xNjsyMDE1NC03LTQ0LTIzNS0xNjszNTAtMTQtNDQtMjM1LTE2OzM1Mi0xMy00NC0yMzUtMTZ8MA==
1214,Ele.4,Day,35,MXwxMTItOS0yMjktMC02ODsxNjQtOC00NC0yMzUtMTY7Mzk1LTctMjI5LTAtNjg7MzM5LTE0LTIyOS0wLTY4OzEwMjItMTMtMTQ1LTIzNS0xNnww
1214,Ele.4,Day,36,MXwxMDIwLTktMjI3LTAtMTQ4OzI4MS04LTQ0LTIzNS0xNjsyMDE1Mi03LTQ0LTIzNS0xNjs0My0xNC0yMjctMC05MDsyMDEyNC0xMy0yMjctMC0zMTF8MA==
1214,Ele.4,Day,37,MXwxNDYtOS0yMjctMC05MDszNjgtOC00NC0yMzUtMTY7MzAyLTctNDQtMjM1LTE2OzM2Ny0xNC00NC0yMzUtMTY7MTY1LTEzLTQ0LTIzNS0xNnww
1214,Ele.4,Day,38,MXwxNTYtOS00NC0yMzUtMTY7MTI4LTgtMjI3LTAtMzExOzE4OS03LTQ0LTIzNS0xNjsxNjItMTQtNDQtMjMxLTE2OzEwMjUtMTMtNDQtMjMxLTE2fDA=
1214,Ele.4,Day,39,MXwzNTMtOS00NC0yMzEtMTY7MTU4LTgtNDQtMjMxLTE2OzI4My03LTQ0LTIzMS0xNjszOTMtMTQtMTYtMC0wOzMyNS0xMy0wLTIzMS0xNnww
1214,Ele.4,Day,40,MXwxNTUtOS0wLTIzMS0xNjsyMDE5OS04LTIyNy0wLTY4OzIwMDc1LTctMjI3LTAtNjg7Mzk2LTE0LTIyNy0wLTY4OzEwMjEtMTMtMjI3LTAtMTQ5fDA=
1214,Ele.4,Day,41,MXwxMDktOS0yMjctMC02ODszNDUtOC0yMjctMC02NzszMDctNy0yMjctMC02NzsyMzgtMTQtMjI3LTAtNjc7Mjc1LTEzLTIyNy0wLTMxNHww
1214,Ele.4,Day,42,MXwyMDgtOS0yMjctMC02NzsyNzYtOC0yMjctMC0zMTQ7ODUtNy0yMjctMC0zMTQ7MzkxLTE0LTAtMC0wOzM3My0xMy0wLTAtMHww
1214,Ele.4,Day,43,MXwzODItOS0wLTAtMHww
1218,Ele.8,Day,1,MXwyMDA1NS05LTQtMzItOTk7MjAxMjUtOC0yMzktMTMyLTY4OzIwMjkzLTctNC0zMi0yNzU7MjAwNjUtMTQtMTA2LTM1Ni0xNTk7MjAwODgtMTMtMzY5LTIyNC0xMDd8MA==
1218,Ele.8,Day,2,MXwyMDEyMi05LTQtMzItMTkwOzIwMDU3LTgtMTAwLTMzOC02MDszNjEtNy0xMi0zMi0yMzQ7NjItMTQtNC0zMi0xMjc7MjAwNTYtMTMtNC0xMjYtMzJ8MA==
1218,Ele.8,Day,3,MXwyMDA2Ni05LTgzLTM2OC0yMzQ7MjAwODAtOC0zNjYtMjIwLTY4Ozg1LTctMjI5LTIyNC02ODszODItMTQtMTItMzItMjM0OzIwMjA1LTEzLTgtMzItMjM0fDA=
1218,Ele.8,Day,4,MXwzNzQtOS0yMjktMjI0LTY4OzE3My04LTIyOS0zMTYtNjg7MTA0My03LTQtMzItMzg4OzIwMDY0LTE0LTEyMC0zMi0yMzQ7MjUzLTEzLTIyOS0yMjQtNjh8MA==
1218,Ele.8,Day,5,MXwyMDIxNi05LTgtMzItMjM0OzIwNi04LTgtMzItMjM0OzIwMDgxLTctMjI5LTEzMS02ODsxMTgtMTQtNC0zMi0yNDg7NTQtMTMtMzItNDQtOTF8MA==
1218,Ele.8,Day,6,MXwxMDMyLTktOC0zMi0yNTU7Mzc4LTgtOC0zMTctMjM0OzEwMjctNy00LTMyLTE4NDs3My0xNC0yOTUtMzItMjM0OzI5Mi0xMy0yMjktMjI0LTY4fDA=
1218,Ele.8,Day,7,MXwyMDA2MC05LTgtMTM1LTIzNDsyMDE5OS04LTIyOS0yMjQtNjg7MjQzLTctMzA1LTMyLTIzNDsyMzYtMTQtMzA1LTM3MC0yMzQ7MjAxNzEtMTMtMzA1LTMyLTIzNHww
1218,Ele.8,Day,8,MXwxMDQ0LTktMjI5LTIyNC02ODsxMDIxLTgtMjI5LTIyNC0xNDk7MTA5LTctMjI5LTIyNC02ODsxMDMzLTE0LTIyOS0yMjQtNjg7MzM4LTEzLTMwNS0zMi0yMzR8MA==
1218,Ele.8,Day,9,MXwxMDQwLTktMjI5LTMyNi02ODsxMDM4LTgtMzA1LTMyLTMyOTsxMDM5LTctNC0zMi0zMzA7MTk0LTE0LTMwNC0zMi0zMDk7MTEyLTEzLTIyOS00LTY4fDA=
1218,Ele.8,Day,10,MXwzNTYtOS00LTMyLTMwOTsyNzQtOC00LTExMC0zMDk7MjAyNjItNy00LTExMC00MDsyMTUtMTQtNC0xMTAtMzA5OzE3Mi0xMy0xNjktMTEwLTQwfDA=
1218,Ele.8,Day,11,MXwzMTgtOS00LTExMC0zMDk7MTAyOS04LTQtMjAzLTQwOzE4My03LTY2LTIwLTM1NzsyMDExNC0xNC0zMDUtNzItMjEzOzIwMjgyLTEzLTMzNi04MC0zMDV8MA==
1218,Ele.8,Day,12,MXwxMDYtOS00LTAtNDA7MjkwLTgtNC0wLTMwOTszMDYtNy00LTAtMzA5OzIwMDA4LTE0LTE4MC0yMzgtMzUxOzExOS0xMy00LTAtMzA5fDA=
1218,Ele.8,Day,13,MXwyMDIzMy05LTI2Ni03Mi00MDsxMzAtOC00LTAtNDA7MjAwOTctNy02Ni03Mi01ODsyMTQtMTQtNC0wLTMwOTsyMDAxMC0xMy0xNTUtNzItMzU1fDA=
1218,Ele.8,Day,14,MXwyMDAwNy05LTEzMy03Mi0xNzE7MjAwNjEtOC00LTAtNDA7MTI5LTctNC0wLTQwOzI4Ny0xNC00LTAtNDA7MjAwNzEtMTMtNC0wLTQwfDA=
1218,Ele.8,Day,15,MXwyMDIxMi05LTMwNS03Mi00MDsyMDAyNi04LTYyLTM0OC0xNTc7MjAxNjEtNy0xOTMtMzcyLTMwNTsyMDAwMS0xNC0xMjItNzItNDA7MjAxNTktMTMtMjQwLTIzNS0zMDV8MA==
1218,Ele.8,Day,16,MXwyNDItOS0yNzgtNzItNTg7Mjk3LTgtNC0wLTMwOTsyMDA2My03LTQtMC00MDsxOTYtMTQtMTA5LTAtNDA7MzIzLTEzLTQ0LTc2LTMwNXww
1218,Ele.8,Day,17,MXwyMDAxMi05LTMwNS03Mi00MDsyMjktOC0zNjQtMjM1LTMwNTsyOTQtNy0zMDUtNzItNDA7MjAyMjAtMTQtMzA1LTcyLTQwOzIwMTE1LTEzLTE5Ny03Mi02Nnww
1218,Ele.8,Day,18,MXwxNDItOS0zMzItNzItNTg7MjAxMDEtOC05Mi0zNTktMTU2OzEwMTctNy0zMDUtNzItNDA7NC0xNC0zMDUtMjcxLTQwOzk2LTEzLTMwNS03Mi0yMzd8MA==
1218,Ele.8,Day,19,MXwxMDE4LTktMzA1LTcyLTE0NzszNDMtOC0xMDktMC0zMDk7MjAxMDMtNy05Mi0zNTgtMTI1OzI1MC0xNC0zMDUtNzItNDA7MTg4LTEzLTQ0LTIzNS0zMDV8MA==
1218,Ele.8,Day,20,MXwzMDMtOS0zMDUtNzItNDA7MzU3LTgtMzA1LTcyLTQwOzE2My03LTQ0LTE3NC0zMDU7Mjg1LTE0LTMwNS03Mi01ODsyMDIyMS0xMy0zMDUtNzItNDB8MA==
1218,Ele.8,Day,21,MXwyNzItOS0zMDUtOTUtMTIxOzM5OC04LTQ0LTIzNS0zMDU7Mzg3LTctNDQtNzYtMzA1OzMyNC0xNC00NC0yMzUtMzA1OzEwNDEtMTMtMzMxLTIzNS0zMDV8MA==
1218,Ele.8,Day,22,MXwzNzUtOS0zMDUtOTUtNTg7MjEzLTgtMzUwLTIwLTY2OzM2Ni03LTQ0LTIzNS0zMDU7MjAxNDMtMTQtMTkyLTk1LTY2OzI2MC0xMy02Ni05NS01OHww
1218,Ele.8,Day,23,MXw3MC05LTY2LTAtNTg7MTYwLTgtNDQtNzYtMjkyOzEwMjYtNy0yMC0xODUtNjg7MzczLTE0LTY2LTAtNTg7MjI3LTEzLTY2LTAtNTh8MA==
1218,Ele.8,Day,24,MXwyMDAwMi05LTY2LTEwMS01ODs3Mi04LTY2LTAtMzA5OzM4Ni03LTIwLTY2LTY4OzM1MS0xNC00NC03Ni0zMDg7Mzk3LTEzLTQ0LTc2LTMwOHww
1218,Ele.8,Day,25,MXwyMDAwNS05LTY2LTIyNS0wOzE2LTgtMjM2LTIyNS02NjsxMDIyLTctMTQ1LTIzNS0zMDg7Mzk1LTE0LTIwLTAtNjg7MTU3LTEzLTQ0LTIzNS0zMDh8MA==
1218,Ele.8,Day,26,MXwxMDM0LTktNDQtMjM1LTMwODsyMDE1NC04LTQ0LTIzNS0zMDg7MjAwNzUtNy0yMC0wLTY4OzMzOS0xNC0yMC0wLTY4OzEwMC0xMy0yNzYtMjI1LTB8MA==
1218,Ele.8,Day,27,MXwyMDA5NC05LTIxOC0zNDMtMTAzOzEwMDktOC02Ni0yMjUtMDsxMDQyLTctNjYtMjI1LTM4NzsyMDA5MS0xNC02Ni0yMjUtMDszNTAtMTMtNDQtMjM1LTE2fDA=
1218,Ele.8,Day,28,MXwzNzAtOS02Ni0yMjUtMDszMzEtOC02Ni0yMjUtMDsyNjktNy02Ni0yMjUtMDszNTItMTQtNDQtMjM1LTE2OzMzMi0xMy02Ni0yMjUtMHww
1218,Ele.8,Day,29,MXwxNjQtOS00NC0yMzUtMTY7OTktOC02Ni0yMjUtMDsyOTUtNy0zNjctMjI1LTY2OzM0Ny0xNC0wLTIwLTY2OzM3OS0xMy02Ni0yMjUtMHww
1218,Ele.8,Day,30,MXwyMDAyMS05LTM1Mi0yNzItMjE5OzIwMTUyLTgtNDQtMjM1LTE2OzI4MS03LTQ0LTIzNS0xNjszOTYtMTQtMjAtMC02NzsyNDUtMTMtMC0yMjUtMjc3fDA=
1218,Ele.8,Day,31,MXwzNjgtOS00NC0yMzUtMTY7MzAyLTgtNDQtMjM1LTE2OzM2Ny03LTQ0LTIzNS0xNjsxMDI4LTE0LTIwMS0yMDAtMTk5OzE2NS0xMy00NC0yMzUtMTZ8MA==
1218,Ele.8,Day,32,MXwyMDAzMi05LTAtMjI1LTEzNDsxNTYtOC00NC0yMzUtMTY7MzQ1LTctMjAtMC02NzszMDctMTQtMjAtMC02NzsyMzgtMTMtMjAtMC02N3ww
1218,Ele.8,Day,33,MXwxODktOS00NC0yMzUtMTY7MTYyLTgtNDQtMjM1LTE2OzI3NS03LTIwLTAtMzE0OzIwOC0xNC0yMC0wLTMxNDsyNzYtMTMtMjAtMC0zMTR8MA==
1218,Ele.8,Day,34,MXwzNTQtOS0xNi0yMjUtMDszNTgtOC0xNi0yMjUtMDsxNjYtNy0xNi0yMjUtMDsyMDAxMy0xNC0xNi0yMjUtMDsyNDQtMTMtMTYtMjI1LTB8MA==
1218,Ele.8,Day,35,MXw5OC05LTE2LTIyNS0wOzEyNi04LTE2LTIyNS0wOzIyOC03LTAtMjI1LTE2ODsxMDEwLTE0LTExOC0yMjUtMDsxMzItMTMtMTYtMjI1LTB8MA==
1218,Ele.8,Day,36,MXwxMDI1LTktNDQtMjMxLTE2OzIwMTA0LTgtMC0yMjUtMTY7MzUzLTctNDQtMjMxLTE2OzM3Ni0xNC0wLTIyNS0xNjsxNTgtMTMtNDQtMjMxLTE2fDA=
1218,Ele.8,Day,37,MXwyODMtOS00NC0yMzEtMTY7MjAyLTgtMTYtMjI1LTA7MTY4LTctMTYtMjI1LTA7MTQtMTQtMTYtMjI1LTA7Ni0xMy0xNi0yMjUtMHww
1218,Ele.8,Day,38,MXwxNS05LTE2LTIyNS0wOzEwMTktOC0wLTE0Ni00OTsyMDA0Ni03LTIwLTEwNS0yOTc7MTAzNi0xNC0wLTMyOC00OTsyMDAzOS0xMy0zMzctMTExLTg2fDA=
1218,Ele.8,Day,39,MXwyMDA5NS05LTIyMS0xNTgtMzY1OzIwMDUwLTgtMjAtMTYwLTkwOzIwMDM3LTctMjAtMTI5LTkwOzQ4LTE0LTIwLTIxNy05MDsyMzEtMTMtMjAtMjgzLTkwfDA=
1218,Ele.8,Day,40,MXwyMDA1My05LTE3MC0wLTM3MTsxMDM3LTgtMjAtMzI1LTkwOzIwMDUxLTctMjAtMTA0LTkwOzIwMjUyLTE0LTE3OC0wLTkwOzI2Ni0xMy0yMC0wLTkwfDA=
1218,Ele.8,Day,41,MXwyNjEtOS01MC0wLTMxMTsyOTYtOC0zMzktMC05MDszNzctNy0zMTgtMC05MDsyMDIwMC0xNC0yMjctMC05MDszMTYtMTMtMjI3LTAtOTB8MA==
1218,Ele.8,Day,42,MXwyNTctOS0yMjctMC05MDszNDgtOC0yMjctMC05MDsxMDMxLTctMjI3LTAtMjU0OzIwMDQ0LTE0LTIyNy0wLTExNTsxMDI0LTEzLTIyNy0wLTE4M3ww
1218,Ele.8,Day,43,MXwxOTctOS0yMjctMC05MDszMjktOC0yMjctMC05MDsxOTgtNy0yMjctMC05MDsyNzAtMTQtMjExLTAtOTA7MjAyMzAtMTMtMjI3LTAtOTB8MA==
1218,Ele.8,Day,44,MXwxNDgtOS0yMjctMC05MDsyMjItOC0yMjctMC0zMTE7MTAyMC03LTIyNy0wLTE0ODs0My0xNC0yMjctMC05MDsxNDYtMTMtMjI3LTAtOTB8MA==
1218,Ele.8,Day,45,MXwyMTEtOS0yMjctMC05MDszMzctOC0yMjctMC05MDszOTEtNy0wLTAtMHww
1224,Int.4,Day,1,MXwyMDA0Ni05LTIwLTEwNS0yOTc7MjAwMzktOC0zMzctMTExLTg2OzQ4LTctMjAtMjE3LTkwOzIwMDUzLTE0LTE3MC00LTM3MTsyMDA5NS0xMy0yMjEtMTU4LTM2NXww
1224,Int.4,Day,2,MXwyMDA1MC05LTIwLTE2MC05MDsyMDI1Mi04LTE3OC00LTkwOzIwMDM3LTctMjAtMTI5LTkwOzM4MS0xNC0yMC00LTkwOzI2Ni0xMy0yMC00LTkwfDA=
1224,Int.4,Day,3,MXwyNjEtOS0yMC00LTkwOzMxNi04LTIwLTQtOTA7MjAyMDAtNy0yMC00LTkwOzEwMzEtMTQtMjAtNC0yNTQ7Mzc3LTEzLTMxOC00LTkwfDA=
1224,Int.4,Day,4,MXwyOTYtOS0zMzktNC05MDsxMDI0LTgtMjAtNC0xODM7MjMxLTctMjAtMjgzLTkwOzM0OC0xNC0yMC00LTkwOzI1Ny0xMy0yMC00LTkwfDA=
1224,Int.4,Day,5,MXwxMDM3LTktMjAtMzI1LTkwOzIwMDQ0LTgtMjAtNC0xMTU7MzI5LTctMjAtNC05MDsxOTctMTQtMjAtNC05MDsxOTgtMTMtMjAtNC05MHww
1224,Int.4,Day,6,MXwyMDIzMC05LTIwLTQtOTA7MzYtOC0yMC00LTkwOzE0OC03LTIwLTQtOTA7MTAyMC0xNC0yMC00LTE0ODsyMjItMTMtNTAtNC05MHww
1224,Int.4,Day,7,MXwyNzAtOS0yMTEtNC05MDs0My04LTIyNy00LTkwOzIwMTE0LTctMzA1LTcyLTIxMzsxODMtMTQtMjI0LTIyNy0zNTc7MjAxMjUtMTMtMjM5LTEzMi02OHww
1224,Int.4,Day,8,MXwyMDEyNC05LTIyNy00LTMxMTsyMDA4OC04LTM2OS0yMjQtMTA3OzIwMjgyLTctMzM2LTgwLTMwNTsxMjgtMTQtMjI3LTQtMzExOzIwMDA4LTEzLTE4MC0yMzgtMzUxfDA=
1224,Int.4,Day,9,MXwyMDA1MS05LTIyNy0xMDQtMDsyMDIzMy04LTI2Ni03Mi00MDsxNDYtNy0yMjctNC0wOzIxMS0xNC0yMjctNC0wOzMxMi0xMy0yMjctMTA5LTB8MA==
1224,Int.4,Day,10,MXwyNzMtOS0yMjctMTA5LTA7MjAwOTctOC0yMjQtNzItNTg7MjAwMTAtNy0xNTUtNzItMzU1OzIwMDA3LTE0LTIyNC03Mi0xNzE7MzM3LTEzLTIyNy02Ni0wfDA=
1224,Int.4,Day,11,MXwxODQtOS0yMjctNjYtMDsyMDA0OS04LTIyNy02Ni0wOzIwMjEyLTctMjI0LTcyLTU4OzI0Ny0xNC0yMjctNjYtMDsyMDE2MS0xMy0xOTMtMzcyLTMwNXww
1224,Int.4,Day,12,MXwyMDAwMS05LTEyMi03Mi00MDsyMDE1OS04LTI0MC0yMzUtMzA1OzI0Mi03LTI3OC03Mi01ODsyMDIwMS0xNC0yMjctNjYtMDszMjMtMTMtNDQtNzYtMzA1fDA=
1224,Int.4,Day,13,MXwyMDAxMi05LTIyNC03Mi00MDsyMDI1Ni04LTIyNy02Ni0wOzIwMjIwLTctMjI0LTcyLTQwOzIyOS0xNC0zNjQtMjM1LTMwNTsyOTQtMTMtMzA1LTcyLTQwfDA=
1224,Int.4,Day,14,MXwxNDItOS0zMzItNzItNTg7MjAwODAtOC0zNjYtMjIwLTY4Ozk2LTctMjI0LTcyLTIzNzs0LTE0LTIyNC0yNzEtNTg7MTAxNy0xMy0zMDUtNzItNDB8MA==
1224,Int.4,Day,15,MXwyNTAtOS0yMjQtNzItNTg7MTAxOC04LTMwNS03Mi0xNDc7MjA0LTctMjI3LTY2LTA7MTg4LTE0LTQ0LTIzNS0zMDU7MzAzLTEzLTMwNS03Mi00MHww
1224,Int.4,Day,16,MXwzNTctOS0zMDUtNzItNDA7MTYzLTgtNDQtMTc0LTMwNTsyODUtNy0zMDUtNzItNTg7MjAyMjEtMTQtMzA1LTcyLTQwOzI3Mi0xMy0zMDUtNzItNDB8MA==
1224,Int.4,Day,17,MXwzOTgtOS00NC0yMzUtMzA1OzE3My04LTIyOS0zMTYtNjg7MjAwMDUtNy0zMDUtOTUtNDA7Mzg3LTE0LTQ0LTc2LTMwNTszMjQtMTMtNDQtMjM1LTMwNXww
1224,Int.4,Day,18,MXwxMDQxLTktMzMxLTIzNS0zMDU7Mzc1LTgtMzA1LTk1LTU4OzM2Ni03LTQ0LTIzNS0zMDU7MzUxLTE0LTQ0LTIzNS0zMDU7MTYwLTEzLTQ0LTIzNS0zMDV8MA==
1224,Int.4,Day,19,MXwyNjAtOS02Ni05NS01ODsxMDM0LTgtNDQtMjM1LTMwNTsxNTctNy00NC0yMzUtMzA1OzM5Ny0xNC00NC0yMzUtMzA1OzIwMDgxLTEzLTIyOS0xMzEtNjh8MA==
1224,Int.4,Day,20,MXwyMDE1NC05LTQ0LTIzNS0zMDU7MzUwLTgtNDQtMjM1LTMwNTsyMDAwMi03LTMwNS0xMDEtNDA7MTAwOS0xNC0zMDUtOTUtNTg7MTY0LTEzLTQ0LTIzNS0zMDV8MA==
1224,Int.4,Day,21,MXwzNzQtOS0yMjktMTItNjg7MTAzMy04LTIyOS0yNTItNjg7MTA0NC03LTIyOS0zODktNjg7MTA0MC0xNC0yMjktMzI2LTY4OzI1My0xMy0yMjktMTItNjh8MA==
1224,Int.4,Day,22,MXwzNTItOS00NC03Ni0xMjA7MjAwOTEtOC02Ni0yMjUtNDA7MTAwLTctMjc2LTIyNS00MDsxMDIyLTE0LTE0NS03Ni0zMDg7OTktMTMtNjYtMjI1LTQwfDA=
1224,Int.4,Day,23,MXwzNzAtOS02Ni0yMjUtNDA7MzMyLTgtNjYtMjI1LTQwOzI2OS03LTY2LTIyNS00MDszMzEtMTQtNjYtMjI1LTQwOzI0NC0xMy02Ni0yMjUtNDB8MA==
1224,Int.4,Day,24,MXwzNzktOS02Ni0yMjUtNDA7OTgtOC02Ni0yMjUtNDA7MjgxLTctNDQtNzYtODsyMDAxMy0xNC02Ni0yMjUtNDA7MTAyNi0xMy0yMjktMTg1LTY4fDA=
1224,Int.4,Day,25,MXwzNTgtOS02Ni0yMjUtMTIxOzMwMi04LTQ0LTIxNi04OzEwNDItNy02Ni0yMjUtMzg3OzI5Mi0xNC0yMjktOC02ODsyMDE1Mi0xMy00NC0yMzEtOHww
1224,Int.4,Day,26,MXwzNjctOS00NC0yMzUtODszNjgtOC00NC0yMzEtODsxNjUtNy00NC0yMzUtMzA4OzM4Ni0xNC0yMjktNjYtNjg7MTY2LTEzLTY2LTIyNS0wfDA=
1224,Int.4,Day,27,MXwxNTYtOS00NC0yMzUtMzA4OzM1NC04LTY2LTIyNS0wOzE2Mi03LTQ0LTIzNS0zMDg7MTg5LTE0LTQ0LTIzNS0zMDg7MTI2LTEzLTY2LTIyNS0wfDA=
1224,Int.4,Day,28,MXwxNTgtOS00NC0yMzUtMzA4OzEwMTAtOC02Ni0yMjUtMDsxMDI1LTctNDQtMjM1LTE2OzM1My0xNC00NC0yMzUtMTY7MTEyLTEzLTIyOS0wLTY4fDA=
1224,Int.4,Day,29,MXwzOTUtOS0yMjktMC02ODszMzktOC0yMjktMC02ODsxMzItNy0xNi0yMjUtMDsyODMtMTQtNDQtMjMxLTE2OzMyNS0xMy00NC0yMzEtMTZ8MA==
1224,Int.4,Day,30,MXwyMDItOS0xNi0yMjUtMDsxNjgtOC0xNi0yMjUtMDsxNC03LTE2LTIyNS0wOzYtMTQtMTYtMjI1LTA7MTUtMTMtMTYtMjI1LTB8MA==
1224,Int.4,Day,31,MXwxNjctOS0xNi0yMjUtMDsyNzctOC0xNi0yMjUtMDsxMDM1LTctMTYtMjI1LTA7OS0xNC0xNi0yMjUtMDsyMDA2NS0xMy0xMDYtMzU2LTE1OXww
1224,Int.4,Day,32,MXwxNTUtOS0wLTIzMS0xNjsyMDAyNi04LTYyLTM0OC0xNTc7MjAwNTUtNy0xNi0zMi05OTsyMDA1Ny0xNC0xMDAtMzM4LTYwOzIwMTAxLTEzLTkyLTM1OS0xNTZ8MA==
1224,Int.4,Day,33,MXwyMDEwMy05LTkyLTM1OC0xMjU7MjAxOTktOC0yMjctMC02ODsyMDA3NS03LTIyNy0wLTY4OzM5Ni0xNC0yMjctMC02ODsyMDI5My0xMy0xNi0zMi0yMzR8MA==
1224,Int.4,Day,34,MXwyMDExNS05LTE5Ny0yMjUtMTY7MTAyMS04LTIyNy0wLTE0OTsyMDA2Ni03LTgzLTM2OC0yMzQ7MjAwMzItMTQtMjM0LTIyNS0xMzQ7MjAxNDMtMTMtMTkyLTIyNS0xNnww
1224,Int.4,Day,35,MXwyMDA1Ni05LTE2LTEyNi0zMjsyNDUtOC0yMzQtMjI1LTI3NzsyMDIwNS03LTE2LTMyLTIzNDsyMDEyMi0xNC0xNi0zMi0xOTA7NzMtMTMtMjk1LTMyLTIzNHww
1224,Int.4,Day,36,MXwyMDA5NC05LTIxOC0zNDMtMTAzOzIwMDY0LTgtMTYtMzItMjM0OzIwNi03LTE2LTMyLTIzNDsyMDAyMS0xNC0yMzQtMjcyLTIxOTsxNzItMTMtMTY5LTMyLTIzNHww
1224,Int.4,Day,37,MXwxMDMyLTktMTYtMzItMjU1OzIwMjE2LTgtMTYtMzItMjM0OzE2LTctMjM2LTIyNS0xNjsxOTQtMTQtMzA0LTMyLTIzNDs1NC0xMy0zMi05MS0yMzR8MA==
1224,Int.4,Day,38,MXwzNzgtOS0xNi0zMTctMjM0OzEwMjgtOC0yMDEtMjAwLTE5OTsxMDI3LTctMTYtMzItMTg0OzEwMzgtMTQtMTYtMzItMzI5OzExOC0xMy0xNi0zMi0yNDh8MA==
1224,Int.4,Day,39,MXwyMTMtOS0zNTAtMC00OTs2Mi04LTQ5LTMyLTEyNzsxMDQzLTctMC0zMi0zODg7MjI4LTE0LTMwOS0wLTE2ODsxMDI5LTEzLTIwMi0zMi0zMDl8MA==
1224,Int.4,Day,40,MXwyMDA2MC05LTAtMTM1LTMwOTsxMDE5LTgtMzA5LTE0Ni0wOzEwMzktNy0wLTMyLTMzMDszMzgtMTQtMC0zMi0zMDk7MzYxLTEzLTAtMzItMzA5fDA=
1224,Int.4,Day,41,MXwyMzYtOS0wLTM3MC0zMDk7Mjc0LTgtMC0zMi0zMDk7MjAxNzEtNy0wLTMyLTMwOTszNTYtMTQtMC0xMTAtMzA5OzIwMjYyLTEzLTAtMTEwLTMwOXww
1224,Int.4,Day,42,MXwyMTUtOS0wLTExMC0zMDk7MzkzLTgtMC0xMTAtMDszOTEtNy0wLTAtMDsyNzYtMTQtMC0wLTA7MzQ1LTEzLTAtMC0wfDA=
1224,Int.4,Day,43,MXwxMDQtOS0wLTAtMDszNzMtOC0wLTAtMDszODItNy0wLTAtMHww
1228,Int.8,Day,1,MXwyMDA0Ni05LTIwLTEwNS0yOTc7MTgzLTgtMjI0LTIwLTM1NzsyMDExNC03LTMwNS03Mi0yMTM7MjAwMzktMTQtMzM3LTExMS04NjsyODUtMTMtMjI0LTcyLTU4fDA=
1228,Int.8,Day,2,MXwyMDA1My05LTE3MC00LTM3MTsyMDAwOC04LTE4MC0yMzgtMzUxOzIwMjMzLTctMjY2LTcyLTQwOzIwMDk1LTE0LTIyMS0xNTgtMzY1OzIwMDk3LTEzLTIyNC03Mi01OHww
1228,Int.8,Day,3,MXwyMDA1MC05LTIwLTE2MC05MDszNzktOC0yMjQtNzItNTg7MjAwMTAtNy0xNTUtNzItMzU1OzIwMDA3LTE0LTIyNC03Mi0xNzE7MTQ2LTEzLTIwLTQtOTB8MA==
1228,Int.8,Day,4,MXwyNzAtOS0yMTEtNC05MDsyMDI1Mi04LTE3OC00LTkwOzIwMDM3LTctMjAtMTI5LTkwOzIwMjEyLTE0LTIyNC03Mi01ODsyMDAwMS0xMy0xMjItNzItNDB8MA==
1228,Int.8,Day,5,MXwyNjYtOS0yMC00LTkwOzI0Mi04LTI3OC03Mi01ODsyMDAxMi03LTIyNC03Mi00MDsyNjEtMTQtMjAtNC05MDsyMDIyMC0xMy0yMjQtNzItNTh8MA==
1228,Int.8,Day,6,MXwzMTYtOS0yMC00LTkwOzI5NC04LTMwNS03Mi00MDsxNDItNy0zMzItNzItNTg7MjAyMDAtMTQtMjAtNC05MDs5Ni0xMy0yMjQtNzItMjM3fDA=
1228,Int.8,Day,7,MXw0LTktMjI0LTI3MS01ODsxMDE3LTgtMzA1LTcyLTQwOzEwMTgtNy0zMDUtNzItMTQ3OzEwMzEtMTQtMjAtNC0yNTQ7Mzc3LTEzLTMxOC00LTkwfDA=
1228,Int.8,Day,8,MXwyNTAtOS0zMDUtNzItNDA7NDgtOC0yMC0yMTctOTA7Mjk2LTctMzM5LTQtOTA7MTAyNC0xNC0yMC00LTE4MzszMDMtMTMtMzA1LTcyLTQwfDA=
1228,Int.8,Day,9,MXwyMzEtOS0yMC0yODMtOTA7MzU3LTgtMzA1LTcyLTQwOzM0OC03LTIwLTQtOTA7MjU3LTE0LTIwLTQtOTA7MjAyMjEtMTMtMzA1LTcyLTQwfDA=
1228,Int.8,Day,10,MXwyNzItOS0zMDUtOTUtNDA7MjAwMDUtOC0zMDUtOTUtNDA7Mjc3LTctMzA1LTk1LTQwOzM3NS0xNC0zMDUtOTUtNTg7MTAzNy0xMy0yMC0zMjUtOTB8MA==
1228,Int.8,Day,11,MXwyMDA0NC05LTIwLTQtMTE1OzMyOS04LTIwLTQtOTA7MTk3LTctMjAtNC05MDsxOTgtMTQtMjAtNC05MDsyMDAwMi0xMy0zMDUtMTAxLTQwfDA=
1228,Int.8,Day,12,MXwyMDA1NS05LTQtMzItOTk7MjAyMzAtOC0yMC00LTkwOzE0OC03LTIwLTQtOTA7MTAyMC0xNC0yMC00LTE0ODsyMjItMTMtNTAtNC05MHww
1228,Int.8,Day,13,MXwyNjAtOS0zMDUtMjI1LTQwOzIwMDkxLTgtMzA1LTIyNS00MDsxMDA5LTctMzA1LTIyNS00MDszMzEtMTQtMzA1LTIyNS00MDszNzAtMTMtMzA1LTIyNS00MHww
1228,Int.8,Day,14,MXw5OS05LTMwNS0yMjUtNDA7MzMyLTgtMzA1LTIyNS00MDsyNjktNy0zMDUtMjI1LTQwOzEwMC0xNC0yNzYtMjI1LTU4OzQzLTEzLTIyNy00LTkwfDA=
1228,Int.8,Day,15,MXwyMDI5My05LTQtMzItMjc1OzMxMi04LTIyNy00LTkwOzIwMDY1LTctMTA2LTM1Ni0xNTk7MjQ0LTE0LTMwNS0yMjUtNDA7OTgtMTMtMzA1LTIyNS00MHww
1228,Int.8,Day,16,MXwyMDAxMy05LTMwNS0yMjUtMTIxOzEwNDItOC0zMDUtMjI1LTM4NzsyMDEyNS03LTIzOS0xMzItNjg7MjAxMjQtMTQtMjI3LTQtMzExOzIwMTIyLTEzLTQtMzItMTkwfDA=
1228,Int.8,Day,17,MXwyMDA1Ny05LTEwMC0zMzgtNjA7MTI4LTgtMjI3LTEwOS0zMTE7MjAwNTYtNy0xMDktMTI2LTMyOzM1OC0xNC0zMDUtMjI1LTA7MzU0LTEzLTMwNS0yMjUtMHww
1228,Int.8,Day,18,MXwxNjYtOS0zMDUtMjI1LTA7MjAwNTEtOC0yMjctMTA0LTA7MTI2LTctMzA1LTIyNS0wOzIwMDg4LTE0LTM2OS0xMi0xMDc7MTAxMC0xMy0zMDUtMjI1LTB8MA==
1228,Int.8,Day,19,MXwxMzItOS0zMDUtMjI1LTA7MjAwNjYtOC04My0zNjgtMjM0OzIxMS03LTIyNy02Ni0wOzMzNy0xNC0yMjctNjYtMDsyMDItMTMtMzA1LTIyNS0wfDA=
1228,Int.8,Day,20,MXwyNzMtOS0yMjctNjYtMDsxODQtOC0yMjctNjYtMDsxNC03LTMwNS0yMjUtMDsyMDA0OS0xNC0yMjctNjYtMDsyMDIwNS0xMy04LTMyLTIzNHww
1228,Int.8,Day,21,MXwyNDctOS0yMjctNjYtMDsxNjgtOC02Ni0yMjUtMDszODEtNy0yMjctNjYtMDsyMDAyNi0xNC02Mi0zNDgtMTU3OzIxMy0xMy0yMzQtMjI3LTEyfDA=
1228,Int.8,Day,22,MXw2LTktNjYtMjI1LTA7MTY3LTgtNjYtMjI1LTA7MjAyMDEtNy0yMjctNjYtMDszNDctMTQtMjM0LTIyNy0xMjA7MTUtMTMtNjYtMjI1LTB8MA==
1228,Int.8,Day,23,MXwyMDI1Ni05LTIyNy02Ni0wOzIwMDY0LTgtOC0zMi0yMzQ7MjAwODAtNy0zNjYtMjIwLTY4OzIwMjE2LTE0LTgtMzItMjM0OzIwMTAxLTEzLTkyLTM1OS0xNTZ8MA==
1228,Int.8,Day,24,MXwyMDYtOS04LTMyLTIzNDsyMDExNS04LTE5Ny0yMjUtODs1NC03LTMyLTQ0LTkxOzEwMzItMTQtOC0zMi0yNTU7MjAxMDMtMTMtOTItMzU4LTEyNXww
1228,Int.8,Day,25,MXwyMDQtOS0yMjctNjYtMDs3My04LTI5NS0zMi0yMzQ7MTAzNS03LTY2LTIyNS0wOzktMTQtNjYtMjI1LTA7MTczLTEzLTIyOS0zMTYtNjh8MA==
1228,Int.8,Day,26,MXwxMDI3LTktNjYtMzItMTg0OzI0My04LTY2LTMyLTIzNDsxMTgtNy02Ni0zMi0yNDg7MjAwNjAtMTQtNjYtMTM1LTIzNDszNzgtMTMtNjYtMzE3LTIzNHww
1228,Int.8,Day,27,MXwyMzYtOS02Ni0zNzAtMjM0OzIwMTcxLTgtNjYtMzItMjM0OzM2MS03LTY2LTMyLTIzNDsxMDQzLTE0LTY2LTMyLTM4ODsyMDA4MS0xMy0yMjktMTMxLTY4fDA=
1228,Int.8,Day,28,MXwxOTQtOS0zMDQtMzItMzA5OzEwMzMtOC0yMjktMjUyLTY4OzEwNDQtNy0yMjktMzg5LTY4OzEwNDAtMTQtMjI5LTMyNi02ODsyMDE0My0xMy0xOTItMjI1LTE2fDA=
1228,Int.8,Day,29,MXwxMDM4LTktMTYtMzItMzI5OzYyLTgtMTYtMzItMTI3OzEwMjYtNy0yMjktMTg1LTY4OzE3Mi0xNC0xNjktMzItMzA5OzIwMDk0LTEzLTIxOC0zNDMtMTAzfDA=
1228,Int.8,Day,30,MXwxMDI5LTktMjAyLTMyLTMwOTsxNi04LTIzNi0yMjUtMTY7MjQ1LTctMzA5LTIyNS0yNzc7MjAwMzItMTQtMzA5LTIyNS0xMzQ7MjAwMjEtMTMtMzUyLTI3Mi0yMTl8MA==
1228,Int.8,Day,31,MXwzNzQtOS0yMjktMC02ODsxMDI4LTgtMjAxLTIwMC0xOTk7MTAzOS03LTE2LTMyLTMzMDszMzgtMTQtMTYtMzItMzA5OzI3NC0xMy0xNi0xMTAtMzA5fDA=
1228,Int.8,Day,32,MXwyOTItOS0yMjktMC02ODsyNTMtOC0yMjktMC02ODszNTYtNy0xNi0xMTAtMzA5OzIwMjYyLTE0LTE2LTExMC0zMDk7Mjk1LTEzLTM2Ny0wLTE2fDA=
1228,Int.8,Day,33,MXwyMTUtOS0xNi0xMTAtMzA5OzExMi04LTIyOS0wLTY4OzI5MC03LTE2LTExMC0zMDk7Mzk1LTE0LTIyOS0wLTY4OzM4Ni0xMy0yMjktMTYtNjh8MA==
1228,Int.8,Day,34,MXwzMzktOS0yMjktMC02ODsyMjgtOC0zMDktMC0xNjg7MTAxOS03LTAtMTQ2LTE2OzEwMzYtMTQtMC0zMjgtMTY7MjAxOTktMTMtMjI3LTAtNjh8MA==
1228,Int.8,Day,35,MXwyMDA3NS05LTIyNy0wLTY4OzM5Ni04LTIyNy0wLTY4OzIwMjgyLTctMzM2LTc2LTMwODsyMDE1OS0xNC0yNDAtNzYtMzA4OzIwMTYxLTEzLTE5My03Ni0zMDh8MA==
1228,Int.8,Day,36,MXwxNjAtOS00NC03Ni0yOTI7MjI5LTgtMzY0LTc2LTMwODszOTMtNy0xNi0wLTA7MzIzLTE0LTQ0LTgwLTMwODsxNjMtMTMtNDQtMTc0LTMwOHww
1228,Int.8,Day,37,MXwxODgtOS00NC0yMzUtMTY7MTA0MS04LTMzMS0yMzUtMTY7Mzk4LTctNDQtMjM1LTE2OzMyNC0xNC00NC0yMzUtMTY7Mzg3LTEzLTQ0LTIzNS0xNnww
1228,Int.8,Day,38,MXwzNTEtOS00NC0yMzUtMTY7MzY2LTgtNDQtMjM1LTE2OzM5Ny03LTQ0LTIzNS0xNjsxNTctMTQtNDQtMjM1LTE2OzIwMTU0LTEzLTQ0LTIzNS0xNnww
1228,Int.8,Day,39,MXwxMDM0LTktNDQtMjM1LTE2OzM1MC04LTQ0LTIzNS0xNjszNTItNy00NC0yMzUtMTY7MTY0LTE0LTQ0LTIzNS0xNjsxMDIyLTEzLTE0NS0yMzUtMTZ8MA==
1228,Int.8,Day,40,MXwyODEtOS00NC0yMzUtNDk7MjAxNTItOC00NC0yMzUtNDk7MzY4LTctNDQtMjM1LTA7MzAyLTE0LTQ0LTIzNS0wOzM2Ny0xMy00NC0yMzUtMHww
1228,Int.8,Day,41,MXwxNjUtOS00NC0yMzUtMDsxNTYtOC00NC0yMzUtMDsxODktNy00NC0yMzUtMDsxNjItMTQtNDQtMjMxLTA7MTAyNS0xMy00NC0yMzEtMHww
1228,Int.8,Day,42,MXwzNTMtOS00NC0yMzEtMDsxNTgtOC00NC0yMzEtMDszMjUtNy00NC0yMzEtMDszOTEtMTQtMC0wLTA7MTA0LTEzLTAtMC0wfDA=
1228,Int.8,Day,43,MXwzNzMtOS0wLTAtMDszODItOC0wLTAtMDsxMDIxLTctMC0wLTA7Mjc2LTE0LTAtMC0wOzM0NS0xMy0wLTAtMHww
1233,Adv.3,Day,1,MXwyMDI4Mi05LTMzNi04MC0zMDU7MjAwNDYtOC0yMC0xMDUtMjk3OzE4My03LTIyNC0yMC0zNTc7MjAxMTQtMTQtMzA1LTcyLTIxMzsxNjQtMTMtNDQtMjM1LTMwNXww
1233,Adv.3,Day,2,MXwzMTYtOS0yMC00LTkwOzIwMDM5LTgtMzM3LTExMS04NjsyMDA1My03LTE3MC00LTM3MTszNjgtMTQtNDQtMjM1LTMwNTsyNjAtMTMtMjI0LTcyLTU4fDA=
1233,Adv.3,Day,3,MXwyMDE2MS05LTE5My0zNzItMzA1OzIwMDA4LTgtMTgwLTIzOC0zNTE7MjAxNTktNy0yNDAtMjM1LTMwNTsyMDIzMy0xNC0yNjYtNzItNDA7MjAwOTUtMTMtMjIxLTE1OC0zNjV8MA==
1233,Adv.3,Day,4,MXwzMjMtOS00NC03Ni0zMDU7MjAwOTctOC0yMjQtNzItNTg7MjI5LTctMzY0LTIzNS0zMDU7MjAwNTAtMTQtMjAtMTYwLTkwOzIwMDEwLTEzLTE1NS03Mi0zNTV8MA==
1233,Adv.3,Day,5,MXwyMDAwNy05LTIyNC03Mi0xNzE7MTg4LTgtNDQtMjM1LTMwNTsyMDI1Mi03LTE3OC00LTkwOzE2My0xNC00NC0xNzQtMzA1OzM5OC0xMy00NC0yMzUtMzA1fDA=
1233,Adv.3,Day,6,MXwzODctOS00NC03Ni0zMDU7MzI0LTgtNDQtMjM1LTMwNTsyMDAzNy03LTIwLTEyOS05MDsxMDQxLTE0LTMzMS0yMzUtMzA1OzIwMjEyLTEzLTIyNC03Mi01OHww
1233,Adv.3,Day,7,MXwzNjYtOS00NC0yMzUtMzA1OzM1MS04LTQ0LTIzNS0zMDU7MTYwLTctNDQtMjM1LTMwNTsxMDM0LTE0LTQ0LTIzNS0zMDU7MTU3LTEzLTQ0LTIzNS0zMDV8MA==
1233,Adv.3,Day,8,MXwyMDAwMS05LTEyMi03Mi00MDszOTctOC00NC0yMzUtMzA1OzIwMTU0LTctNDQtMjM1LTMwNTsyNjYtMTQtMjAtNC05MDszNTAtMTMtNDQtMjM1LTMwNXww
1233,Adv.3,Day,9,MXwyNDItOS0yNzgtNzItNTg7MjAwMTItOC0yMjQtNzItNDA7MjYxLTctMjAtNC05MDsyMDIyMC0xNC0yMjQtNzItNTg7Mjk0LTEzLTMwNS03Mi00MHww
1233,Adv.3,Day,10,MXwzNTItOS00NC0yMzUtMzA1OzE0Mi04LTMzMi03Mi01ODsxMDIyLTctMTQ1LTIzNS0zMDU7MjAyMDAtMTQtMjAtNC05MDs5Ni0xMy0yMjQtNzItMjM3fDA=
1233,Adv.3,Day,11,MXw0LTktMjI0LTI3MS01ODsyMDE1Mi04LTQ0LTIzNS0zMDU7MTAxNy03LTMwNS03Mi00MDsyNTAtMTQtMjI0LTcyLTU4OzI4MS0xMy00NC0yMzUtMzA1fDA=
1233,Adv.3,Day,12,MXwxMDE4LTktMzA1LTcyLTE0NzsxMDMxLTgtMjAtNC0yNTQ7Mzc3LTctMzE4LTQtOTA7NDgtMTQtMjAtMjE3LTkwOzI5Ni0xMy0zMzktNC05MHww
1233,Adv.3,Day,13,MXwxMDI0LTktMjAtNC0xODM7MTY1LTgtNDQtMjM1LTMwNTszMDMtNy0zMDUtNzItNDA7MjMxLTE0LTIwLTI4My05MDszNTctMTMtMzA1LTcyLTQwfDA=
1233,Adv.3,Day,14,MXwzNDgtOS0yMC00LTkwOzI1Ny04LTIwLTQtOTA7Mjg1LTctMzA1LTcyLTU4OzI3Mi0xNC02Ni03Mi00MDsyMDIyMS0xMy02Ni05NS00MHww
1233,Adv.3,Day,15,MXwzNzUtOS02Ni05NS01ODsyMDAwNS04LTY2LTk1LTQwOzEwMzctNy0yMC0zMjUtOTA7MzY3LTE0LTQ0LTc2LTEyOzIwMDQ0LTEzLTIwLTQtMTE1fDA=
1233,Adv.3,Day,16,MXwzMjktOS0yMC00LTkwOzMwMi04LTQ0LTIxNi0xMjsxOTctNy0yMC00LTkwOzE5OC0xNC0yMC00LTkwOzIwMDU1LTEzLTQtMzItOTl8MA==
1233,Adv.3,Day,17,MXwyMDIzMC05LTIwLTQtOTA7MTAwLTgtMjc2LTk1LTQwOzIwMDAyLTctNjYtMTAxLTQwOzE0OC0xNC0yMC00LTkwOzEwMjAtMTMtMjAtNC0xNDh8MA==
1233,Adv.3,Day,18,MXwxODktOS00NC03Ni0xMjA7MjIyLTgtMjAtNC05MDszMTItNy01MC00LTkwOzI3MC0xNC0yMTEtNC05MDsxNTYtMTMtNDQtNzYtOHww
1233,Adv.3,Day,19,MXwyMDA5MS05LTY2LTIyNS00MDs0My04LTIyNy00LTkwOzEwMDktNy02Ni0yMjUtNDA7MjAyOTMtMTQtNC0zMi0yNzU7MjAwNjUtMTMtMTA2LTM1Ni0xNTl8MA==
1233,Adv.3,Day,20,MXwxNDYtOS0yMjctNC05MDs5OS04LTY2LTIyNS00MDszNzAtNy02Ni0yMjUtNDA7MzMyLTE0LTY2LTIyNS00MDsyNjktMTMtNjYtMjI1LTQwfDA=
1233,Adv.3,Day,21,MXwxNjItOS00NC0yMzUtODszMzEtOC02Ni0yMjUtNDA7MjQ0LTctNjYtMjI1LTQwOzM3OS0xNC02Ni0yMjUtNDA7MzUzLTEzLTQ0LTIzMS04fDA=
1233,Adv.3,Day,22,MXwxMDI1LTktNDQtMjMxLTg7OTgtOC02Ni0yMjUtNDA7MjAwMTMtNy02Ni0yMjUtNDA7MTU4LTE0LTQ0LTIzNS0zMDg7MzU4LTEzLTY2LTIyNS0xMjF8MA==
1233,Adv.3,Day,23,MXwyODMtOS00NC0yMzEtODsyMDEyNS04LTIzOS0xMzItNjg7MjAxMjQtNy0yMjctNC0zMTE7MzI1LTE0LTQ0LTIzMS04OzIwMTIyLTEzLTQtMzItMTkwfDA=
1233,Adv.3,Day,24,MXwxMDQyLTktNjYtMjI1LTM4NzsyMDA1Ny04LTEwMC0zMzgtNjA7MTI4LTctMjI3LTEwOS0zMTE7MjAwNTYtMTQtMTA5LTEyNi0zMjsyMDA1MS0xMy0yMjctMTA0LTB8MA==
1233,Adv.3,Day,25,MXwxNjYtOS02Ni0yMjUtMDszNTQtOC02Ni0yMjUtMDsxMjYtNy02Ni0yMjUtMDsxMDEwLTE0LTY2LTIyNS0wOzIwMDg4LTEzLTM2OS0yODUtMTA3fDA=
1233,Adv.3,Day,26,MXwxMzItOS02Ni0yMjUtMDsyMDA2Ni04LTgzLTM2OC0yMzQ7MjExLTctMjI3LTY2LTA7MzM3LTE0LTIyNy02Ni0wOzIwMDI2LTEzLTYyLTM0OC0xNTd8MA==
1233,Adv.3,Day,27,MXwyMDA4MC05LTM2Ni0yMjAtNjg7MjAyMDUtOC0xNi0zMi0yMzQ7MjAxMDEtNy05Mi0zNTktMTU2OzIwMTAzLTE0LTkyLTM1OC0xMjU7NzMtMTMtMjk1LTMyLTIzNHww
1233,Adv.3,Day,28,MXwyMDItOS0xNi0yMjUtMDsxNjgtOC0xNi0yMjUtMDsxNC03LTE2LTIyNS0wOzYtMTQtMTYtMjI1LTA7MTUtMTMtMTYtMjI1LTB8MA==
1233,Adv.3,Day,29,MXwxNzMtOS0yMjktMzE2LTY4OzE2Ny04LTE2LTIyNS0wOzI3Ny03LTE2LTIyNS0wOzIwMDY0LTE0LTE2LTMyLTIzNDsyMDYtMTMtMTYtMzItMjM0fDA=
1233,Adv.3,Day,30,MXwxNzItOS0xNjktMzItMjM0OzIwMDgxLTgtMjI5LTEzMS02ODsxMDMyLTctMTYtMzItMjU1OzIwMTE1LTE0LTE5Ny0yMjUtMTY7MjAyMTYtMTMtMTYtMzItMjM0fDA=
1233,Adv.3,Day,31,MXwxOTQtOS0zMDQtMzItMjM0OzE1NS04LTAtMjMxLTMwODs1NC03LTMyLTkxLTIzNDszNzgtMTQtMTYtMzE3LTIzNDsyNDMtMTMtMTYtMzItMjM0fDA=
1233,Adv.3,Day,32,MXwyMDA2MC05LTE2LTEzNS0yMzQ7MjAxNzEtOC0xNi0zMi0yMzQ7MjM2LTctMTYtMzcwLTIzNDsxMDM1LTE0LTE2LTIyNS0wOzktMTMtMTYtMjI1LTB8MA==
1233,Adv.3,Day,33,MXwxMDMzLTktMjI5LTI1Mi02ODsxMDQ0LTgtMjI5LTM4OS02ODsxMDQwLTctMjI5LTMyNi02ODsxMDI3LTE0LTE2LTMyLTE4NDsyMDE0My0xMy0xOTItMjI1LTE2fDA=
1233,Adv.3,Day,34,MXwxMDM4LTktMTYtMzItMzI5OzExOC04LTE2LTMyLTI0ODsyMTMtNy0zNTAtMjI3LTE2OzYyLTE0LTE2LTMyLTEyNzsxMDQzLTEzLTE2LTMyLTM4OHww
1233,Adv.3,Day,35,MXwxMDI2LTktMjI5LTE4NS02ODsyMDA5NC04LTIxOC0zNDMtMTAzOzEwMjktNy0yMDItMzItMzA5OzE2LTE0LTIzNi0yMjUtMTY7MjQ1LTEzLTMwOS0yMjUtMjc3fDA=
1233,Adv.3,Day,36,MXwyMDAzMi05LTMwOS0yMjUtMTM0OzIwMDIxLTgtMzUyLTI3Mi0yMTk7Mzc0LTctMjI5LTAtNjg7MTAyOC0xNC0yMDEtMjAwLTE5OTsxMDM5LTEzLTE2LTMyLTMzMHww
1233,Adv.3,Day,37,MXwzMzgtOS0xNi0zMi0zMDk7MzYxLTgtMTYtMzItMzA5OzI3NC03LTQ5LTExMC0zMDk7MjkyLTE0LTIyOS0wLTY4OzI1My0xMy0yMjktMC02OHww
1233,Adv.3,Day,38,MXwzNTYtOS00OS0xMTAtMzA5OzIwMjYyLTgtMC0xMTAtMzA5OzIxNS03LTAtMTEwLTMwOTsxMTItMTQtMjI5LTAtNjg7MjkwLTEzLTAtMTEwLTMwOXww
1233,Adv.3,Day,39,MXwzOTUtOS0yMjktMC02ODszODYtOC0yMjktMC02ODszMzktNy0yMjktMC02ODsyMjgtMTQtMzA5LTAtMTY4OzM0Ny0xMy0zMDktMjI3LTB8MA==
1233,Adv.3,Day,40,MXwyMDE5OS05LTIyNy0wLTY4OzIwMDc1LTgtMjI3LTAtNjg7Mzk2LTctMjI3LTAtNjg7MTAyMS0xNC0yMjctMC0xNDk7MTA5LTEzLTIyNy0wLTY4fDA=
1233,Adv.3,Day,41,MXwzNDUtOS0yMjctMC02NzszMDctOC0yMjctMC02NzsyMzgtNy0yMjctMC02NzsyNzUtMTQtMjI3LTAtMzE0OzIwOC0xMy0yMjctMC02N3ww
1233,Adv.3,Day,42,MXwyNzYtOS0yMjctMC0zMTQ7MzkxLTgtMC0wLTA7MTA0LTctMC0wLTA7MzczLTE0LTAtMC0wOzEwMTktMTMtMC0wLTB8MA==
1233,Adv.3,Day,43,MXwzODItOS0wLTAtMHww
1236,Adv.6,Night,1,MXwyMDA1NS05LTE2LTMyLTk5OzIwMjkzLTgtMTYtMzItMjM0OzIwMDY1LTctMTYtMzU2LTE1OTsyMTMtMTQtMzUwLTIwLTE2OzM1Ni0xMy0xNi0zMi0yMzR8MA==
1236,Adv.6,Night,2,MXwyMDA1Ni05LTE2LTEyNi0zMjsyMTQtOC0xNi0zMi0yMzQ7MjAyMDUtNy0xNi0zMi0yMzQ7MjAxMjItMTQtMTYtMzItMTkwOzIwMTE1LTEzLTE5Ny03Mi0xNnww
1236,Adv.6,Night,3,MXwyMDA1Ny05LTE2LTMzOC02MDsyMDA2NC04LTE2LTMyLTIzNDsyMDYtNy0xNi0zMi0yMzQ7MTAzMi0xNC0xNi0zMi0yNTU7MjAyMTYtMTMtMTYtMzItMjM0fDA=
1236,Adv.6,Night,4,MXwzNzgtOS0xNi0zMTctMjM0OzIwMDY2LTgtMTYtMzY4LTIzNDsyNDMtNy0xNi0zMi0yMzQ7MjAwMjYtMTQtNjItMzQ4LTE2OzIwMDYwLTEzLTE2LTEzNS0yMzR8MA==
1236,Adv.6,Night,5,MXwyMDE3MS05LTE2LTMyLTIzNDsyMzYtOC0xNi0zNzAtMjM0OzM2MS03LTE2LTMyLTIzNDsyMDE0My0xNC0xOTItNzItMTY7MjAxMDMtMTMtOTItMzU4LTE2fDA=
1236,Adv.6,Night,6,MXwzNzYtOS00MC0yMjUtMzA1OzEwMjctOC0xNi0zMi0xODQ7MTAzOC03LTE2LTMyLTMyOTsxMTgtMTQtMTYtMzItMjQ4OzM0Ny0xMy00MC0yMC0xNnww
1236,Adv.6,Night,7,MXwyMDEwNC05LTQwLTcyLTE2OzIwMTAxLTgtOTItMzU5LTE2OzYyLTctNDktMzItMTI3OzEwNDMtMTQtNDktMzItMzg4OzE2LTEzLTIzNi0yMjUtMzA1fDA=
1236,Adv.6,Night,8,MXwyNDUtOS00MC0yMjUtMjc3OzM0MS04LTQwLTIyNS0zMDU7NTQtNy0zMi00NC05MTsyMjgtMTQtNDAtMjI1LTE2ODszODAtMTMtNDAtMjI1LTMwNXww
1236,Adv.6,Night,9,MXwyMDAyMS05LTQwLTIyNS0yMTk7MjAwMzItOC00MC0yMjUtMzA1OzMxNS03LTQwLTIyNS0zMDU7MjAwMjktMTQtNDAtMjI1LTMwNTsyMzQtMTMtNDAtMjI1LTMwNXww
1236,Adv.6,Night,10,MXwxMDE5LTktNDAtMjI1LTMwNTsyOTUtOC0zNjctMjI1LTMwNTsyMDEzMS03LTQwLTIyNS0zMDU7MjgtMTQtNDAtMjI1LTMwNTsyMDA5NC0xMy00MC0zNDMtMTAzfDA=
1236,Adv.6,Night,11,MXwyMDEzNi05LTQwLTIyNS0zMDU7MTM1LTgtNDAtMjI1LTMwNTszNjQtNy00MC0yMjUtMzA1OzIwMTc4LTE0LTQwLTIyNS0zMDU7MjAtMTMtNDAtMjI1LTMwNXww
1236,Adv.6,Night,12,MXwxMDI4LTktNDAtMjI1LTMwNTsyMDAzMS04LTQwLTIyNS0zMDU7MzYzLTctMTIxLTIyNS0zMDU7MjAyODItMTQtMzM2LTgwLTMwNTszMTEtMTMtNTgtMjI1LTMwNXww
1236,Adv.6,Night,13,MXwxMDMwLTktNTgtMjI1LTMwNTsxMjctOC01OC0yMjUtMzA1OzI1MS03LTU4LTIyNS0zMDU7MTAyMy0xNC01OC0yMjUtMzA1OzEwMzYtMTMtNTgtMzI4LTMwNXww
1236,Adv.6,Night,14,MXwyMDE2MS05LTE5My0zNzItMzA1OzMyMy04LTQ0LTIzNS0zMDU7MjctNy01OC0yMjUtMzA1OzIwMTU5LTE0LTI0MC0yMzUtMzA1OzIwMTE0LTEzLTMwNS0yMjUtMjEzfDA=
1236,Adv.6,Night,15,MXwyMjktOS0zNjQtMjM1LTMwNTszMzMtOC01OC0yMjUtNjY7MjAwOTMtNy01OC0yMjUtNjY7MTk0LTE0LTMwNC0zMi01ODsyMDAwOC0xMy0xODAtMjM4LTM1MXww
1236,Adv.6,Night,16,MXw3My05LTI5NS0zMi0zMDk7MjAwMTAtOC0xNTUtMjg0LTM1NTsxODgtNy00NC03Ni0xMjszOTgtMTQtNDQtNzYtMTI7MTAyOS0xMy0xMjAtMzItMjA0fDA=
1236,Adv.6,Night,17,MXwyMDI2Mi05LTY2LTMyLTMwOTsxODMtOC0yMjQtMjAtMzU3OzEwMDktNy0xMTctNzItMDsxNjAtMTQtNDQtNzYtMjkyOzIwMjMzLTEzLTI2Ni03Mi0wfDA=
1236,Adv.6,Night,18,MXwzMzgtOS02Ni0xMTAtMzA5OzM4Ny04LTQ0LTIzNS04OzEwMzktNy00LTExMC0zMzA7MTcyLTE0LTE2OS0xMTAtMzA5OzMyNC0xMy00NC0yMzUtMzA4fDA=
1236,Adv.6,Night,19,MXwyMDAwNy05LTY2LTM0Mi0xNzE7MTU3LTgtNDQtMjM1LTg7MTE5LTctNjYtMTEwLTMwOTsyMTUtMTQtNjYtMTEwLTMwOTszNTEtMTMtNDQtMjM1LTh8MA==
1236,Adv.6,Night,20,MXwzOTctOS00NC0yMzUtODsyMDE1NC04LTQ0LTIzNS04OzEwMzQtNy00NC0yMzUtMzA4OzM2Ni0xNC00NC0yMzUtMzA4OzEwMjItMTMtMTQ1LTIzNS0zMDh8MA==
1236,Adv.6,Night,21,MXwxMDQxLTktMzMxLTIzNS0zMDg7MTY0LTgtNDQtMjM1LTg7MzUwLTctNDQtMjM1LTMwODsyMi0xNC0zMDktNzItNjY7MTAyLTEzLTMwOS03Mi02Nnww
1236,Adv.6,Night,22,MXwzNTItOS00NC0yMzUtNDsxNjMtOC00NC0xNzQtNDsxMDE4LTctNjYtNzItMTQ3OzEwMTctMTQtMTM3LTEzOS0xNDE7MjAxNTItMTMtNDQtMjM1LTR8MA==
1236,Adv.6,Night,23,MXwyNS05LTMwOS03Mi02NjsyODEtOC00NC0yMzUtNDsxMDEwLTctMTE4LTcyLTA7MTY1LTE0LTQ0LTIzNS00Ozk2LTEzLTY2LTcyLTIzN3ww
1236,Adv.6,Night,24,MXwxMDYtOS02Ni0wLTMwOTsxNTYtOC00NC0yMzUtNDsyMDA5Ny03LTIyNC03Mi0wOzMwMi0xNC00NC0yMzUtNDsyOTAtMTMtNjYtMC0zMDl8MA==
1236,Adv.6,Night,25,MXwzNjgtOS00NC0yMzUtNDsxMzAtOC02Ni0wLTMwOTsyNDItNy0yNzgtNzItMDszNjctMTQtNDQtMjM1LTQ7MjAwMDEtMTMtMTIyLTcyLTB8MA==
1236,Adv.6,Night,26,MXwyMDIxMi05LTIyNC03Mi0wOzE4OS04LTQ0LTc2LTQ7MTYyLTctNDQtNzYtNDsxNDItMTQtMzMyLTcyLTA7Mjk0LTEzLTY2LTcyLTB8MA==
1236,Adv.6,Night,27,MXwxMDI1LTktNDQtMjMxLTQ7MTU4LTgtNDQtMjMxLTQ7MzMxLTctNjYtNzItMDsyMDAwNS0xNC02Ni03Mi0wOzIwMDEyLTEzLTY2LTcyLTB8MA==
1236,Adv.6,Night,28,MXwyMDIyMC05LTIyNC03Mi0wOzMyNS04LTQ0LTIzMS00OzI4My03LTQ0LTIzMS00OzMwMy0xNC02Ni05NS0wOzI1MC0xMy0yMjQtOTUtMHww
1236,Adv.6,Night,29,MXw0LTktMjI0LTI3MS0wOzM3NS04LTIyNC05NS0wOzM1Ny03LTY2LTk1LTA7MjAwMDItMTQtNjYtMTAxLTA7MTA0Mi0xMy02Ni0wLTM4N3ww
1236,Adv.6,Night,30,MXwyMDEyNS05LTIzOS0xMzItNjg7MTU1LTgtMC0yMzEtNDszNTMtNy0wLTIzMS00OzIwMDgwLTE0LTM2Ni0yMjAtNjg7MjAwODgtMTMtMzY5LTIyNC0xMDd8MA==
1236,Adv.6,Night,31,MXwxNzMtOS0yMjktMzE2LTY4OzIwMDgxLTgtMjI5LTEzMS02ODszNzQtNy0yMjktMjI0LTY4OzI1My0xNC0yMjktMjI0LTY4OzM5My0xMy02Ni0wLTB8MA==
1236,Adv.6,Night,32,MXwxMDMzLTktMjI5LTI1Mi0zMTQ7MjkyLTgtMjI5LTQtMzE0OzExMi03LTIyOS00LTMxNDsxMDQ0LTE0LTIyOS0zODktNjg7MjAwNDYtMTMtMjAtMTA1LTI5N3ww
1236,Adv.6,Night,33,MXwxMDI2LTktMjI5LTE4NS02ODszMzktOC0yMjktNC02ODszOTUtNy0yMjktNC02ODsyMDA3NS0xNC0yMjktNC02ODsxMDQwLTEzLTIyOS0zMjYtNjh8MA==
1236,Adv.6,Night,34,MXwyMDA1My05LTE3MC00LTM3MTsyMDAzOS04LTMzNy0xMTEtODY7MjAwNTAtNy0yMC0xNjAtOTA7MzkxLTE0LTAtMC0wOzIwMDk1LTEzLTIyMS0xNTgtMzY1fDA=
1236,Adv.6,Night,35,MXwyMDI1Mi05LTE3OC00LTkwOzIwMDM3LTgtMjAtMTI5LTkwOzI2Ni03LTIwLTQtOTA7MjAyMDAtMTQtMjAtNC05MDszOTYtMTMtMjAtNC02OHww
1236,Adv.6,Night,36,MXwzODYtOS0yMC02Ni02ODsyNjEtOC0yMC0xMDktOTA7MjAxOTktNy0yMC0xMDktNjg7MjMxLTE0LTIwLTI4My05MDs0OC0xMy0yMC0yMTctOTB8MA==
1236,Adv.6,Night,37,MXwxMDM3LTktMjAtMzI1LTkwOzEwOS04LTIwLTAtNjg7MzA3LTctMjAtMC02ODsyMDgtMTQtMjAtMC02ODsxMDIxLTEzLTIwLTAtMTQ5fDA=
1236,Adv.6,Night,38,MXwyNzYtOS0yMC0wLTY4OzI1Ny04LTIwLTAtOTA7MjM4LTctMjAtMC02NzsyMDA1MS0xNC0yMC0xMDQtOTA7MzQ1LTEzLTUwLTAtNjd8MA==
1236,Adv.6,Night,39,MXw4NS05LTIyNy0wLTY3OzI3NS04LTIyNy0wLTY3OzM3Ny03LTMxOC0wLTkwOzIwMDQ0LTE0LTIyNy0wLTMxMTsyOTYtMTMtMzM5LTAtOTB8MA==
1236,Adv.6,Night,40,MXwzMTYtOS0yMjctMC05MDszNDgtOC0yMjctMC05MDsxOTctNy0yMjctMC05MDszMzctMTQtMjI3LTAtOTA7MTAzMS0xMy0yMjctMC0yNTR8MA==
1236,Adv.6,Night,41,MXwzMjktOS0yMjctMC05MDsyMDIzMC04LTIyNy0wLTkwOzE5OC03LTIyNy0wLTkwOzIyMi0xNC0yMjctMC0zMTE7MjAwNDktMTMtMjI3LTAtOTB8MA==
1236,Adv.6,Night,42,MXwxMDI0LTktMjI3LTAtMTgzOzE0OC04LTIyNy0wLTkwOzEwMjAtNy0yMjctMC0xNDg7MjExLTE0LTIyNy0wLTkwOzE0Ni0xMy0yMjctMC05MHww
1236,Adv.6,Night,43,MXwzNzMtOS0wLTAtMDszODItOC0wLTAtMDszNzAtNy0wLTAtMDsyNDQtMTQtMC0wLTB8MA==
1238,Adv.8,Day,1,MXwyMDA0Ni05LTIwLTEwNS0yOTc7MjAxMjUtOC0yMzktMTMyLTY4OzIwMDg4LTctMzY5LTIyNC0xMDc7MjAyODItMTQtMzM2LTgwLTMwNTsyMDAzOS0xMy0zMzctMTExLTg2fDA=
1238,Adv.8,Day,2,MXwzNjYtOS00NC0yMzUtMzA1OzIwMDUzLTgtMTcwLTQtMzcxOzIwMDk1LTctMjIxLTE1OC0zNjU7MjAwNTAtMTQtMjAtMTYwLTkwOzMwNy0xMy0yMjktMjI0LTY4fDA=
1238,Adv.8,Day,3,MXwxNjItOS00NC0yMzUtMzA1OzIwMjUyLTgtMTc4LTQtOTA7MjAxNjEtNy0xOTMtMzcyLTMwNTsyMDE1OS0xNC0yNDAtMjM1LTMwNTsyMDAzNy0xMy0yMC0xMjktOTB8MA==
1238,Adv.8,Day,4,MXwzMjMtOS00NC03Ni0zMDU7MjI5LTgtMzY0LTIzNS0zMDU7MjAwODAtNy0zNjYtMjIwLTY4OzI2Ni0xNC0yMC00LTkwOzM3NC0xMy0yMjktMjI0LTY4fDA=
1238,Adv.8,Day,5,MXwxODgtOS00NC0yMzUtMzA1OzI2MS04LTIwLTQtOTA7MzE2LTctMjAtNC05MDsyMDIwMC0xNC0yMC00LTkwOzE2My0xMy00NC0xNzQtMzA1fDA=
1238,Adv.8,Day,6,MXwzOTgtOS00NC0yMzUtMzA1OzE3My04LTIyOS0zMTYtNjg7MTAzMS03LTIwLTQtMjU0OzM4Ny0xNC00NC03Ni0zMDU7MzI0LTEzLTQ0LTIzNS0zMDV8MA==
1238,Adv.8,Day,7,MXwzNzctOS0zMTgtNC05MDsxMDQxLTgtMzMxLTIzNS0zMDU7Mjk2LTctMzM5LTQtOTA7NDgtMTQtMjAtMjE3LTkwOzEwMjQtMTMtMjAtNC0xODN8MA==
1238,Adv.8,Day,8,MXwzNTEtOS00NC0yMzUtMzA1OzE2MC04LTQ0LTIzNS0zMDU7MjMxLTctMjAtMjgzLTkwOzEwMzQtMTQtNDQtMjM1LTMwNTsxNTctMTMtNDQtMjM1LTMwNXww
1238,Adv.8,Day,9,MXwyNTMtOS0yMjktMjI0LTY4OzM0OC04LTIwLTQtOTA7MjU3LTctMjAtNC05MDszOTctMTQtNDQtMjM1LTMwNTsyMDA4MS0xMy0yMjktMTMxLTY4fDA=
1238,Adv.8,Day,10,MXwyMDE1NC05LTQ0LTIzNS0zMDU7MzUwLTgtNDQtMjM1LTMwNTsxNjQtNy00NC0yMzUtMzA1OzI5Mi0xNC0yMjktMjI0LTY4OzM1Mi0xMy00NC0yMzUtMzA1fDA=
1238,Adv.8,Day,11,MXwxMDM3LTktMjAtMzI1LTkwOzIwMTk5LTgtMjI5LTIyNC02ODsyMDA0NC03LTIwLTQtMTE1OzMyOS0xNC0yMC00LTkwOzEwMjItMTMtMTQ1LTIzNS0zMDV8MA==
1238,Adv.8,Day,12,MXwyMDE1Mi05LTQ0LTIzNS0zMDU7MTk3LTgtMjAtNC05MDsxMDQ0LTctMjI5LTIyNC02ODsxOTgtMTQtMjAtNC05MDsyODEtMTMtNDQtMjM1LTMwNXww
1238,Adv.8,Day,13,MXwxMDIxLTktMjI5LTIyNC0xNDk7MTAzMy04LTIyOS0yMjQtNjg7MTA5LTctMjI5LTIyNC02ODsyMDIzMC0xNC0yMC00LTkwOzEwNDAtMTMtMjI5LTMyNi02OHww
1238,Adv.8,Day,14,MXwxNjUtOS00NC0yMzUtMzA1OzE0OC04LTIwLTQtOTA7MTAyMC03LTIwLTQtMTQ4OzM2Ny0xNC00NC0yMzUtMzA1OzM2OC0xMy00NC0yMzUtMzA1fDA=
1238,Adv.8,Day,15,MXwyMjItOS0yMC00LTkwOzMxMi04LTIwLTQtOTA7NDMtNy01MC00LTkwOzI3MC0xNC0yMTEtNC05MDszMDItMTMtNDQtMjE2LTMwNXww
1238,Adv.8,Day,16,MXwxNTYtOS00NC03Ni0zMDU7MTg5LTgtNDQtNzYtMzA1OzExMi03LTIyOS00LTY4OzE0Ni0xNC0yMjctNC05MDsxMDI1LTEzLTQ0LTc2LTMwNXww
1238,Adv.8,Day,17,MXwxNTgtOS00NC0yMzEtMzA1OzIwMTI0LTgtMjI3LTQtMzExOzM1My03LTQ0LTIzMS0xMjsyMDAyNi0xNC02Mi0zNDgtMTU3OzIxMy0xMy0yMzQtMjI3LTEyfDA=
1238,Adv.8,Day,18,MXwyMDExNC05LTY2LTcyLTIxMzsxMjgtOC0yMjctNC0zMTE7MjAxMTUtNy0xOTctNzItMTIwOzE4My0xNC02Ni0yMjctMzU3OzIwMDUxLTEzLTIyNy0xMDQtMHww
1238,Adv.8,Day,19,MXwyMTEtOS0yMjctNC0wOzI4My04LTQ0LTIzMS04OzMyNS03LTQ0LTIzMS04OzIwMTAxLTE0LTkyLTM1OS0xNTY7MjczLTEzLTIyNy0xMDktMHww
1238,Adv.8,Day,20,MXwzMzctOS0yMjctMTA5LTA7MjAxMDMtOC05Mi0zNTgtMTI1OzIwMDA4LTctMTgwLTIzOC0zNTE7MjAxNDMtMTQtMTkyLTcyLTg7MjAyMzMtMTMtMjY2LTcyLTQwfDA=
1238,Adv.8,Day,21,MXwzNDctOS0yMzQtMjI3LTg7MjAwMzItOC0yMzQtNzItMTM0OzE4NC03LTIyNy02Ni0wOzIwMDQ5LTE0LTIyNy02Ni0wOzM3Ni0xMy00MC03Mi04fDA=
1238,Adv.8,Day,22,MXwyMDA5Ny05LTY2LTcyLTU4OzI0Ny04LTIyNy02Ni0wOzM4MS03LTIyNy02Ni0wOzIwMDEwLTE0LTE1NS03Mi0zNTU7MjAxMDQtMTMtNDAtNzItOHww
1238,Adv.8,Day,23,MXwyMDIwMS05LTIyNy02Ni0wOzIwMDA3LTgtMTMzLTcyLTE3MTsyNDUtNy00MC03Mi0yNzc7MjAyNTYtMTQtMjI3LTY2LTA7MjAwMDEtMTMtMTIyLTcyLTQwfDA=
1238,Adv.8,Day,24,MXwyMDIxMi05LTY2LTcyLTU4OzIwNC04LTIyNy02Ni0wOzI0Mi03LTI3OC03Mi01ODsxNi0xNC0yMzYtNzItNjY7MjAwMjEtMTMtNDAtMjcyLTIxOXww
1238,Adv.8,Day,25,MXwyMDAxMi05LTY2LTcyLTQwOzM0MS04LTQwLTcyLTY2OzIyOC03LTQwLTcyLTE2ODsxNDItMTQtMzMyLTcyLTU4OzI5NC0xMy02Ni03Mi00MHww
1238,Adv.8,Day,26,MXwyMDIyMC05LTY2LTcyLTQwOzQtOC02Ni0yNzEtNDA7OTYtNy02Ni05NS0yMzc7MTAxNy0xNC02Ni05NS00MDsxMDE4LTEzLTY2LTk1LTE0N3ww
1238,Adv.8,Day,27,MXwyNTAtOS02Ni05NS00MDsyMDA5NC04LTIxOC0zNDMtMTAzOzM2LTctMjI3LTY2LTA7MTAxOS0xNC00MC0xNDYtNjY7Mjk1LTEzLTM2Ny0yMjUtNjZ8MA==
1238,Adv.8,Day,28,MXwyMDAyOS05LTQwLTIyNS02NjsxNTUtOC0wLTIzMS0zMDg7MTAyOC03LTQwLTIwMC0xOTk7MzE1LTE0LTQwLTIyNS0xNjsyMDAwNS0xMy0xNi0yMjUtNDB8MA==
1238,Adv.8,Day,29,MXwzMDMtOS0xNi0yMjUtNDA7MTAwLTgtMjc2LTIyNS01ODsyMzQtNy00MC0yMjUtMTY7MjAwMDItMTQtMTYtMTAxLTQwOzIwMjIxLTEzLTE2LTIyNS00MHww
1238,Adv.8,Day,30,MXwyOC05LTEyMS0yMjUtMTY7MzU3LTgtMTYtMjI1LTU4OzI4NS03LTE2LTIyNS01ODszNzUtMTQtMTYtMjI1LTU4OzI3Mi0xMy0xNi0yMjUtNTh8MA==
1238,Adv.8,Day,31,MXwxMDA5LTktMTE3LTIyNS01ODsxMDI2LTgtMjI3LTE4NS02ODsxMDM2LTctMjM0LTMyOC0xNjsyMDEzNi0xNC0yMzQtMjI1LTE2OzIwMTMxLTEzLTIzNC0yMjUtMTZ8MA==
1238,Adv.8,Day,32,MXwxMzUtOS0yMzQtMjI1LTE2OzIwLTgtMjM0LTIyNS0xNjsyNjAtNy0xNi0yMjUtMDsxMDQyLTE0LTE2LTIyNS0zODc7MzY0LTEzLTIzNC0yMjUtMTZ8MA==
1238,Adv.8,Day,33,MXwyMDA5MS05LTE2LTIyNS0wOzMzMS04LTE2LTIyNS0wOzM2My03LTIzNC0yMjUtMTY7Mzk1LTE0LTIyNy0wLTY4OzM3MC0xMy0xNi0yMjUtMHww
1238,Adv.8,Day,34,MXwzMzItOS0xNi0yMjUtMDsyNjktOC0xNi0yMjUtMDsxMDIzLTctMjM0LTIyNS0xNjsxMjctMTQtMjM0LTIyNS0xNjszMTEtMTMtMjM0LTIyNS0xNnww
1238,Adv.8,Day,35,MXw5OS05LTE2LTIyNS0wOzIwMTc4LTgtMjM0LTIyNS0xNjsyMDA2NS03LTEwNi0zNTYtMTU5OzIwMDU1LTE0LTE2LTMyLTk5OzIwMDU3LTEzLTEwMC0zMzgtNjB8MA==
1238,Adv.8,Day,36,MXwyNy05LTMwOS0wLTQ5OzM4MC04LTMwOS0wLTQ5OzM4Ni03LTMyLTAtNjg7MjAyOTMtMTQtMC0zMi0yNzU7MjAwNTYtMTMtMTI2LTAtMzJ8MA==
1238,Adv.8,Day,37,MXwyMDEyMi05LTAtMzItMTkwOzIwMDY2LTgtODMtMzY4LTMwOTs3My03LTI5NS0zMi0zMDk7MTAzMi0xNC0wLTMyLTI1NTsxOTQtMTMtMzA0LTMyLTMwOXww
1238,Adv.8,Day,38,MXwxMDI3LTktMC0zMi0xODQ7MTAzOC04LTAtMzItMzI5OzExOC03LTAtMzItMjQ4OzYyLTE0LTAtMzItMTI3OzEwNDMtMTMtMC0zMi0zODh8MA==
1238,Adv.8,Day,39,MXwxNzItOS0xNjktMzItMzA5OzIwMjA1LTgtMC0zMi0zMDk7MTAyOS03LTIwMi0zMi0zMDk7NTQtMTQtMzItOTEtMzA5OzIwMDY0LTEzLTAtMzItMzA5fDA=
1238,Adv.8,Day,40,MXwyMDIxNi05LTAtMzItMzA5OzIwNi04LTAtMzItMzA5OzEwMzktNy0wLTMyLTMzMDszOTMtMTQtMC0zMi0wOzM5MS0xMy0wLTAtMHww
1238,Adv.8,Day,41,MXwyNDQtOS0wLTAtMDsxMDEwLTgtMC0wLTA7Mjc2LTctMC0wLTA7Mzk2LTE0LTAtMC0wOzM0NS0xMy0wLTAtMHww
1238,Adv.8,Day,42,MXwzNjEtOS0wLTAtMDszNzMtOC0wLTAtMDszODItNy0wLTAtMDszNzgtMTQtMC0wLTB8MA==
1243,Core3,Day,1,MXwyMDA0Ni05LTIwLTEwNS0yOTc7MjAyODItOC0zMzYtODAtMzA1OzE4My03LTIyNC0yMC0zNTc7MjAxMjUtMTQtMjM5LTEzMi02ODsyMDA4OC0xMy0zNjktMjI0LTEwN3ww
1243,Core3,Day,2,MXwyMDExNC05LTMwNS03Mi0yMTM7MjAwMzktOC0zMzctMTExLTg2Ozk2LTctMjI0LTcyLTIzNzsyMDA1My0xNC0xNzAtNC0zNzE7MzAzLTEzLTMwNS03Mi00MHww
1243,Core3,Day,3,MXwzNjctOS00NC0yMzUtMzA1OzIwMDk1LTgtMjIxLTE1OC0zNjU7MjAxNjEtNy0xOTMtMzcyLTMwNTsyMDAwOC0xNC0xODAtMjM4LTM1MTsxMDktMTMtMjI5LTIyNC02OHww
1243,Core3,Day,4,MXwyMDE1OS05LTI0MC0yMzUtMzA1OzIwMjMzLTgtMjY2LTcyLTQwOzExMi03LTIyOS0yMjQtNjg7MjAwNTAtMTQtMjAtMTYwLTkwOzMyMy0xMy00NC03Ni0zMDV8MA==
1243,Core3,Day,5,MXwyMDA5Ny05LTIyNC03Mi01ODsyMjktOC0zNjQtMjM1LTMwNTsyMDI1Mi03LTE3OC00LTkwOzIwMDEwLTE0LTE1NS03Mi0zNTU7MjAwMDctMTMtMjI0LTcyLTE3MXww
1243,Core3,Day,6,MXwxODgtOS00NC0yMzUtMzA1OzMzNy04LTIwLTQtOTA7MjAwMzctNy0yMC0xMjktOTA7MTYzLTE0LTQ0LTE3NC0zMDU7Mzk4LTEzLTQ0LTIzNS0zMDV8MA==
1243,Core3,Day,7,MXwzODctOS00NC03Ni0zMDU7MzI0LTgtNDQtMjM1LTMwNTsyMDA4MC03LTM2Ni0yMjAtNjg7MTA0MS0xNC0zMzEtMjM1LTMwNTsyMDIxMi0xMy0yMjQtNzItNTh8MA==
1243,Core3,Day,8,MXwzNjYtOS00NC0yMzUtMzA1OzI2Ni04LTIwLTQtOTA7MzUxLTctNDQtMjM1LTMwNTsxNjAtMTQtNDQtMjM1LTMwNTsxMDM0LTEzLTQ0LTIzNS0zMDV8MA==
1243,Core3,Day,9,MXwxNTctOS00NC0yMzUtMzA1OzIwMDAxLTgtMTIyLTcyLTQwOzM5Ny03LTQ0LTIzNS0zMDU7MjAxNTQtMTQtNDQtMjM1LTMwNTszNzQtMTMtMjI5LTIyNC02OHww
1243,Core3,Day,10,MXwyNjEtOS0yMC00LTkwOzMxNi04LTIwLTQtOTA7MjQyLTctMjc4LTcyLTU4OzM1MC0xNC00NC0yMzUtMzA1OzE2NC0xMy00NC0yMzUtMzA1fDA=
1243,Core3,Day,11,MXwyMDIwMC05LTIwLTQtOTA7MjAwMTItOC0yMjQtNzItNDA7Mjk0LTctMzA1LTcyLTQwOzIwMjIwLTE0LTMwNS03Mi00MDszNTItMTMtNDQtMjM1LTMwNXww
1243,Core3,Day,12,MXwxNzMtOS0yMjktMzE2LTY4OzEwMzEtOC0yMC00LTI1NDsxNDItNy0zMzItNzItNTg7MTAyMi0xNC0xNDUtMjM1LTMwNTszNzctMTMtMzE4LTQtOTB8MA==
1243,Core3,Day,13,MXwyOTYtOS0zMzktNC05MDs0OC04LTIwLTIxNy05MDsxMDI0LTctMjAtNC0xODM7MjAxNTItMTQtNDQtMjM1LTMwNTsxMDE3LTEzLTMwNS03Mi00MHww
1243,Core3,Day,14,MXw0LTktMzA1LTI3MS00MDsyODEtOC00NC0yMzUtMzA1OzEwMTgtNy0zMDUtNzItMTQ3OzIzMS0xNC0yMC0yODMtOTA7MzQ4LTEzLTIwLTQtOTB8MA==
1243,Core3,Day,15,MXwyNTAtOS0zMDUtNzItNDA7MjU3LTgtMjAtNC05MDsyMDA4MS03LTIyOS0xMzEtNjg7MzU3LTE0LTY2LTcyLTU4OzI4NS0xMy02Ni03Mi01OHww
1243,Core3,Day,16,MXwxMDM3LTktMjAtMzI1LTkwOzIwMDQ0LTgtMjAtNC0xMTU7MjcyLTctNjYtNzItNDA7MzI5LTE0LTIwLTQtOTA7MjAyMjEtMTMtNjYtNzItNDB8MA==
1243,Core3,Day,17,MXwzNzUtOS02Ni05NS01ODsxOTctOC0yMC00LTkwOzIwMDA1LTctNjYtOTUtNDA7MTk4LTE0LTIwLTQtOTA7MjYwLTEzLTY2LTk1LTU4fDA=
1243,Core3,Day,18,MXwxMDMzLTktMjI5LTI1Mi02ODsyMDIzMC04LTIwLTQtOTA7MzAyLTctNDQtMjE2LTEyOzEwNDQtMTQtMjI5LTM4OS02ODsxMDQwLTEzLTIyOS0zMjYtNjh8MA==
1243,Core3,Day,19,MXwxNDgtOS0yMC00LTkwOzEwMjAtOC0yMC00LTE0ODszNjgtNy00NC03Ni0xMjsxMDAtMTQtMjc2LTk1LTU4OzE2NS0xMy00NC03Ni0xMjB8MA==
1243,Core3,Day,20,MXwyMDAwMi05LTY2LTEwMS00MDsyMjItOC01MC00LTkwOzI5Mi03LTIyOS00LTY4OzI1My0xNC0yMjktNC02ODsyNzAtMTMtMjExLTQtOTB8MA==
1243,Core3,Day,21,MXwzOTUtOS0yMjktNC02ODsxODktOC00NC03Ni04OzM4Ni03LTIyOS00LTY4OzQzLTE0LTIyNy00LTkwOzMxMi0xMy0yMjctNC05MHww
1243,Core3,Day,22,MXwzMzktOS0yMjktMTA5LTY4OzEwMDktOC02Ni0yMjUtNTg7MjAwOTEtNy02Ni0yMjUtNDA7OTktMTQtNjYtMjI1LTQwOzM3MC0xMy02Ni0yMjUtNDB8MA==
1243,Core3,Day,23,MXwxNTYtOS00NC0yMzEtODszMzItOC02Ni0yMjUtNDA7MjY5LTctNjYtMjI1LTQwOzE2Mi0xNC00NC0yMzUtODszMzEtMTMtNjYtMjI1LTQwfDA=
1243,Core3,Day,24,MXwyNDQtOS02Ni0yMjUtNDA7Mzc5LTgtNjYtMjI1LTQwOzM1My03LTQ0LTIzMS04OzEwMjUtMTQtNDQtMjMxLTg7MjAxMjQtMTMtMjI3LTEwOS0zMTF8MA==
1243,Core3,Day,25,MXw5OC05LTY2LTIyNS00MDsyMDAxMy04LTY2LTIyNS00MDsxNTgtNy00NC0yMzUtMzA4OzM1OC0xNC02Ni0yMjUtMTIxOzI4My0xMy00NC0yMzUtOHww
1243,Core3,Day,26,MXwxMDQyLTktNjYtMjI1LTM4NzszMjUtOC00NC0yMzEtMzA4OzIwMDUxLTctMjI3LTEwNC0wOzE2Ni0xNC02Ni0yMjUtMDszNTQtMTMtNjYtMjI1LTB8MA==
1243,Core3,Day,27,MXwxMjgtOS0yMjctNjYtMzExOzEyNi04LTY2LTIyNS0wOzEwMTAtNy0xMTgtMjI1LTA7MTMyLTE0LTE2LTIyNS0wOzIwMDY1LTEzLTEwNi0zNTYtMTU5fDA=
1243,Core3,Day,28,MXwyMDA1NS05LTE2LTMyLTk5OzIwMi04LTE2LTIyNS0wOzIwMDU3LTctMTAwLTMzOC02MDsxNjgtMTQtMTYtMjI1LTA7MTQtMTMtMTYtMjI1LTB8MA==
1243,Core3,Day,29,MXw2LTktMTYtMjI1LTA7MTUtOC0xNi0yMjUtMDsxNjctNy0xNi0yMjUtMDsyNzctMTQtMTYtMjI1LTA7MTU1LTEzLTAtMjMxLTMwOHww
1243,Core3,Day,30,MXwxMDM1LTktMTYtMjI1LTA7OS04LTE2LTIyNS0wOzIwMjkzLTctMTYtMzItMjM0OzIwMDY2LTE0LTgzLTM2OC0yMzQ7MjAwNTYtMTMtMTYtMTI2LTMyfDA=
1243,Core3,Day,31,MXwyMDIwNS05LTE2LTMyLTIzNDsyMDEyMi04LTE2LTMyLTE5MDsxMDI2LTctMjI3LTE4NS02ODs3My0xNC0yOTUtMzItMjM0OzIwMDI2LTEzLTYyLTM0OC0xNTd8MA==
1243,Core3,Day,32,MXwyMDA2NC05LTE2LTMyLTIzNDsyMDYtOC0xNi0zMi0yMzQ7MTcyLTctMTY5LTMyLTIzNDsxMDMyLTE0LTE2LTMyLTI1NTsyMDIxNi0xMy0xNi0zMi0yMzR8MA==
1243,Core3,Day,33,MXwxOTQtOS0zMDQtMzItMjM0OzIwMTAxLTgtOTItMzU5LTE1Njs1NC03LTMyLTkxLTIzNDszNzgtMTQtMTYtMzE3LTIzNDsyMDEwMy0xMy05Mi0zNTgtMTI1fDA=
1243,Core3,Day,34,MXwyNDMtOS0xNi0zMi0yMzQ7MjAwNjAtOC0xNi0xMzUtMjM0OzIwMTcxLTctMTYtMzItMjM0OzIwMTk5LTE0LTIyNy0wLTY4OzIwMDc1LTEzLTIyNy0wLTY4fDA=
1243,Core3,Day,35,MXwxMDI3LTktMTYtMzItMTg0OzEwMzgtOC0xNi0zMi0zMjk7Mzk2LTctMjI3LTAtNjg7MjAxMTUtMTQtMTk3LTIyNS0xNjsxMTgtMTMtMTYtMzItMjQ4fDA=
1243,Core3,Day,36,MXwxMDIxLTktMjI3LTAtMTQ5OzYyLTgtMTYtMzItMTI3OzEwNDMtNy0xNi0zMi0zODg7MjAxNDMtMTQtMTkyLTIyNS0xNjsxMDI5LTEzLTIwMi0zMi0zMDl8MA==
1243,Core3,Day,37,MXwzNDUtOS0yMjctMC02NzszMDctOC0yMjctMC02NzsyMTMtNy0zNTAtMjI3LTE2OzIzOC0xNC0yMjctMC02NzsyNzUtMTMtMjI3LTAtMzE0fDA=
1243,Core3,Day,38,MXwyMDgtOS0yMjctMC02NzsyNzYtOC0yMjctMC0zMTQ7ODUtNy0yMjctMC0zMTQ7MjAwOTQtMTQtMjE4LTM0My0xMDM7MTAzOS0xMy00OS0zMi0zMzB8MA==
1243,Core3,Day,39,MXwzMzgtOS00OS0zMi0zMDk7MzYxLTgtMC0zMi0zMDk7MjM2LTctMC0zNzAtMzA5OzE2LTE0LTIzNi0yMjUtMDsyNDUtMTMtMzA5LTIyNS0yNzd8MA==
1243,Core3,Day,40,MXwyNzQtOS0wLTExMC0zMDk7MjAwMzItOC0zMDktMjI1LTEzNDszNTYtNy0wLTExMC0zMDk7MjAyNjItMTQtMC0xMTAtMzA5OzIwMDIxLTEzLTM1Mi0yNzItMjE5fDA=
1243,Core3,Day,41,MXwyMTUtOS0wLTExMC0zMDk7MjkwLTgtMC0xMTAtMzA5OzEwMjgtNy0yMDEtMjAwLTE5OTsyMjgtMTQtMzA5LTAtMTY4OzM5MS0xMy0wLTAtMHww
1243,Core3,Day,42,MXwxMDQtOS0wLTAtMDszNzMtOC0wLTAtMDszODItNy0wLTAtMDsxMDE5LTE0LTAtMC0wfDA=
1246,Core6,Day,1,MXwyMjktOS0zNjQtODAtMzA1OzIwMTI1LTgtMjM5LTEzMi02ODsyMDA4OC03LTM2OS0yMjQtMTA3OzIwMjgyLTE0LTMzNi0yMzUtMzA1OzE3My0xMy0yMjktMzE2LTY4fDA=
1246,Core6,Day,2,MXwxNjAtOS00NC0yMzUtMzA1OzIzOC04LTIyOS0yMjQtNjg7MjAxNjEtNy0xOTMtMzcyLTMwNTsyMDE1OS0xNC0yNDAtMjM1LTMwNTszMjMtMTMtNDQtNzYtMzA1fDA=
1246,Core6,Day,3,MXwyMDA4MC05LTM2Ni0yMjAtNjg7Mzc0LTgtMjI5LTIyNC02ODsxODgtNy00NC0yMzUtMzA1OzE2My0xNC00NC0xNzQtMzA1OzM5OC0xMy00NC0yMzUtMzA1fDA=
1246,Core6,Day,4,MXwyMDA1NS05LTQtMzItOTk7Mzg3LTgtNDQtNzYtMzA1OzMyNC03LTQ0LTIzNS0zMDU7MTA0MS0xNC0zMzEtMjM1LTMwNTszNjYtMTMtNDQtMjM1LTMwNXww
1246,Core6,Day,5,MXwzNTEtOS00NC0yMzUtMzA1OzEwMzQtOC00NC0yMzUtMzA1OzE1Ny03LTQ0LTIzNS0zMDU7MjUzLTE0LTIyOS0yMjQtNjg7Mzk3LTEzLTQ0LTIzNS0zMDV8MA==
1246,Core6,Day,6,MXwyMDA4MS05LTIyOS0xMzEtNjg7MjAxNTQtOC00NC0yMzUtMzA1OzM1MC03LTQ0LTIzNS0zMDU7MTY0LTE0LTQ0LTIzNS0zMDU7MjkyLTEzLTIyOS0yMjQtNjh8MA==
1246,Core6,Day,7,MXwzNTItOS00NC0yMzUtMzA1OzIwMTk5LTgtMjI5LTIyNC02ODsxMDIyLTctMTQ1LTIzNS0zMDU7MjAxNTItMTQtNDQtMjM1LTMwNTsxMDQ0LTEzLTIyOS0yMjQtNjh8MA==
1246,Core6,Day,8,MXwyODEtOS00NC0yMzUtMzA1OzIwMjkzLTgtNC0zMi0yNzU7MTAyMS03LTIyOS0yMjQtMTQ5OzEwMzMtMTQtMjI5LTIyNC02ODsxMDktMTMtMjI5LTIyNC02OHww
1246,Core6,Day,9,MXwyMDA2NS05LTEwNi0zNTYtMTU5OzEwNDAtOC0yMjktMzI2LTY4OzE2NS03LTQ0LTIzNS0zMDU7MzY3LTE0LTQ0LTIzNS0zMDU7MzY4LTEzLTQ0LTIzNS0zMDV8MA==
1246,Core6,Day,10,MXwzMDItOS00NC0yMzUtMzA1OzE1Ni04LTQ0LTc2LTMwNTsxODktNy00NC03Ni0zMDU7MTYyLTE0LTQ0LTc2LTMwNTsyMDEyMi0xMy00LTMyLTE5MHww
1246,Core6,Day,11,MXwyMDA1Ny05LTEwMC0zMzgtNjA7MTEyLTgtMjI5LTQtNjg7MjAwNDYtNy0yMC0xMDUtMjk3OzIwMDU2LTE0LTQtMTI2LTMyOzEwMjUtMTMtNDQtMjMxLTMwNXww
1246,Core6,Day,12,MXwxNTgtOS00NC0yMzEtMzA1OzIxMy04LTIzNC0yMC0xMjszNDctNy0yMzQtMjAtMTI7MzUzLTE0LTQ0LTIzMS0xMjA7MjAwMjYtMTMtNjItMzQ4LTE1N3ww
1246,Core6,Day,13,MXwyMDA2Ni05LTgzLTM2OC0yMzQ7MjAwMzktOC0zMzctMTExLTg2OzIwMTE1LTctMTk3LTcyLTg7MjAwNTMtMTQtMTcwLTQtMzcxOzIwMjA1LTEzLTgtMzItMjM0fDA=
1246,Core6,Day,14,MXwyODMtOS00NC0yMzEtODszMjUtOC00NC0yMzEtODsyMDEwMS03LTkyLTM1OS0xNTY7MjAxMDMtMTQtOTItMzU4LTEyNTsyMDA5NS0xMy0yMjEtMTU4LTM2NXww
1246,Core6,Day,15,MXwxMDQzLTktNC0zMi0zODg7MjAxNDMtOC0xOTItNzItODsyMDAzMi03LTIzNC03Mi0xMzQ7MjAwNjQtMTQtOC0zMi0yMzQ7MjAwNTAtMTMtMjAtMTYwLTkwfDA=
1246,Core6,Day,16,MXwxMTgtOS00LTMyLTI0ODsxMDI3LTgtNC0zMi0xODQ7NzMtNy0yOTUtMzItMjM0OzM3Ni0xNC00MC03Mi02Njs1NC0xMy0zMi00MC05MXww
1246,Core6,Day,17,MXwyMDI1Mi05LTE3OC00LTkwOzYyLTgtNC0zMi0xMjc7MjA2LTctNjYtMzItMjM0OzEwMzItMTQtNjYtMzItMjU1OzIwMjE2LTEzLTY2LTMyLTIzNHww
1246,Core6,Day,18,MXwyNDUtOS00MC03Mi0yNzc7MjAwMzctOC0yMC0xMjktOTA7MjQzLTctNjYtMzItMjM0OzIwMTA0LTE0LTQwLTcyLTY2OzIwMDYwLTEzLTY2LTEzNS0yMzR8MA==
1246,Core6,Day,19,MXwzNzgtOS02Ni0zMTctMjM0OzIzNi04LTY2LTM3MC0yMzQ7MjAxNzEtNy02Ni0zMi0yMzQ7MjY2LTE0LTIwLTQtOTA7MTAzOS0xMy00LTMyLTMzMHww
1246,Core6,Day,20,MXwyNjEtOS0yMC00LTkwOzMxNi04LTIwLTQtOTA7MjAyMDAtNy0yMC00LTkwOzEwMzgtMTQtNjYtMzItMzI5OzE5NC0xMy0zMDQtMzItMzA5fDA=
1246,Core6,Day,21,MXwxNi05LTIzNi03Mi02NjsyMDAyMS04LTQwLTI3Mi0yMTk7MzM4LTctNC0zMi0zMDk7MzQxLTE0LTQwLTcyLTY2OzEwMzEtMTMtMjAtNC0yNTR8MA==
1246,Core6,Day,22,MXwzNjEtOS00LTMyLTMwOTsyMjgtOC00MC03Mi0xNjg7Mzc3LTctMzE4LTQtOTA7Mjk2LTE0LTMzOS00LTkwOzQ4LTEzLTIwLTIxNy05MHww
1246,Core6,Day,23,MXwxMDI0LTktMjAtNC0xODM7MzU2LTgtNC0zMi0zMDk7MjMxLTctMjAtMjgzLTkwOzM0OC0xNC0yMC00LTkwOzI3NC0xMy00LTMyLTMwOXww
1246,Core6,Day,24,MXwyNTctOS0yMC00LTkwOzIwMjYyLTgtNC0xMTAtNDA7MjAwOTQtNy0yMTgtMzQzLTEwMzsyMTUtMTQtNC0xMTAtMzA5OzE3Mi0xMy0xNjktMTEwLTQwfDA=
1246,Core6,Day,25,MXwzMTgtOS0xMDktMTEwLTMwOTsxMDM3LTgtMjAtMzI1LTkwOzI5NS03LTM2Ny03Mi02NjsyOTAtMTQtMTA5LTExMC0zMDk7MjAwMjktMTMtNDAtNzItNjZ8MA==
1246,Core6,Day,26,MXwzMTUtOS00MC03Mi02NjsxMDE5LTgtNDAtMTQ2LTY2OzIzNC03LTQwLTcyLTY2OzIwMTMxLTE0LTQwLTcyLTY2OzI4LTEzLTQwLTcyLTY2fDA=
1246,Core6,Day,27,MXwyMDEzNi05LTQwLTcyLTY2OzEwMjktOC0yMDItMjAzLTQwOzE1NS03LTAtMjMxLTMwODsxMzUtMTQtNDAtNzItNjY7MjAwNTEtMTMtMjAtMTA0LTkwfDA=
1246,Core6,Day,28,MXwyMC05LTQwLTcyLTY2OzEwMjgtOC00MC03Mi02NjszNjQtNy00MC03Mi02NjsxMDI2LTE0LTIwLTE4NS02ODsyMDAzMS0xMy00MC03Mi0xNnww
1246,Core6,Day,29,MXwyMDE3OC05LTQwLTk1LTE2OzM2My04LTEyMS05NS0xNjsyMDA0NC03LTIwLTAtMTE1OzMyOS0xNC0yMC0wLTkwOzM5NS0xMy0yMC0wLTY4fDA=
1246,Core6,Day,30,MXwxOTctOS0yMC0wLTkwOzIwMjMwLTgtMjAtMC05MDsxOTgtNy01MC0wLTkwOzEwMzYtMTQtNTgtMzI4LTE2OzEyNy0xMy01OC05NS0xNnww
1246,Core6,Day,31,MXwzMTEtOS01OC05NS0xNjsyNzAtOC0yMTEtMC05MDsxNDgtNy0yMjctMC05MDsxMDIzLTE0LTU4LTIyNS0xNjsyNTEtMTMtNTgtMjI1LTE2fDA=
1246,Core6,Day,32,MXwyMjItOS0yMjctMC0zMTE7MjAwNzUtOC0yMjctMC02ODsxMDYtNy0xNi0wLTU4OzEwMzAtMTQtNTgtMjI1LTE2OzMzOS0xMy0yMjctMC02OHww
1246,Core6,Day,33,MXwzODAtOS01OC0yMjUtMTY7MTAyMC04LTIyNy0wLTE0ODszOTYtNy0yMjctMC02ODs0My0xNC0yMjctMC05MDsyNy0xMy01OC0yMjUtMTZ8MA==
1246,Core6,Day,34,MXwyMDEyNC05LTIyNy0wLTMxMTsxNDYtOC0yMjctMC05MDsyMTEtNy0yMjctMC05MDsxMTktMTQtMTYtMC01ODszMDYtMTMtMTYtMC0zMDl8MA==
1246,Core6,Day,35,MXwzODYtOS0yMjctMTYtNjc7MTMwLTgtMTYtMC0zMDk7MzQ1LTctMjI3LTAtNjc7MzA3LTE0LTIyNy0wLTY3OzI3NS0xMy0yMjctMC0zMTR8MA==
1246,Core6,Day,36,MXwyMDgtOS0yMjctMC02NzsyNzYtOC0yMjctMC0zMTQ7MjE0LTctMTYtMC0zMDk7MzgyLTE0LTE2LTAtMzA5Ozg1LTEzLTIyNy0wLTMxNHww
1246,Core6,Day,37,MXwyMDA5My05LTAtMjI1LTE2OzMzMy04LTAtMjI1LTE2OzIyLTctMC0yMjUtMTY7MTAyLTE0LTAtMjI1LTE2OzI1LTEzLTAtMjI1LTE2fDA=
1246,Core6,Day,38,MXwyMDAwOC05LTE4MC0yMzgtMzUxOzE4My04LTE2LTIyNy0zNTc7MjAxMTQtNy0xNi0yMjUtMjEzOzIwMDEwLTE0LTE1NS0yODQtMzU1OzIwMDA3LTEzLTEzMy0zNDItMTcxfDA=
1246,Core6,Day,39,MXwyMDIzMy05LTI2Ni0yMjUtMDsxMDE3LTgtMTM3LTEzOS0xNDE7MjAwMDEtNy0xMjItMjI1LTA7MjAwOTctMTQtMTYtMjI1LTA7MjQyLTEzLTI3OC0yMjUtMHww
1246,Core6,Day,40,MXwxNDItOS0zMzItMjI1LTA7OTYtOC0xNi0yMjUtMjM3OzEwMTgtNy0xNi0yMjUtMTQ3OzQtMTQtMTYtMjcxLTA7MjAyMTItMTMtMTYtMjI1LTB8MA==
1246,Core6,Day,41,MXwyMDIyMC05LTE2LTIyNS0wOzIwMDEyLTgtNDktMjI1LTA7Mjk0LTctNDktMjI1LTA7MTAwLTE0LTI3Ni0yMjUtMDsxMDA5LTEzLTExNy0yMjUtMHww
1246,Core6,Day,42,MXwxMDQyLTktMC0yMjUtMzg3OzEwMTAtOC0xMTgtMjI1LTA7Mzc1LTctMC0yMjUtMDszOTEtMTQtMC0wLTA7MzczLTEzLTAtMC0wfDA=
1246,Core6,Day,43,MXwzMDMtOS0wLTAtMDszMzEtOC0wLTAtMDszNzAtNy0wLTAtMDsyNDQtMTQtMC0wLTB8MA==
1248,Core8,Day,1,MXwxODMtOS0yMjQtMjAtMzU3OzIwMDQ2LTgtMjAtMTA1LTI5NzsyMDExNC03LTMwNS03Mi0yMTM7MjAwMzktMTQtMzM3LTExMS04NjsyOTYtMTMtMzM5LTQtOTB8MA==
1248,Core8,Day,2,MXwxNDItOS0zMzItNzItNTg7MjAwNTMtOC0xNzAtNC0zNzE7OTYtNy0yMjQtNzItMjM3OzIwMDk1LTE0LTIyMS0xNTgtMzY1OzIwMDUwLTEzLTIwLTE2MC05MHww
1248,Core8,Day,3,MXwyMDAwOC05LTE4MC0yMzgtMzUxOzIwMjMzLTgtMjY2LTcyLTQwOzMxMi03LTIwLTQtOTA7MjAwOTctMTQtMjI0LTcyLTU4OzIwMjUyLTEzLTE3OC00LTkwfDA=
1248,Core8,Day,4,MXwyMDAzNy05LTIwLTEyOS05MDsyMDAxMC04LTE1NS03Mi0zNTU7MjAwMDctNy0yMjQtNzItMTcxOzI2Ni0xNC0yMC00LTkwOzIwMjEyLTEzLTIyNC03Mi01OHww
1248,Core8,Day,5,MXwyNjEtOS0yMC00LTkwOzMxNi04LTIwLTQtOTA7MjAwMDEtNy0xMjItNzItNDA7MjAyMDAtMTQtMjAtNC05MDsyNDItMTMtMjc4LTcyLTU4fDA=
1248,Core8,Day,6,MXwxMDMxLTktMjAtNC0yNTQ7Mzc3LTgtMzE4LTQtOTA7MjAwMTItNy0yMjQtNzItNDA7NDgtMTQtMjAtMjE3LTkwOzEwMjQtMTMtMjAtNC0xODN8MA==
1248,Core8,Day,7,MXwyMDIyMC05LTIyNC03Mi01ODsyOTQtOC0zMDUtNzItNDA7MjMxLTctMjAtMjgzLTkwOzM0OC0xNC0yMC00LTkwOzI1Ny0xMy0yMC00LTkwfDA=
1248,Core8,Day,8,MXw0LTktMjI0LTI3MS01ODsxMDE3LTgtMzA1LTcyLTQwOzI1MC03LTIyNC03Mi01ODsxMDE4LTE0LTMwNS03Mi0xNDc7Mjg1LTEzLTIyNC03Mi01OHww
1248,Core8,Day,9,MXwzMDMtOS0zMDUtNzItNDA7MTAzNy04LTIwLTMyNS05MDszNTctNy0zMDUtNzItNDA7MjAwNDQtMTQtMjAtNC0xMTU7MzI5LTEzLTIwLTQtOTB8MA==
1248,Core8,Day,10,MXwxOTctOS0yMC00LTkwOzIwMjIxLTgtMzA1LTcyLTQwOzI3Mi03LTMwNS03Mi00MDsxOTgtMTQtMjAtNC05MDsyMDAwNS0xMy0zMDUtOTUtNDB8MA==
1248,Core8,Day,11,MXwyMDIzMC05LTIwLTQtOTA7Mzc1LTgtMzA1LTk1LTU4OzE0OC03LTIwLTQtOTA7MjYwLTE0LTY2LTk1LTU4OzEwMjAtMTMtMjAtNC0xNDh8MA==
1248,Core8,Day,12,MXwyMjItOS01MC00LTkwOzIwMDAyLTgtMzA1LTEwMS00MDsyNzAtNy0yMTEtNC05MDsxMDA5LTE0LTMwNS05NS00MDs0My0xMy0yMjctNC05MHww
1248,Core8,Day,13,MXwxNDYtOS0yMjctNC05MDsyMDA5MS04LTMwNS0yMjUtNDA7MzMxLTctMzA1LTIyNS00MDszNzAtMTQtMzA1LTIyNS00MDs5OS0xMy0zMDUtMjI1LTQwfDA=
1248,Core8,Day,14,MXwzMzItOS0zMDUtMjI1LTQwOzI2OS04LTMwNS0yMjUtNDA7MTAwLTctMjc2LTIyNS00MDsyNDQtMTQtMzA1LTIyNS00MDszNzktMTMtMzA1LTIyNS00MHww
1248,Core8,Day,15,MXw5OC05LTMwNS0yMjUtNDA7MjAxMjUtOC0yMzktMTMyLTY4OzIwMTI0LTctMjI3LTQtMzExOzIwMDEzLTE0LTMwNS0yMjUtNDA7MzU4LTEzLTMwNS0yMjUtMTIxfDA=
1248,Core8,Day,16,MXwxMDQyLTktMzA1LTIyNS0zODc7MjAyODItOC0zMzYtODAtMzA1OzEyOC03LTIyNy00LTMxMTsyMDA1MS0xNC0yMjctMTA0LTA7MjExLTEzLTIyNy00LTB8MA==
1248,Core8,Day,17,MXwyMDA4OC05LTM2OS0xMi0xMDc7MjAwMjYtOC02Mi0zNDgtMTU3OzIxMy03LTIzNC0yMjctMTI7MjczLTE0LTIyNy00LTA7MzM3LTEzLTIyNy0xMDktMHww
1248,Core8,Day,18,MXwzNTQtOS0zMDUtMjI1LTA7MTg0LTgtMjI3LTEwOS0wOzE2Ni03LTMwNS0yMjUtMDszNDctMTQtMjM0LTIyNy0xMjA7MTI2LTEzLTMwNS0yMjUtMHww
1248,Core8,Day,19,MXwyMDEwMS05LTkyLTM1OS0xNTY7MTAxMC04LTMwNS0yMjUtMDsxMzItNy0zMDUtMjI1LTA7MjAxMTUtMTQtMTk3LTIyNS04OzIwMTAzLTEzLTkyLTM1OC0xMjV8MA==
1248,Core8,Day,20,MXwyMDA0OS05LTIyNy02Ni0wOzI0Ny04LTIyNy02Ni0wOzIwMi03LTMwNS0yMjUtMDszODEtMTQtMjI3LTY2LTA7MjAxNjEtMTMtMTkzLTM3Mi0zMDV8MA==
1248,Core8,Day,21,MXwyMDE1OS05LTI0MC0yMzUtMzA1OzIwMjAxLTgtMjI3LTY2LTA7MjAyNTYtNy0yMjctNjYtMDsyMDE0My0xNC0xOTItMjI1LTg7MTY4LTEzLTY2LTIyNS0wfDA=
1248,Core8,Day,22,MXwxNC05LTY2LTIyNS0wOzIwMDgwLTgtMzY2LTIyMC02ODs2LTctNjYtMjI1LTA7MTY3LTE0LTY2LTIyNS0wOzE1LTEzLTY2LTIyNS0wfDA=
1248,Core8,Day,23,MXwyMDQtOS0yMjctNjYtMDsyNzctOC02Ni0yMjUtMDsyMDAzMi03LTIzNC0yMjUtMTM0OzE3My0xNC0yMjktMzE2LTY4OzEwMzUtMTMtNjYtMjI1LTB8MA==
1248,Core8,Day,24,MXwyNDUtOS0yMzQtMjI1LTI3Nzs5LTgtNjYtMjI1LTA7MjAxMDQtNy0yMzQtMjI1LTg7MjAwODEtMTQtMjI5LTEzMS02ODsxNjAtMTMtNDQtNzYtMjkyfDA=
1248,Core8,Day,25,MXwyMjktOS0zNjQtNzYtODszMjMtOC00NC03Ni04OzM2LTctMjI3LTY2LTA7MjAwMjEtMTQtMjM0LTI3Mi04OzE2LTEzLTIzNi0wLTY2fDA=
1248,Core8,Day,26,MXwxODgtOS00NC03Ni0zMDg7MTAzMy04LTIyOS0yNTItNjg7MTA0NC03LTIyOS0zODktNjg7MjAwOTQtMTQtMjE4LTM0My0xMDM7MTA0MC0xMy0yMjktMzI2LTY4fDA=
1248,Core8,Day,27,MXwzODctOS00NC03Ni0zMDg7MTYzLTgtNDQtMTc0LTMwODsxMDQxLTctMzMxLTIzNS0zMDg7MzI0LTE0LTQ0LTIzNS0zMDg7Mzc2LTEzLTIzNC0wLTY2fDA=
1248,Core8,Day,28,MXwzNjYtOS00NC0yMzUtMzA4OzI5NS04LTM2Ny0wLTY2OzM5OC03LTQ0LTIzNS0xNjsxMDI2LTE0LTIyOS0xODUtNjg7MTAxOS0xMy0yMzQtMTQ2LTY2fDA=
1248,Core8,Day,29,MXwxMDI4LTktMjAxLTIwMC02NjszNTEtOC00NC0yMzUtMTY7Mzk3LTctNDQtMjM1LTE2OzE1Ny0xNC00NC0yMzUtMTY7MTAzNC0xMy00NC0yMzUtMTZ8MA==
1248,Core8,Day,30,MXwyMjgtOS0yMzQtMC0xNjg7MjAxNTQtOC00NC0yMzUtMTY7MzQxLTctMjM0LTAtNjY7MzUwLTE0LTQ0LTIzNS0xNjszNTItMTMtNDQtMjM1LTE2fDA=
1248,Core8,Day,31,MXwxNjQtOS00NC0yMzUtMTY7MTAzNi04LTIzNC0zMjgtNjY7MzE1LTctMjM0LTAtNjY7MTAyMi0xNC0xNDUtMjM1LTE2OzM4Ni0xMy0yMjktNjYtNjh8MA==
1248,Core8,Day,32,MXwyMDE1Mi05LTQ0LTIzNS0xNjsyODEtOC00NC0yMzUtMTY7Mzc0LTctMjI5LTAtNjg7MzY4LTE0LTQ0LTIzNS0xNjszMDItMTMtNDQtMjM1LTE2fDA=
1248,Core8,Day,33,MXwzNjctOS00NC0yMzUtMTY7MTY1LTgtNDQtMjM1LTE2OzE1Ni03LTQ0LTIzNS0xNjsxODktMTQtNDQtMjM1LTE2OzE2Mi0xMy00NC0yMzUtMTZ8MA==
1248,Core8,Day,34,MXwyMDAyOS05LTIzNC0wLTE2OzIzNC04LTIzNC0wLTE2OzI5Mi03LTIyOS0wLTY4OzI1My0xNC0yMjktMC02ODsxMTItMTMtMjI5LTAtNjh8MA==
1248,Core8,Day,35,MXwzOTUtOS0yMjktMC02ODszMzktOC0yMjktMC02ODsxMDI1LTctNDQtMjMxLTE2OzM1My0xNC00NC0yMzEtMTY7MTU4LTEzLTQ0LTIzMS0xNnww
1248,Core8,Day,36,MXwyODMtOS00NC0yMzEtMTY7MzI1LTgtNDQtMjMxLTE2OzI4LTctMzA5LTAtMTY7MjAxMzYtMTQtMzA5LTAtMTY7MjAxMzEtMTMtMzA5LTAtMTZ8MA==
1248,Core8,Day,37,MXwyMC05LTMwOS0wLTE2OzEzNS04LTMwOS0wLTE2OzM2NC03LTMwOS0wLTQ5OzIwMDY1LTE0LTEwNi0zNTYtMTU5OzM2My0xMy0zMDktMC00OXww
1248,Core8,Day,38,MXwyMDA1NS05LTAtMzItOTk7MjAwNTctOC0xMDAtMzM4LTYwOzIwMjkzLTctMC0zMi0yNzU7MjAwNTYtMTQtMTI2LTAtMzI7MjAxMjItMTMtMC0zMi0xOTB8MA==
1248,Core8,Day,39,MXwyMDA2Ni05LTgzLTM2OC0zMDk7NzMtOC0yOTUtMzItMzA5OzIwMTk5LTctMjI3LTAtNjg7MjAwNzUtMTQtMjI3LTAtNjg7MTAzMi0xMy0wLTMyLTI1NXww
1248,Core8,Day,40,MXwxOTQtOS0zMDQtMzItMzA5OzEwMjctOC0wLTMyLTE4NDsxMDM4LTctMC0zMi0zMjk7MTE4LTE0LTAtMzItMjQ4OzYyLTEzLTAtMzItMTI3fDA=
1248,Core8,Day,41,MXwxMDQzLTktMC0zMi0zODg7MTcyLTgtMTY5LTMyLTMwOTsyMDIwNS03LTAtMzItMzA5OzEwMjktMTQtMjAyLTMyLTIwNDs1NC0xMy0zMi05MS0wfDA=
1248,Core8,Day,42,MXwxMDM5LTktMC0zMi0zMzA7MzkzLTgtMC0zMi0wOzM5MS03LTAtMC0wOzEwMjEtMTQtMC0wLTA7Mjc2LTEzLTAtMC0wfDA=
1248,Core8,Day,43,MXwzOTYtOS0wLTAtMDszNDUtOC0wLTAtMDszNjEtNy0wLTAtMDszNzMtMTQtMC0wLTA7MzgyLTEzLTAtMC0wfDA=
1248,Core8,Day,44,MXwzNzgtOS0wLTAtMHww
