id,user_id,component_id,exp,level,skin,is_locked,roll_1,roll_2,roll_3,roll_4,roll_5,unlocked_att,heavy_damage,light_damage,reload,precision,atk_speed,hit,armor,dodge,crit_rate,crit_damage,L_armor_piercing,def_break,H_armor_piercing,energy,energy_bak,skill
48,562858,2121,0,0,0,1,armor:5,dodge:5,skill:770100,,,,0,0,0,0,0,0,0,0,0,0,0,0,0,0,0,
1184,562858,1007,33600,10,0,1,heavy_damage:48,light_damage:48,,,,"1,2",48,48,0,0,0,0,0,0,0,0,0,0,0,0,0,
2837,562858,1114,0,0,0,0,skill:770084,def_break:76,crit_damage:20,,,,0,0,0,0,0,0,0,0,0,0,0,0,0,0,0,
2899,562858,1007,0,0,0,1,light_damage:48,heavy_damage:48,,,,,0,0,0,0,0,0,0,0,0,0,0,0,0,0,0,
2900,562858,2121,2000,2,0,1,skill:770107,def_break:60,armor:5,,,1,0,0,0,0,0,0,0,0,0,0,0,0,0,0,0,770107
3032,562858,1124,0,0,0,1,dodge:6,skill:770024,def_break:76,,,,0,0,0,0,0,0,0,0,0,0,0,0,0,0,0,
3035,562858,1104,32880,10,0,1,skill:770113,def_break:76,light_damage:48,,,"1,2,3",0,48,0,0,0,0,0,0,0,0,0,76,0,0,0,770113
3504,562858,1127,0,0,0,1,skill:770107,dodge:6,armor:6,,,,0,0,0,0,0,0,0,0,0,0,0,0,0,0,0,
5905,562858,1121,0,0,0,1,skill:770014,armor:6,def_break:76,,,,0,0,0,0,0,0,0,0,0,0,0,0,0,0,0,
5973,562858,1121,0,0,0,1,skill:770024,def_break:76,crit_damage:20,,,,0,0,0,0,0,0,0,0,0,0,0,0,0,0,0,
5974,562858,1125,0,0,0,0,skill:770041,def_break:76,H_armor_piercing:38,,,,0,0,0,0,0,0,0,0,0,0,0,0,0,0,0,
5985,562858,1122,0,0,0,0,skill:770107,hit:10,L_armor_piercing:26,,,,0,0,0,0,0,0,0,0,0,0,0,0,0,0,0,
6675,562858,1013,3600,3,0,1,light_damage:48,atk_speed:10,,,,1,0,48,0,0,0,0,0,0,0,0,0,0,0,0,0,
7039,562858,1125,700,1,0,0,skill:770014,def_break:76,crit_rate:20,,,1,0,0,0,0,0,0,0,0,0,0,0,0,0,0,0,770014
7654,562858,1119,33100,10,0,1,reload:16,heavy_damage:48,skill:220175,,,"1,2,3",48,0,16,0,0,0,0,0,0,0,0,0,0,0,0,220175
14596,562858,1126,0,0,0,0,skill:770125,light_damage:48,L_armor_piercing:26,,,,0,0,0,0,0,0,0,0,0,0,0,0,0,0,0,
16240,562858,1107,0,0,0,0,skill:770125,hit:10,atk_speed:10,,,,0,0,0,0,0,0,0,0,0,0,0,0,0,0,0,
16468,562858,1013,0,0,0,1,atk_speed:10,light_damage:48,,,,,0,0,0,0,0,0,0,0,0,0,0,0,0,0,0,
17112,562858,1116,32700,10,10017,0,def_break:76,skill:770104,crit_rate:20,,,"1,2,3",0,0,0,0,0,0,0,0,20,0,0,76,0,0,0,770104
18297,562858,1005,32680,10,0,1,armor:6,dodge:6,,,,"1,2",0,0,0,0,0,0,6,6,0,0,0,0,0,0,0,
20668,562858,1128,0,0,0,0,skill:770113,L_armor_piercing:26,light_damage:48,,,,0,0,0,0,0,0,0,0,0,0,0,0,0,0,0,
21329,562858,1103,0,0,0,0,skill:770096,def_break:76,hit:10,,,,0,0,0,0,0,0,0,0,0,0,0,0,0,0,0,
21510,562858,1126,0,0,0,0,hit:10,skill:770036,def_break:76,,,,0,0,0,0,0,0,0,0,0,0,0,0,0,0,0,
22142,562858,1110,32760,10,10011,0,heavy_damage:48,def_break:76,skill:220181,,,"1,2,3",48,0,0,0,0,0,0,0,0,0,0,76,0,0,0,220181
22763,562858,1122,0,0,0,0,light_damage:48,skill:770109,atk_speed:10,,,,0,0,0,0,0,0,0,0,0,0,0,0,0,0,0,
22867,562858,1107,0,0,0,0,skill:770036,hit:10,def_break:76,,,,0,0,0,0,0,0,0,0,0,0,0,0,0,0,0,
22883,562858,1007,32700,10,0,1,light_damage:48,L_armor_piercing:26,,,,"1,2",0,48,0,0,0,0,0,0,0,0,26,0,0,0,0,
22885,562858,1105,0,0,0,0,crit_damage:20,def_break:76,skill:770024,,,,0,0,0,0,0,0,0,0,0,0,0,0,0,0,0,
23219,562858,3134,20000,10,0,1,armor:4,skill:770109,dodge:4,,,"1,2,3",0,0,0,0,0,0,4,4,0,0,0,0,0,0,0,770109
23654,562858,1113,0,0,0,0,skill:220180,heavy_damage:48,def_break:76,,,,0,0,0,0,0,0,0,0,0,0,0,0,0,0,0,
24996,562858,1006,0,0,0,1,dodge:6,armor:6,,,,,0,0,0,0,0,0,0,0,0,0,0,0,0,0,0,
25731,562858,2124,0,0,0,1,armor:5,skill:770019,def_break:60,,,,0,0,0,0,0,0,0,0,0,0,0,0,0,0,0,
25810,562858,1133,0,0,0,1,dodge:6,crit_rate:20,skill:770107,,,,0,0,0,0,0,0,0,0,0,0,0,0,0,0,0,
32923,562858,2122,0,0,0,0,hit:8,L_armor_piercing:20,skill:770036,,,,0,0,0,0,0,0,0,0,0,0,0,0,0,0,0,
32962,562858,1131,0,0,0,0,heavy_damage:48,skill:220175,precision:32,,,,0,0,0,0,0,0,0,0,0,0,0,0,0,0,0,
33024,562858,1117,0,0,0,0,def_break:76,crit_damage:20,skill:770084,,,,0,0,0,0,0,0,0,0,0,0,0,0,0,0,0,
33807,562858,1108,0,0,0,0,skill:220175,def_break:76,H_armor_piercing:38,,,,0,0,0,0,0,0,0,0,0,0,0,0,0,0,0,
34036,562858,1103,0,0,0,0,skill:770125,L_armor_piercing:26,light_damage:48,,,,0,0,0,0,0,0,0,0,0,0,0,0,0,0,0,
35794,562858,1125,0,0,0,0,H_armor_piercing:38,crit_damage:20,skill:770084,,,,0,0,0,0,0,0,0,0,0,0,0,0,0,0,0,
35797,562858,1117,600,1,0,0,skill:770100,H_armor_piercing:38,crit_damage:20,,,1,0,0,0,0,0,0,0,0,0,0,0,0,0,0,0,770100
35806,562858,1101,0,0,0,1,skill:770113,atk_speed:10,def_break:76,,,,0,0,0,0,0,0,0,0,0,0,0,0,0,0,0,
35814,562858,1119,0,0,0,1,def_break:76,skill:220180,H_armor_piercing:38,,,,0,0,0,0,0,0,0,0,0,0,0,0,0,0,0,
36293,562858,3127,0,0,0,1,skill:770100,armor:4,crit_damage:14,,,,0,0,0,0,0,0,0,0,0,0,0,0,0,0,0,
36920,562858,1125,0,0,0,0,def_break:76,skill:770040,H_armor_piercing:38,,,,0,0,0,0,0,0,0,0,0,0,0,0,0,0,0,
37241,562858,3133,0,0,0,1,dodge:4,def_break:53,skill:770100,,,,0,0,0,0,0,0,0,0,0,0,0,0,0,0,0,
37435,562858,3108,0,0,0,0,heavy_damage:33,precision:22,skill:220181,,,,0,0,0,0,0,0,0,0,0,0,0,0,0,0,0,
37522,562858,1122,0,0,0,0,skill:770106,light_damage:48,L_armor_piercing:26,,,,0,0,0,0,0,0,0,0,0,0,0,0,0,0,0,
37663,562858,1118,0,0,0,1,heavy_damage:48,skill:220173,def_break:76,,,,0,0,0,0,0,0,0,0,0,0,0,0,0,0,0,
37777,562858,1110,0,0,0,0,precision:32,heavy_damage:48,skill:770109,,,,0,0,0,0,0,0,0,0,0,0,0,0,0,0,0,
37958,562858,1128,0,0,0,0,skill:770038,def_break:76,L_armor_piercing:26,,,,0,0,0,0,0,0,0,0,0,0,0,0,0,0,0,
38697,562858,1102,0,0,0,1,skill:770036,def_break:76,atk_speed:10,,,,0,0,0,0,0,0,0,0,0,0,0,0,0,0,0,
38920,562858,1102,0,0,0,1,skill:770104,light_damage:48,hit:10,,,,0,0,0,0,0,0,0,0,0,0,0,0,0,0,0,
39097,562858,1011,32700,10,0,1,dodge:6,armor:6,,,,"1,2",0,0,0,0,0,0,6,6,0,0,0,0,0,0,0,
39888,562858,1103,0,0,0,0,skill:770038,atk_speed:10,light_damage:48,,,,0,0,0,0,0,0,0,0,0,0,0,0,0,0,0,
39995,562858,1010,32700,10,0,1,light_damage:48,L_armor_piercing:26,,,,"1,2",0,48,0,0,0,0,0,0,0,0,26,0,0,0,0,
40202,562858,1113,0,0,0,0,skill:770096,precision:32,def_break:76,,,,0,0,0,0,0,0,0,0,0,0,0,0,0,0,0,
40206,562858,1128,0,0,0,0,skill:770092,light_damage:48,hit:10,,,,0,0,0,0,0,0,0,0,0,0,0,0,0,0,0,
40213,562858,1119,0,0,0,1,skill:220173,precision:32,def_break:76,,,,0,0,0,0,0,0,0,0,0,0,0,0,0,0,0,
40214,562858,1128,32700,10,10050,0,skill:770106,atk_speed:10,light_damage:48,,,"1,2,3",0,48,0,0,10,0,0,0,0,0,0,0,0,0,0,770106
40217,562858,1126,0,0,0,0,def_break:76,skill:770038,L_armor_piercing:26,,,,0,0,0,0,0,0,0,0,0,0,0,0,0,0,0,
40219,562858,1103,0,0,0,0,skill:770113,atk_speed:10,def_break:76,,,,0,0,0,0,0,0,0,0,0,0,0,0,0,0,0,
40224,562858,1105,0,0,0,0,skill:770041,crit_rate:20,L_armor_piercing:26,,,,0,0,0,0,0,0,0,0,0,0,0,0,0,0,0,
40226,562858,1013,32700,10,0,1,light_damage:48,L_armor_piercing:26,,,,"1,2",0,48,0,0,0,0,0,0,0,0,26,0,0,0,0,
40523,562858,2134,0,0,0,1,skill:770016,armor:5,crit_rate:16,,,,0,0,0,0,0,0,0,0,0,0,0,0,0,0,0,
40590,562858,3116,0,0,0,0,crit_damage:14,skill:220183,L_armor_piercing:18,,,,0,0,0,0,0,0,0,0,0,0,0,0,0,0,0,
40617,562858,2131,0,0,0,0,heavy_damage:38,reload:12,skill:220185,,,,0,0,0,0,0,0,0,0,0,0,0,0,0,0,0,
40823,562858,1126,0,0,0,0,light_damage:48,skill:770092,def_break:76,,,,0,0,0,0,0,0,0,0,0,0,0,0,0,0,0,
40885,562858,1122,0,0,0,0,light_damage:48,def_break:76,skill:770096,,,,0,0,0,0,0,0,0,0,0,0,0,0,0,0,0,
41239,562858,1113,0,0,0,0,skill:220181,H_armor_piercing:38,precision:32,,,,0,0,0,0,0,0,0,0,0,0,0,0,0,0,0,
41240,562858,1131,0,0,0,0,precision:32,def_break:76,skill:770096,,,,0,0,0,0,0,0,0,0,0,0,0,0,0,0,0,
41553,562858,3127,0,0,0,1,def_break:53,dodge:4,skill:770096,,,,0,0,0,0,0,0,0,0,0,0,0,0,0,0,0,
41915,562858,2132,0,0,0,0,H_armor_piercing:30,def_break:60,skill:770100,,,,0,0,0,0,0,0,0,0,0,0,0,0,0,0,0,
42557,562858,1007,0,0,0,1,L_armor_piercing:26,light_damage:48,,,,,0,0,0,0,0,0,0,0,0,0,0,0,0,0,0,
42560,562858,1103,0,0,0,0,def_break:76,hit:10,skill:770109,,,,0,0,0,0,0,0,0,0,0,0,0,0,0,0,0,
42561,562858,1113,0,0,0,0,precision:32,reload:16,skill:770107,,,,0,0,0,0,0,0,0,0,0,0,0,0,0,0,0,
43309,562858,1101,0,0,0,1,skill:770090,def_break:76,hit:10,,,,0,0,0,0,0,0,0,0,0,0,0,0,0,0,0,
44469,562858,1122,0,0,0,0,light_damage:48,skill:770113,def_break:76,,,,0,0,0,0,0,0,0,0,0,0,0,0,0,0,0,
44897,562858,1101,0,0,0,1,skill:770106,hit:10,light_damage:48,,,,0,0,0,0,0,0,0,0,0,0,0,0,0,0,0,
44900,562858,1126,0,0,0,0,light_damage:48,atk_speed:10,skill:770106,,,,0,0,0,0,0,0,0,0,0,0,0,0,0,0,0,
44902,562858,1107,0,0,0,0,def_break:76,light_damage:48,skill:770113,,,,0,0,0,0,0,0,0,0,0,0,0,0,0,0,0,
51102,562858,1133,0,0,0,1,armor:6,skill:770096,def_break:76,,,,0,0,0,0,0,0,0,0,0,0,0,0,0,0,0,
51914,562858,1101,0,0,0,1,skill:770092,def_break:76,light_damage:48,,,,0,0,0,0,0,0,0,0,0,0,0,0,0,0,0,
55438,562858,1124,0,0,0,1,armor:6,skill:770016,dodge:6,,,,0,0,0,0,0,0,0,0,0,0,0,0,0,0,0,
56470,562858,1116,0,0,0,0,skill:770084,def_break:76,crit_damage:20,,,,0,0,0,0,0,0,0,0,0,0,0,0,0,0,0,
56471,562858,1115,0,0,0,0,crit_rate:20,H_armor_piercing:38,skill:770084,,,,0,0,0,0,0,0,0,0,0,0,0,0,0,0,0,
56636,562858,2131,0,0,0,0,skill:770109,reload:12,heavy_damage:38,,,,0,0,0,0,0,0,0,0,0,0,0,0,0,0,0,
64433,562858,3105,0,0,0,0,def_break:53,H_armor_piercing:26,skill:770084,,,,0,0,0,0,0,0,0,0,0,0,0,0,0,0,0,
78242,562858,1110,0,0,0,0,heavy_damage:48,skill:770091,H_armor_piercing:38,,,,0,0,0,0,0,0,0,0,0,0,0,0,0,0,0,
88034,562858,2108,0,0,0,0,skill:770091,def_break:60,heavy_damage:38,,,,0,0,0,0,0,0,0,0,0,0,0,0,0,0,0,
88109,562858,1134,0,0,0,1,skill:770107,armor:6,def_break:76,,,,0,0,0,0,0,0,0,0,0,0,0,0,0,0,0,
98921,562858,1110,0,0,0,0,heavy_damage:48,precision:32,skill:220185,,,,0,0,0,0,0,0,0,0,0,0,0,0,0,0,0,
98923,562858,1104,0,0,0,1,atk_speed:10,light_damage:48,skill:770038,,,,0,0,0,0,0,0,0,0,0,0,0,0,0,0,0,
111353,562858,1126,0,0,0,0,light_damage:48,hit:10,skill:220187,,,,0,0,0,0,0,0,0,0,0,0,0,0,0,0,0,
111493,562858,2128,0,0,0,0,skill:770100,light_damage:38,def_break:60,,,,0,0,0,0,0,0,0,0,0,0,0,0,0,0,0,
111494,562858,2110,0,0,0,0,H_armor_piercing:30,skill:770096,heavy_damage:38,,,,0,0,0,0,0,0,0,0,0,0,0,0,0,0,0,
111558,562858,1122,0,0,0,0,L_armor_piercing:26,skill:770090,light_damage:48,,,,0,0,0,0,0,0,0,0,0,0,0,0,0,0,0,
124520,562858,2114,0,0,0,0,L_armor_piercing:20,skill:770100,crit_rate:16,,,,0,0,0,0,0,0,0,0,0,0,0,0,0,0,0,
124640,562858,3103,0,0,0,0,hit:7,atk_speed:7,skill:770090,,,,0,0,0,0,0,0,0,0,0,0,0,0,0,0,0,
124798,562858,1008,0,0,0,1,light_damage:48,heavy_damage:48,,,,,0,0,0,0,0,0,0,0,0,0,0,0,0,0,0,
124927,562858,1119,0,0,0,1,skill:770091,def_break:76,reload:16,,,,0,0,0,0,0,0,0,0,0,0,0,0,0,0,0,
124929,562858,1104,0,0,0,1,L_armor_piercing:26,skill:770100,light_damage:48,,,,0,0,0,0,0,0,0,0,0,0,0,0,0,0,0,
129918,562858,3127,0,0,0,1,crit_damage:14,def_break:53,skill:770016,,,,0,0,0,0,0,0,0,0,0,0,0,0,0,0,0,
129934,562858,3121,0,0,0,1,skill:770096,crit_rate:14,dodge:4,,,,0,0,0,0,0,0,0,0,0,0,0,0,0,0,0,
129966,562858,3103,0,0,0,0,light_damage:33,atk_speed:7,skill:220187,,,,0,0,0,0,0,0,0,0,0,0,0,0,0,0,0,
130060,562858,1104,0,0,0,1,skill:770036,hit:10,light_damage:48,,,,0,0,0,0,0,0,0,0,0,0,0,0,0,0,0,
130061,562858,1102,0,0,0,1,skill:770125,L_armor_piercing:26,light_damage:48,,,,0,0,0,0,0,0,0,0,0,0,0,0,0,0,0,
130069,562858,1122,0,0,0,0,def_break:76,skill:220187,light_damage:48,,,,0,0,0,0,0,0,0,0,0,0,0,0,0,0,0,
130077,562858,1104,0,0,0,1,light_damage:48,skill:220187,def_break:76,,,,0,0,0,0,0,0,0,0,0,0,0,0,0,0,0,
130677,562858,2108,0,0,0,0,heavy_damage:38,skill:220180,precision:25,,,,0,0,0,0,0,0,0,0,0,0,0,0,0,0,0,
130699,562858,1131,0,0,0,0,def_break:76,reload:16,skill:220181,,,,0,0,0,0,0,0,0,0,0,0,0,0,0,0,0,
130701,562858,1113,0,0,0,0,def_break:76,precision:32,skill:770109,,,,0,0,0,0,0,0,0,0,0,0,0,0,0,0,0,
130883,562858,2124,0,0,0,1,skill:220183,def_break:60,armor:5,,,,0,0,0,0,0,0,0,0,0,0,0,0,0,0,0,
131330,562858,2133,0,0,0,1,skill:770109,crit_rate:16,dodge:5,,,,0,0,0,0,0,0,0,0,0,0,0,0,0,0,0,
132212,562858,1131,0,0,0,0,skill:770107,def_break:76,heavy_damage:48,,,,0,0,0,0,0,0,0,0,0,0,0,0,0,0,0,
132213,562858,2131,0,0,0,0,precision:25,def_break:60,skill:770091,,,,0,0,0,0,0,0,0,0,0,0,0,0,0,0,0,
132246,562858,1121,0,0,0,1,armor:6,dodge:6,skill:770016,,,,0,0,0,0,0,0,0,0,0,0,0,0,0,0,0,
132251,562858,1105,0,0,0,0,crit_rate:20,skill:770014,crit_damage:20,,,,0,0,0,0,0,0,0,0,0,0,0,0,0,0,0,
132252,562858,1133,0,0,0,1,def_break:76,armor:6,skill:770016,,,,0,0,0,0,0,0,0,0,0,0,0,0,0,0,0,
132554,562858,1011,0,0,0,1,dodge:6,armor:6,,,,,0,0,0,0,0,0,0,0,0,0,0,0,0,0,0,
132556,562858,1008,0,0,0,1,heavy_damage:48,light_damage:48,,,,,0,0,0,0,0,0,0,0,0,0,0,0,0,0,0,
132577,562858,2132,0,0,0,0,L_armor_piercing:20,def_break:60,skill:770084,,,,0,0,0,0,0,0,0,0,0,0,0,0,0,0,0,
132681,562858,1013,32700,10,0,1,L_armor_piercing:26,light_damage:48,,,,"1,2",0,48,0,0,0,0,0,0,0,0,26,0,0,0,0,
132748,562858,3128,0,0,0,0,skill:220187,light_damage:33,L_armor_piercing:18,,,,0,0,0,0,0,0,0,0,0,0,0,0,0,0,0,
132749,562858,3103,0,0,0,0,L_armor_piercing:18,atk_speed:7,skill:770036,,,,0,0,0,0,0,0,0,0,0,0,0,0,0,0,0,
132774,562858,2122,0,0,0,0,skill:770125,L_armor_piercing:20,hit:8,,,,0,0,0,0,0,0,0,0,0,0,0,0,0,0,0,
138553,562858,3134,0,0,0,1,skill:770107,crit_damage:14,crit_rate:14,,,,0,0,0,0,0,0,0,0,0,0,0,0,0,0,0,
138598,562858,3107,0,0,0,0,skill:770090,L_armor_piercing:18,def_break:53,,,,0,0,0,0,0,0,0,0,0,0,0,0,0,0,0,
138617,562858,1134,0,0,0,1,dodge:6,armor:6,skill:770019,,,,0,0,0,0,0,0,0,0,0,0,0,0,0,0,0,
138762,562858,1110,0,0,0,0,skill:770109,reload:16,def_break:76,,,,0,0,0,0,0,0,0,0,0,0,0,0,0,0,0,
140447,562858,3128,0,0,0,0,light_damage:33,def_break:53,skill:770038,,,,0,0,0,0,0,0,0,0,0,0,0,0,0,0,0,
140528,562858,2128,0,0,0,0,skill:770036,light_damage:38,hit:8,,,,0,0,0,0,0,0,0,0,0,0,0,0,0,0,0,
141422,562858,3103,0,0,0,0,light_damage:33,skill:770107,def_break:53,,,,0,0,0,0,0,0,0,0,0,0,0,0,0,0,0,
141482,562858,3116,0,0,0,1,skill:770040,crit_damage:14,def_break:53,,,,0,0,0,0,0,0,0,0,0,0,0,0,0,0,0,
141518,562858,1101,0,0,0,1,skill:770036,def_break:76,light_damage:48,,,,0,0,0,0,0,0,0,0,0,0,0,0,0,0,0,
141542,562858,1118,0,0,0,1,precision:32,skill:220175,heavy_damage:48,,,,0,0,0,0,0,0,0,0,0,0,0,0,0,0,0,
141547,562858,1119,0,0,0,1,def_break:76,skill:220175,heavy_damage:48,,,,0,0,0,0,0,0,0,0,0,0,0,0,0,0,0,
142640,562858,3127,0,0,0,1,skill:770014,def_break:53,crit_damage:14,,,,0,0,0,0,0,0,0,0,0,0,0,0,0,0,0,
142653,562858,2110,0,0,0,0,skill:220175,H_armor_piercing:30,def_break:60,,,,0,0,0,0,0,0,0,0,0,0,0,0,0,0,0,
142670,562858,2103,0,0,0,0,hit:8,skill:770106,def_break:60,,,,0,0,0,0,0,0,0,0,0,0,0,0,0,0,0,
142717,562858,2115,0,0,0,0,L_armor_piercing:20,skill:770034,crit_rate:16,,,,0,0,0,0,0,0,0,0,0,0,0,0,0,0,0,
142776,562858,1007,32700,10,0,1,H_armor_piercing:38,heavy_damage:48,,,,"1,2",48,0,0,0,0,0,0,0,0,0,0,0,38,0,0,
142777,562858,1124,0,0,0,1,skill:770109,dodge:6,crit_rate:20,,,,0,0,0,0,0,0,0,0,0,0,0,0,0,0,0,
142779,562858,1124,0,0,0,1,armor:6,skill:770104,dodge:6,,,,0,0,0,0,0,0,0,0,0,0,0,0,0,0,0,
147952,562858,1133,0,0,0,1,dodge:6,skill:770014,def_break:76,,,,0,0,0,0,0,0,0,0,0,0,0,0,0,0,0,
148008,562858,1124,0,0,0,1,armor:6,dodge:6,skill:770096,,,,0,0,0,0,0,0,0,0,0,0,0,0,0,0,0,
148384,562858,1008,0,0,0,1,heavy_damage:48,H_armor_piercing:38,,,,,0,0,0,0,0,0,0,0,0,0,0,0,0,0,0,
148612,562858,3117,0,0,0,0,skill:770030,H_armor_piercing:26,L_armor_piercing:18,,,,0,0,0,0,0,0,0,0,0,0,0,0,0,0,0,
148613,562858,2114,500,1,0,0,skill:770034,def_break:60,crit_damage:16,,,1,0,0,0,0,0,0,0,0,0,0,0,0,0,0,0,770034
148685,562858,2122,0,0,0,0,atk_speed:8,light_damage:38,skill:770038,,,,0,0,0,0,0,0,0,0,0,0,0,0,0,0,0,
148755,562858,1118,0,0,0,1,precision:32,def_break:76,skill:770091,,,,0,0,0,0,0,0,0,0,0,0,0,0,0,0,0,
155101,562858,1002,0,0,0,1,atk_speed:10,light_damage:48,,,,,0,0,0,0,0,0,0,0,0,0,0,0,0,0,0,
161478,562858,3133,0,0,0,1,skill:770024,def_break:53,dodge:4,,,,0,0,0,0,0,0,0,0,0,0,0,0,0,0,0,
161648,562858,3126,0,0,0,0,hit:7,light_damage:33,skill:770090,,,,0,0,0,0,0,0,0,0,0,0,0,0,0,0,0,
161730,562858,1108,32700,10,10009,0,skill:770091,heavy_damage:48,reload:16,,,"1,2,3",48,0,16,0,0,0,0,0,0,0,0,0,0,0,0,770091
161754,562858,1119,0,0,0,1,precision:32,heavy_damage:48,skill:220181,,,,0,0,0,0,0,0,0,0,0,0,0,0,0,0,0,
162237,562858,1118,0,0,0,1,def_break:76,skill:220180,heavy_damage:48,,,,0,0,0,0,0,0,0,0,0,0,0,0,0,0,0,
162307,562858,1122,0,0,0,0,def_break:76,light_damage:48,skill:770125,,,,0,0,0,0,0,0,0,0,0,0,0,0,0,0,0,
162308,562858,3128,0,0,0,0,light_damage:33,atk_speed:7,skill:770125,,,,0,0,0,0,0,0,0,0,0,0,0,0,0,0,0,
162313,562858,1002,0,0,0,1,light_damage:48,atk_speed:10,,,,,0,0,0,0,0,0,0,0,0,0,0,0,0,0,0,
162315,562858,1131,0,0,0,0,def_break:76,heavy_damage:48,skill:220175,,,,0,0,0,0,0,0,0,0,0,0,0,0,0,0,0,
172086,562858,2127,0,0,0,1,skill:770096,armor:5,dodge:5,,,,0,0,0,0,0,0,0,0,0,0,0,0,0,0,0,
172087,562858,3134,0,0,0,1,skill:770109,dodge:4,def_break:53,,,,0,0,0,0,0,0,0,0,0,0,0,0,0,0,0,
172258,562858,1132,0,0,0,0,L_armor_piercing:26,skill:770034,crit_damage:20,,,,0,0,0,0,0,0,0,0,0,0,0,0,0,0,0,
172275,562858,1118,0,0,0,1,skill:220180,precision:32,reload:16,,,,0,0,0,0,0,0,0,0,0,0,0,0,0,0,0,
172277,562858,1007,0,0,0,1,light_damage:48,heavy_damage:48,,,,,0,0,0,0,0,0,0,0,0,0,0,0,0,0,0,
172278,562858,1108,0,0,0,0,precision:32,skill:220185,heavy_damage:48,,,,0,0,0,0,0,0,0,0,0,0,0,0,0,0,0,
182708,562858,3117,0,0,0,0,skill:770032,L_armor_piercing:18,crit_damage:14,,,,0,0,0,0,0,0,0,0,0,0,0,0,0,0,0,
183197,562858,3121,0,0,0,1,skill:770019,def_break:53,armor:4,,,,0,0,0,0,0,0,0,0,0,0,0,0,0,0,0,
183240,562858,2108,0,0,0,0,H_armor_piercing:30,skill:220173,reload:12,,,,0,0,0,0,0,0,0,0,0,0,0,0,0,0,0,
183241,562858,1107,0,0,0,0,atk_speed:10,light_damage:48,skill:770106,,,,0,0,0,0,0,0,0,0,0,0,0,0,0,0,0,
184165,562858,1133,0,0,0,1,skill:770016,def_break:76,dodge:6,,,,0,0,0,0,0,0,0,0,0,0,0,0,0,0,0,
192550,562858,1118,0,0,0,1,H_armor_piercing:38,heavy_damage:48,skill:220181,,,,0,0,0,0,0,0,0,0,0,0,0,0,0,0,0,
192551,562858,1114,0,0,0,0,skill:770032,def_break:76,crit_damage:20,,,,0,0,0,0,0,0,0,0,0,0,0,0,0,0,0,
192553,562858,1133,0,0,0,1,def_break:76,skill:770096,dodge:6,,,,0,0,0,0,0,0,0,0,0,0,0,0,0,0,0,
192586,562858,2114,0,0,0,0,H_armor_piercing:30,def_break:60,skill:770030,,,,0,0,0,0,0,0,0,0,0,0,0,0,0,0,0,
192642,562858,3124,0,0,0,1,def_break:53,crit_rate:14,skill:770104,,,,0,0,0,0,0,0,0,0,0,0,0,0,0,0,0,
192677,562858,3115,0,0,0,0,crit_damage:14,skill:770032,crit_rate:14,,,,0,0,0,0,0,0,0,0,0,0,0,0,0,0,0,
192679,562858,2134,0,0,0,1,skill:770100,dodge:5,crit_damage:16,,,,0,0,0,0,0,0,0,0,0,0,0,0,0,0,0,
192801,562858,2126,0,0,0,0,L_armor_piercing:20,hit:8,skill:770113,,,,0,0,0,0,0,0,0,0,0,0,0,0,0,0,0,
192836,562858,1104,32700,10,0,1,def_break:76,light_damage:48,skill:770106,,,"1,2,3",0,48,0,0,0,0,0,0,0,0,0,76,0,0,0,770106
192838,562858,1107,0,0,0,0,skill:770036,light_damage:48,L_armor_piercing:26,,,,0,0,0,0,0,0,0,0,0,0,0,0,0,0,0,
202323,562858,2134,0,0,0,1,def_break:60,dodge:5,skill:770096,,,,0,0,0,0,0,0,0,0,0,0,0,0,0,0,0,
202471,562858,3128,0,0,0,0,L_armor_piercing:18,skill:770092,light_damage:33,,,,0,0,0,0,0,0,0,0,0,0,0,0,0,0,0,
202554,562858,1128,0,0,0,0,skill:770113,def_break:76,hit:10,,,,0,0,0,0,0,0,0,0,0,0,0,0,0,0,0,
202588,562858,2122,0,0,0,0,light_damage:38,hit:8,skill:220187,,,,0,0,0,0,0,0,0,0,0,0,0,0,0,0,0,
202598,562858,1128,0,0,0,0,def_break:76,light_damage:48,skill:770100,,,,0,0,0,0,0,0,0,0,0,0,0,0,0,0,0,
208915,562858,2127,0,0,0,1,crit_damage:16,def_break:60,skill:770107,,,,0,0,0,0,0,0,0,0,0,0,0,0,0,0,0,
208924,562858,3133,0,0,0,1,armor:4,dodge:4,skill:770024,,,,0,0,0,0,0,0,0,0,0,0,0,0,0,0,0,
209053,562858,1103,0,0,0,0,light_damage:48,hit:10,skill:770109,,,,0,0,0,0,0,0,0,0,0,0,0,0,0,0,0,
209077,562858,2126,0,0,0,0,hit:8,L_armor_piercing:20,skill:770036,,,,0,0,0,0,0,0,0,0,0,0,0,0,0,0,0,
209083,562858,1134,0,0,0,1,skill:770109,def_break:76,crit_rate:20,,,,0,0,0,0,0,0,0,0,0,0,0,0,0,0,0,
209084,562858,1133,0,0,0,1,def_break:76,crit_damage:20,skill:770107,,,,0,0,0,0,0,0,0,0,0,0,0,0,0,0,0,
209092,562858,1131,0,0,0,0,H_armor_piercing:38,heavy_damage:48,skill:220180,,,,0,0,0,0,0,0,0,0,0,0,0,0,0,0,0,
215085,562858,3127,19600,10,10022,1,armor:4,crit_rate:14,skill:770109,,,"1,2,3",0,0,0,0,0,0,4,0,14,0,0,0,0,0,0,770109
215101,562858,3122,0,0,0,0,light_damage:33,skill:770096,hit:7,,,,0,0,0,0,0,0,0,0,0,0,0,0,0,0,0,
244774,562858,1102,0,0,0,1,skill:770038,def_break:76,light_damage:48,,,,0,0,0,0,0,0,0,0,0,0,0,0,0,0,0,
244777,562858,1102,0,0,0,1,skill:770038,light_damage:48,atk_speed:10,,,,0,0,0,0,0,0,0,0,0,0,0,0,0,0,0,
244780,562858,1128,0,0,0,0,light_damage:48,skill:770125,L_armor_piercing:26,,,,0,0,0,0,0,0,0,0,0,0,0,0,0,0,0,
244792,562858,2115,0,0,0,0,H_armor_piercing:30,skill:770032,L_armor_piercing:20,,,,0,0,0,0,0,0,0,0,0,0,0,0,0,0,0,
244821,562858,3103,0,0,0,0,L_armor_piercing:18,light_damage:33,skill:770106,,,,0,0,0,0,0,0,0,0,0,0,0,0,0,0,0,
244876,562858,3131,0,0,0,0,precision:22,skill:770107,reload:11,,,,0,0,0,0,0,0,0,0,0,0,0,0,0,0,0,
244877,562858,3110,0,0,0,0,heavy_damage:33,reload:11,skill:770107,,,,0,0,0,0,0,0,0,0,0,0,0,0,0,0,0,
244911,562858,1122,0,0,0,0,atk_speed:10,skill:770090,def_break:76,,,,0,0,0,0,0,0,0,0,0,0,0,0,0,0,0,
244929,562858,1102,0,0,0,1,light_damage:48,def_break:76,skill:770125,,,,0,0,0,0,0,0,0,0,0,0,0,0,0,0,0,
244932,562858,1101,0,0,0,1,skill:770106,light_damage:48,L_armor_piercing:26,,,,0,0,0,0,0,0,0,0,0,0,0,0,0,0,0,
244935,562858,1122,0,0,0,0,def_break:76,hit:10,skill:770107,,,,0,0,0,0,0,0,0,0,0,0,0,0,0,0,0,
251115,562858,3128,0,0,0,0,skill:770036,def_break:53,L_armor_piercing:18,,,,0,0,0,0,0,0,0,0,0,0,0,0,0,0,0,
251116,562858,3107,0,0,0,0,def_break:53,skill:220187,light_damage:33,,,,0,0,0,0,0,0,0,0,0,0,0,0,0,0,0,
251144,562858,2121,0,0,0,1,armor:5,skill:770014,dodge:5,,,,0,0,0,0,0,0,0,0,0,0,0,0,0,0,0,
251178,562858,3108,0,0,0,0,skill:220185,precision:22,def_break:53,,,,0,0,0,0,0,0,0,0,0,0,0,0,0,0,0,
251188,562858,2103,0,0,0,0,def_break:60,atk_speed:8,skill:770113,,,,0,0,0,0,0,0,0,0,0,0,0,0,0,0,0,
251208,562858,1007,0,0,0,1,H_armor_piercing:38,heavy_damage:48,,,,,0,0,0,0,0,0,0,0,0,0,0,0,0,0,0,
257035,562858,3114,0,0,0,0,skill:770030,L_armor_piercing:18,def_break:53,,,,0,0,0,0,0,0,0,0,0,0,0,0,0,0,0,
257073,562858,2107,0,0,0,0,skill:770092,atk_speed:8,hit:8,,,,0,0,0,0,0,0,0,0,0,0,0,0,0,0,0,
257164,562858,2113,0,0,0,0,precision:25,heavy_damage:38,skill:770109,,,,0,0,0,0,0,0,0,0,0,0,0,0,0,0,0,
257167,562858,1119,0,0,0,1,def_break:76,skill:220181,precision:32,,,,0,0,0,0,0,0,0,0,0,0,0,0,0,0,0,
257172,562858,1131,0,0,0,0,def_break:76,heavy_damage:48,skill:220181,,,,0,0,0,0,0,0,0,0,0,0,0,0,0,0,0,
257173,562858,1103,0,0,0,0,light_damage:48,hit:10,skill:770125,,,,0,0,0,0,0,0,0,0,0,0,0,0,0,0,0,
284127,562858,3134,0,0,0,1,skill:770024,armor:4,dodge:4,,,,0,0,0,0,0,0,0,0,0,0,0,0,0,0,0,
284129,562858,3127,0,0,0,1,armor:4,skill:770016,crit_damage:14,,,,0,0,0,0,0,0,0,0,0,0,0,0,0,0,0,
284154,562858,2113,0,0,0,0,heavy_damage:38,precision:25,skill:220175,,,,0,0,0,0,0,0,0,0,0,0,0,0,0,0,0,
284167,562858,2122,0,0,0,0,atk_speed:8,skill:770038,L_armor_piercing:20,,,,0,0,0,0,0,0,0,0,0,0,0,0,0,0,0,
284829,562858,3128,0,0,0,0,def_break:53,light_damage:33,skill:770036,,,,0,0,0,0,0,0,0,0,0,0,0,0,0,0,0,
284837,562858,1116,0,0,0,0,skill:770039,H_armor_piercing:38,crit_rate:20,,,,0,0,0,0,0,0,0,0,0,0,0,0,0,0,0,
285240,562858,1108,0,0,0,0,reload:16,skill:220180,precision:32,,,,0,0,0,0,0,0,0,0,0,0,0,0,0,0,0,
285242,562858,1113,0,0,0,0,def_break:76,skill:220180,precision:32,,,,0,0,0,0,0,0,0,0,0,0,0,0,0,0,0,
285246,562858,1119,0,0,0,1,precision:32,skill:220173,heavy_damage:48,,,,0,0,0,0,0,0,0,0,0,0,0,0,0,0,0,
287123,562858,3115,0,0,0,0,skill:770100,crit_damage:14,H_armor_piercing:26,,,,0,0,0,0,0,0,0,0,0,0,0,0,0,0,0,
292106,562858,3107,0,0,0,0,hit:7,skill:770038,def_break:53,,,,0,0,0,0,0,0,0,0,0,0,0,0,0,0,0,
292115,562858,3117,0,0,0,0,skill:220182,L_armor_piercing:18,crit_rate:14,,,,0,0,0,0,0,0,0,0,0,0,0,0,0,0,0,
292118,562858,3103,0,0,0,0,def_break:53,light_damage:33,skill:770107,,,,0,0,0,0,0,0,0,0,0,0,0,0,0,0,0,
294751,562858,1102,32700,10,10003,1,hit:10,skill:220183,L_armor_piercing:26,,,"1,2,3",0,0,0,0,0,10,0,0,0,0,26,0,0,0,0,220183
294766,562858,1121,0,0,0,1,skill:770100,crit_damage:20,def_break:76,,,,0,0,0,0,0,0,0,0,0,0,0,0,0,0,0,
294823,562858,3124,0,0,0,1,crit_rate:14,skill:770109,def_break:53,,,,0,0,0,0,0,0,0,0,0,0,0,0,0,0,0,
298447,562858,2115,0,0,0,0,crit_rate:16,crit_damage:16,skill:770030,,,,0,0,0,0,0,0,0,0,0,0,0,0,0,0,0,
298489,562858,1118,0,0,0,1,def_break:76,precision:32,skill:770091,,,,0,0,0,0,0,0,0,0,0,0,0,0,0,0,0,
325733,562858,2103,0,0,0,0,atk_speed:8,skill:770038,light_damage:38,,,,0,0,0,0,0,0,0,0,0,0,0,0,0,0,0,
325774,562858,1121,0,0,0,1,skill:770019,crit_rate:20,armor:6,,,,0,0,0,0,0,0,0,0,0,0,0,0,0,0,0,
325780,562858,1115,0,0,0,0,L_armor_piercing:26,skill:770084,crit_rate:20,,,,0,0,0,0,0,0,0,0,0,0,0,0,0,0,0,
325782,562858,1002,0,0,0,1,light_damage:48,L_armor_piercing:26,,,,,0,0,0,0,0,0,0,0,0,0,0,0,0,0,0,
325783,562858,1105,0,0,0,0,crit_rate:20,H_armor_piercing:38,skill:770040,,,,0,0,0,0,0,0,0,0,0,0,0,0,0,0,0,
329325,562858,2107,0,0,0,0,light_damage:38,hit:8,skill:770125,,,,0,0,0,0,0,0,0,0,0,0,0,0,0,0,0,
329326,562858,3131,0,0,0,0,skill:770091,precision:22,H_armor_piercing:26,,,,0,0,0,0,0,0,0,0,0,0,0,0,0,0,0,
337053,562858,3126,0,0,0,0,skill:220187,light_damage:33,hit:7,,,,0,0,0,0,0,0,0,0,0,0,0,0,0,0,0,
342475,562858,1108,0,0,0,0,H_armor_piercing:38,skill:220175,precision:32,,,,0,0,0,0,0,0,0,0,0,0,0,0,0,0,0,
342533,562858,3121,0,0,0,1,dodge:4,armor:4,skill:770107,,,,0,0,0,0,0,0,0,0,0,0,0,0,0,0,0,
342570,562858,3103,0,0,0,0,def_break:53,skill:770107,L_armor_piercing:18,,,,0,0,0,0,0,0,0,0,0,0,0,0,0,0,0,
342589,562858,2132,0,0,0,0,skill:220182,crit_damage:16,crit_rate:16,,,,0,0,0,0,0,0,0,0,0,0,0,0,0,0,0,
342593,562858,1102,0,0,0,1,atk_speed:10,light_damage:48,skill:770113,,,,0,0,0,0,0,0,0,0,0,0,0,0,0,0,0,
342598,562858,1131,0,0,0,0,reload:16,skill:770109,def_break:76,,,,0,0,0,0,0,0,0,0,0,0,0,0,0,0,0,
342604,562858,1104,0,0,0,1,skill:770092,light_damage:48,hit:10,,,,0,0,0,0,0,0,0,0,0,0,0,0,0,0,0,
349941,562858,3132,0,0,0,0,crit_damage:14,skill:770030,def_break:53,,,,0,0,0,0,0,0,0,0,0,0,0,0,0,0,0,
353946,562858,3122,0,0,0,0,hit:7,skill:770106,atk_speed:7,,,,0,0,0,0,0,0,0,0,0,0,0,0,0,0,0,
353947,562858,3122,0,0,0,0,skill:770090,light_damage:33,atk_speed:7,,,,0,0,0,0,0,0,0,0,0,0,0,0,0,0,0,
355942,562858,1113,0,0,0,0,precision:32,skill:220175,def_break:76,,,,0,0,0,0,0,0,0,0,0,0,0,0,0,0,0,
355952,562858,1113,0,0,0,0,heavy_damage:48,skill:770107,H_armor_piercing:38,,,,0,0,0,0,0,0,0,0,0,0,0,0,0,0,0,
359844,562858,3122,0,0,0,0,def_break:53,skill:770125,L_armor_piercing:18,,,,0,0,0,0,0,0,0,0,0,0,0,0,0,0,0,
359852,562858,3122,0,0,0,0,skill:770107,atk_speed:7,light_damage:33,,,,0,0,0,0,0,0,0,0,0,0,0,0,0,0,0,
359878,562858,3128,0,0,0,0,skill:770038,hit:7,def_break:53,,,,0,0,0,0,0,0,0,0,0,0,0,0,0,0,0,
359887,562858,1105,0,0,0,0,skill:770024,H_armor_piercing:38,crit_damage:20,,,,0,0,0,0,0,0,0,0,0,0,0,0,0,0,0,
359894,562858,1122,0,0,0,0,def_break:76,hit:10,skill:770096,,,,0,0,0,0,0,0,0,0,0,0,0,0,0,0,0,
359901,562858,1115,0,0,0,0,skill:220182,L_armor_piercing:26,crit_rate:20,,,,0,0,0,0,0,0,0,0,0,0,0,0,0,0,0,
360115,562858,2125,0,0,0,0,crit_rate:16,crit_damage:16,skill:770041,,,,0,0,0,0,0,0,0,0,0,0,0,0,0,0,0,
360134,562858,2126,0,0,0,0,skill:770092,light_damage:38,def_break:60,,,,0,0,0,0,0,0,0,0,0,0,0,0,0,0,0,
360141,562858,3126,0,0,0,0,skill:770125,L_armor_piercing:18,light_damage:33,,,,0,0,0,0,0,0,0,0,0,0,0,0,0,0,0,
360232,562858,1126,0,0,0,0,skill:770092,def_break:76,light_damage:48,,,,0,0,0,0,0,0,0,0,0,0,0,0,0,0,0,
360239,562858,1103,0,0,0,0,light_damage:48,hit:10,skill:770096,,,,0,0,0,0,0,0,0,0,0,0,0,0,0,0,0,
360240,562858,1110,0,0,0,0,def_break:76,heavy_damage:48,skill:220181,,,,0,0,0,0,0,0,0,0,0,0,0,0,0,0,0,
363522,562858,3128,0,0,0,0,skill:770038,def_break:53,hit:7,,,,0,0,0,0,0,0,0,0,0,0,0,0,0,0,0,
363553,562858,2131,0,0,0,0,skill:770091,def_break:60,heavy_damage:38,,,,0,0,0,0,0,0,0,0,0,0,0,0,0,0,0,
363967,562858,2133,0,0,0,1,crit_rate:16,armor:5,skill:770109,,,,0,0,0,0,0,0,0,0,0,0,0,0,0,0,0,
363975,562858,2108,0,0,0,0,reload:12,def_break:60,skill:770093,,,,0,0,0,0,0,0,0,0,0,0,0,0,0,0,0,
364394,562858,1101,0,0,0,1,light_damage:48,skill:220187,hit:10,,,,0,0,0,0,0,0,0,0,0,0,0,0,0,0,0,
364397,562858,1126,0,0,0,0,hit:10,light_damage:48,skill:770090,,,,0,0,0,0,0,0,0,0,0,0,0,0,0,0,0,
364403,562858,1115,0,0,0,0,crit_rate:20,skill:770032,crit_damage:20,,,,0,0,0,0,0,0,0,0,0,0,0,0,0,0,0,
364487,562858,3103,0,0,0,0,hit:7,skill:770038,def_break:53,,,,0,0,0,0,0,0,0,0,0,0,0,0,0,0,0,
364488,562858,3131,0,0,0,0,def_break:53,skill:770096,precision:22,,,,0,0,0,0,0,0,0,0,0,0,0,0,0,0,0,
364508,562858,3122,0,0,0,0,skill:220187,def_break:53,light_damage:33,,,,0,0,0,0,0,0,0,0,0,0,0,0,0,0,0,
364531,562858,1122,0,0,0,0,skill:770096,light_damage:48,hit:10,,,,0,0,0,0,0,0,0,0,0,0,0,0,0,0,0,
364595,562858,2122,0,0,0,0,atk_speed:8,skill:770113,light_damage:38,,,,0,0,0,0,0,0,0,0,0,0,0,0,0,0,0,
364596,562858,3126,0,0,0,0,def_break:53,light_damage:33,skill:770036,,,,0,0,0,0,0,0,0,0,0,0,0,0,0,0,0,
364608,562858,1102,0,0,0,1,skill:770113,hit:10,light_damage:48,,,,0,0,0,0,0,0,0,0,0,0,0,0,0,0,0,
364609,562858,2110,0,0,0,0,precision:25,skill:770091,heavy_damage:38,,,,0,0,0,0,0,0,0,0,0,0,0,0,0,0,0,
364619,562858,1006,0,0,0,1,armor:6,dodge:6,,,,,0,0,0,0,0,0,0,0,0,0,0,0,0,0,0,
364620,562858,1121,0,0,0,1,crit_rate:20,skill:770016,def_break:76,,,,0,0,0,0,0,0,0,0,0,0,0,0,0,0,0,
367887,562858,2124,0,0,0,1,skill:770104,armor:5,def_break:60,,,,0,0,0,0,0,0,0,0,0,0,0,0,0,0,0,
367964,562858,3122,0,0,0,0,light_damage:33,hit:7,skill:770090,,,,0,0,0,0,0,0,0,0,0,0,0,0,0,0,0,
368012,562858,1126,0,0,0,0,skill:220187,atk_speed:10,hit:10,,,,0,0,0,0,0,0,0,0,0,0,0,0,0,0,0,
368015,562858,1104,0,0,0,1,skill:770125,def_break:76,L_armor_piercing:26,,,,0,0,0,0,0,0,0,0,0,0,0,0,0,0,0,
368224,562858,2125,0,0,0,0,H_armor_piercing:30,crit_rate:16,skill:770024,,,,0,0,0,0,0,0,0,0,0,0,0,0,0,0,0,
368246,562858,3107,0,0,0,0,skill:770036,light_damage:33,hit:7,,,,0,0,0,0,0,0,0,0,0,0,0,0,0,0,0,
373867,562858,1103,0,0,0,0,skill:220187,light_damage:48,def_break:76,,,,0,0,0,0,0,0,0,0,0,0,0,0,0,0,0,
373878,562858,1103,0,0,0,0,hit:10,skill:770109,def_break:76,,,,0,0,0,0,0,0,0,0,0,0,0,0,0,0,0,
379064,562858,3133,0,0,0,1,skill:770100,armor:4,crit_rate:14,,,,0,0,0,0,0,0,0,0,0,0,0,0,0,0,0,
379085,562858,3103,0,0,0,0,atk_speed:7,light_damage:33,skill:770113,,,,0,0,0,0,0,0,0,0,0,0,0,0,0,0,0,
383627,562858,3122,0,0,0,0,def_break:53,light_damage:33,skill:770109,,,,0,0,0,0,0,0,0,0,0,0,0,0,0,0,0,
383635,562858,3133,0,0,0,1,def_break:53,skill:770096,armor:4,,,,0,0,0,0,0,0,0,0,0,0,0,0,0,0,0,
383644,562858,1107,0,0,0,0,L_armor_piercing:26,light_damage:48,skill:770092,,,,0,0,0,0,0,0,0,0,0,0,0,0,0,0,0,
390443,562858,1107,0,0,0,0,atk_speed:10,skill:770106,hit:10,,,,0,0,0,0,0,0,0,0,0,0,0,0,0,0,0,
390448,562858,1124,0,0,0,1,skill:770109,armor:6,crit_rate:20,,,,0,0,0,0,0,0,0,0,0,0,0,0,0,0,0,
390450,562858,1116,0,0,0,0,def_break:76,crit_damage:20,skill:770040,,,,0,0,0,0,0,0,0,0,0,0,0,0,0,0,0,
390460,562858,3127,0,0,0,1,dodge:4,crit_damage:14,skill:770014,,,,0,0,0,0,0,0,0,0,0,0,0,0,0,0,0,
390493,562858,3117,0,0,0,0,crit_rate:14,def_break:53,skill:770084,,,,0,0,0,0,0,0,0,0,0,0,0,0,0,0,0,
390506,562858,3128,0,0,0,0,atk_speed:7,def_break:53,skill:770106,,,,0,0,0,0,0,0,0,0,0,0,0,0,0,0,0,
396735,562858,3128,0,0,0,0,skill:220187,L_armor_piercing:18,atk_speed:7,,,,0,0,0,0,0,0,0,0,0,0,0,0,0,0,0,
396774,562858,1116,0,0,0,0,crit_damage:20,skill:770084,def_break:76,,,,0,0,0,0,0,0,0,0,0,0,0,0,0,0,0,
396780,562858,1104,0,0,0,1,L_armor_piercing:26,light_damage:48,skill:770100,,,,0,0,0,0,0,0,0,0,0,0,0,0,0,0,0,
396926,562858,1114,0,0,0,0,crit_damage:20,skill:220182,crit_rate:20,,,,0,0,0,0,0,0,0,0,0,0,0,0,0,0,0,
414011,562858,3127,0,0,0,1,skill:770109,def_break:53,armor:4,,,,0,0,0,0,0,0,0,0,0,0,0,0,0,0,0,
415431,562858,3134,0,0,0,1,skill:770014,armor:4,crit_damage:14,,,,0,0,0,0,0,0,0,0,0,0,0,0,0,0,0,
418282,562858,2122,0,0,0,0,skill:770125,def_break:60,light_damage:38,,,,0,0,0,0,0,0,0,0,0,0,0,0,0,0,0,
418566,562858,2110,0,0,0,0,precision:25,skill:770096,H_armor_piercing:30,,,,0,0,0,0,0,0,0,0,0,0,0,0,0,0,0,
418785,562858,1002,0,0,0,1,L_armor_piercing:26,light_damage:48,,,,,0,0,0,0,0,0,0,0,0,0,0,0,0,0,0,
418787,562858,1012,32700,10,0,1,heavy_damage:48,H_armor_piercing:38,,,,"1,2",48,0,0,0,0,0,0,0,0,0,0,0,38,0,0,
418788,562858,1105,0,0,0,0,skill:770039,crit_damage:20,def_break:76,,,,0,0,0,0,0,0,0,0,0,0,0,0,0,0,0,
422858,562858,3110,0,0,0,0,def_break:53,heavy_damage:33,skill:770096,,,,0,0,0,0,0,0,0,0,0,0,0,0,0,0,0,
425936,562858,3128,0,0,0,0,hit:7,skill:770106,def_break:53,,,,0,0,0,0,0,0,0,0,0,0,0,0,0,0,0,
425950,562858,1116,0,0,0,0,L_armor_piercing:26,skill:220183,crit_damage:20,,,,0,0,0,0,0,0,0,0,0,0,0,0,0,0,0,
425954,562858,1110,0,0,0,0,heavy_damage:48,def_break:76,skill:770107,,,,0,0,0,0,0,0,0,0,0,0,0,0,0,0,0,
429344,562858,2133,0,0,0,1,skill:770096,def_break:60,dodge:5,,,,0,0,0,0,0,0,0,0,0,0,0,0,0,0,0,
429358,562858,3126,0,0,0,0,skill:770092,hit:7,def_break:53,,,,0,0,0,0,0,0,0,0,0,0,0,0,0,0,0,
431436,562858,1102,0,0,0,1,skill:770106,atk_speed:10,light_damage:48,,,,0,0,0,0,0,0,0,0,0,0,0,0,0,0,0,
465184,562858,2127,0,0,0,1,dodge:5,crit_damage:16,skill:770100,,,,0,0,0,0,0,0,0,0,0,0,0,0,0,0,0,
466476,562858,2108,0,0,0,0,heavy_damage:38,def_break:60,skill:770091,,,,0,0,0,0,0,0,0,0,0,0,0,0,0,0,0,
466492,562858,2128,0,0,0,0,def_break:60,light_damage:38,skill:770113,,,,0,0,0,0,0,0,0,0,0,0,0,0,0,0,0,
466532,562858,1132,0,0,0,0,def_break:76,H_armor_piercing:38,skill:770100,,,,0,0,0,0,0,0,0,0,0,0,0,0,0,0,0,
466534,562858,1124,0,0,0,1,armor:6,skill:770016,crit_damage:20,,,,0,0,0,0,0,0,0,0,0,0,0,0,0,0,0,
466537,562858,1128,0,0,0,0,skill:770113,atk_speed:10,L_armor_piercing:26,,,,0,0,0,0,0,0,0,0,0,0,0,0,0,0,0,
467145,562858,3115,0,0,0,0,skill:770084,crit_rate:14,def_break:53,,,,0,0,0,0,0,0,0,0,0,0,0,0,0,0,0,
467193,562858,3107,0,0,0,0,skill:770125,hit:7,def_break:53,,,,0,0,0,0,0,0,0,0,0,0,0,0,0,0,0,
467296,562858,2107,0,0,0,0,L_armor_piercing:20,skill:770092,light_damage:38,,,,0,0,0,0,0,0,0,0,0,0,0,0,0,0,0,
467309,562858,1125,0,0,0,0,crit_damage:20,L_armor_piercing:26,skill:770039,,,,0,0,0,0,0,0,0,0,0,0,0,0,0,0,0,
467313,562858,1110,0,0,0,0,def_break:76,precision:32,skill:770091,,,,0,0,0,0,0,0,0,0,0,0,0,0,0,0,0,
467316,562858,1119,0,0,0,1,def_break:76,skill:220180,reload:16,,,,0,0,0,0,0,0,0,0,0,0,0,0,0,0,0,
470395,562858,3134,0,0,0,1,crit_rate:14,armor:4,skill:770109,,,,0,0,0,0,0,0,0,0,0,0,0,0,0,0,0,
470482,562858,1121,0,0,0,1,dodge:6,crit_damage:20,skill:770024,,,,0,0,0,0,0,0,0,0,0,0,0,0,0,0,0,
470504,562858,3122,0,0,0,0,skill:770096,def_break:53,light_damage:33,,,,0,0,0,0,0,0,0,0,0,0,0,0,0,0,0,
470515,562858,2128,0,0,0,0,skill:220187,light_damage:38,hit:8,,,,0,0,0,0,0,0,0,0,0,0,0,0,0,0,0,
470517,562858,2126,0,0,0,0,def_break:60,skill:220187,light_damage:38,,,,0,0,0,0,0,0,0,0,0,0,0,0,0,0,0,
470525,562858,1132,0,0,0,0,crit_damage:20,crit_rate:20,skill:770030,,,,0,0,0,0,0,0,0,0,0,0,0,0,0,0,0,
470527,562858,1116,0,0,0,0,L_armor_piercing:26,def_break:76,skill:770104,,,,0,0,0,0,0,0,0,0,0,0,0,0,0,0,0,
470531,562858,1132,0,0,0,0,crit_rate:20,crit_damage:20,skill:770084,,,,0,0,0,0,0,0,0,0,0,0,0,0,0,0,0,
470534,562858,1113,0,0,0,0,heavy_damage:48,precision:32,skill:770091,,,,0,0,0,0,0,0,0,0,0,0,0,0,0,0,0,
470539,562858,1114,0,0,0,0,crit_rate:20,crit_damage:20,skill:770034,,,,0,0,0,0,0,0,0,0,0,0,0,0,0,0,0,
470718,562858,1113,0,0,0,0,def_break:76,skill:770091,precision:32,,,,0,0,0,0,0,0,0,0,0,0,0,0,0,0,0,
475123,562858,3110,0,0,0,0,def_break:53,reload:11,skill:220185,,,,0,0,0,0,0,0,0,0,0,0,0,0,0,0,0,
475201,562858,3103,0,0,0,0,skill:770113,def_break:53,atk_speed:7,,,,0,0,0,0,0,0,0,0,0,0,0,0,0,0,0,
475209,562858,1131,0,0,0,0,heavy_damage:48,skill:220173,H_armor_piercing:38,,,,0,0,0,0,0,0,0,0,0,0,0,0,0,0,0,
475216,562858,1118,0,0,0,1,def_break:76,skill:220175,heavy_damage:48,,,,0,0,0,0,0,0,0,0,0,0,0,0,0,0,0,
475217,562858,1118,0,0,0,1,H_armor_piercing:38,skill:220181,heavy_damage:48,,,,0,0,0,0,0,0,0,0,0,0,0,0,0,0,0,
478375,562858,2134,0,0,0,1,def_break:60,skill:770024,crit_rate:16,,,,0,0,0,0,0,0,0,0,0,0,0,0,0,0,0,
478376,562858,3134,0,0,0,1,skill:770019,armor:4,def_break:53,,,,0,0,0,0,0,0,0,0,0,0,0,0,0,0,0,
478412,562858,2105,0,0,0,0,def_break:60,skill:770084,crit_damage:16,,,,0,0,0,0,0,0,0,0,0,0,0,0,0,0,0,
479027,562858,1122,0,0,0,0,hit:10,skill:770038,L_armor_piercing:26,,,,0,0,0,0,0,0,0,0,0,0,0,0,0,0,0,
479028,562858,2108,0,0,0,0,heavy_damage:38,skill:220185,precision:25,,,,0,0,0,0,0,0,0,0,0,0,0,0,0,0,0,
479030,562858,1124,0,0,0,1,def_break:76,skill:770096,crit_rate:20,,,,0,0,0,0,0,0,0,0,0,0,0,0,0,0,0,
479033,562858,1116,0,0,0,0,crit_damage:20,L_armor_piercing:26,skill:770114,,,,0,0,0,0,0,0,0,0,0,0,0,0,0,0,0,
482064,562858,3134,0,0,0,1,def_break:53,dodge:4,skill:770016,,,,0,0,0,0,0,0,0,0,0,0,0,0,0,0,0,
482065,562858,3127,0,0,0,0,skill:770024,def_break:53,dodge:4,,,,0,0,0,0,0,0,0,0,0,0,0,0,0,0,0,
482101,562858,3128,0,0,0,0,light_damage:33,skill:770106,atk_speed:7,,,,0,0,0,0,0,0,0,0,0,0,0,0,0,0,0,
482140,562858,3108,0,0,0,0,H_armor_piercing:26,skill:220185,heavy_damage:33,,,,0,0,0,0,0,0,0,0,0,0,0,0,0,0,0,
482187,562858,1125,0,0,0,0,crit_rate:20,skill:770014,def_break:76,,,,0,0,0,0,0,0,0,0,0,0,0,0,0,0,0,
482239,562858,1117,0,0,0,0,crit_rate:20,skill:770084,H_armor_piercing:38,,,,0,0,0,0,0,0,0,0,0,0,0,0,0,0,0,
485074,562858,3124,0,0,0,1,crit_rate:14,skill:770096,def_break:53,,,,0,0,0,0,0,0,0,0,0,0,0,0,0,0,0,
485081,562858,3134,0,0,0,1,skill:770100,crit_damage:14,dodge:4,,,,0,0,0,0,0,0,0,0,0,0,0,0,0,0,0,
485095,562858,3131,0,0,0,0,heavy_damage:33,def_break:53,skill:770107,,,,0,0,0,0,0,0,0,0,0,0,0,0,0,0,0,
485144,562858,3131,0,0,0,0,H_armor_piercing:26,precision:22,skill:220185,,,,0,0,0,0,0,0,0,0,0,0,0,0,0,0,0,
485167,562858,3110,0,0,0,0,skill:220185,def_break:53,reload:11,,,,0,0,0,0,0,0,0,0,0,0,0,0,0,0,0,
485178,562858,1127,0,0,0,1,crit_rate:20,dodge:6,skill:770100,,,,0,0,0,0,0,0,0,0,0,0,0,0,0,0,0,
485182,562858,1103,0,0,0,0,skill:770125,light_damage:48,hit:10,,,,0,0,0,0,0,0,0,0,0,0,0,0,0,0,0,
488232,562858,3131,0,0,0,0,heavy_damage:33,skill:770096,H_armor_piercing:26,,,,0,0,0,0,0,0,0,0,0,0,0,0,0,0,0,
488252,562858,2108,0,0,0,0,precision:25,heavy_damage:38,skill:770081,,,,0,0,0,0,0,0,0,0,0,0,0,0,0,0,0,
488264,562858,1134,0,0,0,1,skill:770096,dodge:6,crit_damage:20,,,,0,0,0,0,0,0,0,0,0,0,0,0,0,0,0,
488271,562858,3110,0,0,0,0,def_break:53,skill:220173,H_armor_piercing:26,,,,0,0,0,0,0,0,0,0,0,0,0,0,0,0,0,
488282,562858,3130,0,0,0,0,hit:7,skill:770038,L_armor_piercing:18,,,,0,0,0,0,0,0,0,0,0,0,0,0,0,0,0,
488294,562858,1124,0,0,0,1,def_break:76,crit_damage:20,skill:770024,,,,0,0,0,0,0,0,0,0,0,0,0,0,0,0,0,
488295,562858,1124,0,0,0,1,armor:6,def_break:76,skill:770024,,,,0,0,0,0,0,0,0,0,0,0,0,0,0,0,0,
488298,562858,1117,0,0,0,0,def_break:76,L_armor_piercing:26,skill:770034,,,,0,0,0,0,0,0,0,0,0,0,0,0,0,0,0,
488302,562858,1131,0,0,0,0,H_armor_piercing:38,heavy_damage:48,skill:220180,,,,0,0,0,0,0,0,0,0,0,0,0,0,0,0,0,
492358,562858,3107,0,0,0,0,atk_speed:7,L_armor_piercing:18,skill:770113,,,,0,0,0,0,0,0,0,0,0,0,0,0,0,0,0,
492468,562858,3131,0,0,0,0,reload:11,precision:22,skill:770096,,,,0,0,0,0,0,0,0,0,0,0,0,0,0,0,0,
492635,562858,1105,0,0,0,0,crit_damage:20,skill:770084,def_break:76,,,,0,0,0,0,0,0,0,0,0,0,0,0,0,0,0,
495846,562858,3127,0,0,0,1,armor:4,dodge:4,skill:770024,,,,0,0,0,0,0,0,0,0,0,0,0,0,0,0,0,
495847,562858,2127,26200,10,10022,1,dodge:5,skill:770109,crit_rate:16,,,"1,2,3",0,0,0,0,0,0,0,5,16,0,0,0,0,0,0,770109
496275,562858,3103,0,0,0,0,hit:7,L_armor_piercing:18,skill:770036,,,,0,0,0,0,0,0,0,0,0,0,0,0,0,0,0,
533361,562858,2127,0,0,0,0,def_break:60,skill:770024,dodge:5,,,,0,0,0,0,0,0,0,0,0,0,0,0,0,0,0,
539151,562858,3133,0,0,0,1,dodge:4,def_break:53,skill:770109,,,,0,0,0,0,0,0,0,0,0,0,0,0,0,0,0,
539275,562858,2131,0,0,0,0,def_break:60,skill:770109,H_armor_piercing:30,,,,0,0,0,0,0,0,0,0,0,0,0,0,0,0,0,
539298,562858,2116,0,0,0,0,crit_rate:16,H_armor_piercing:30,skill:770037,,,,0,0,0,0,0,0,0,0,0,0,0,0,0,0,0,
539314,562858,1104,0,0,0,1,atk_speed:10,light_damage:48,skill:770038,,,,0,0,0,0,0,0,0,0,0,0,0,0,0,0,0,
539317,562858,1116,0,0,0,0,L_armor_piercing:26,crit_damage:20,skill:770041,,,,0,0,0,0,0,0,0,0,0,0,0,0,0,0,0,
539319,562858,1008,0,0,0,1,H_armor_piercing:38,heavy_damage:48,,,,,0,0,0,0,0,0,0,0,0,0,0,0,0,0,0,
539320,562858,1103,0,0,0,0,L_armor_piercing:26,skill:770038,hit:10,,,,0,0,0,0,0,0,0,0,0,0,0,0,0,0,0,
539323,562858,1131,0,0,0,0,def_break:76,H_armor_piercing:38,skill:770109,,,,0,0,0,0,0,0,0,0,0,0,0,0,0,0,0,
575607,562858,3107,0,0,0,0,light_damage:33,hit:7,skill:770125,,,,0,0,0,0,0,0,0,0,0,0,0,0,0,0,0,
575686,562858,2107,0,0,0,0,light_damage:38,atk_speed:8,skill:770038,,,,0,0,0,0,0,0,0,0,0,0,0,0,0,0,0,
575687,562858,2107,0,0,0,0,hit:8,light_damage:38,skill:770090,,,,0,0,0,0,0,0,0,0,0,0,0,0,0,0,0,
575693,562858,1108,0,0,0,0,precision:32,skill:220181,def_break:76,,,,0,0,0,0,0,0,0,0,0,0,0,0,0,0,0,
575694,562858,1108,0,0,0,0,skill:770091,heavy_damage:48,H_armor_piercing:38,,,,0,0,0,0,0,0,0,0,0,0,0,0,0,0,0,
577857,562858,3133,0,0,0,1,def_break:53,dodge:4,skill:770024,,,,0,0,0,0,0,0,0,0,0,0,0,0,0,0,0,
577895,562858,2125,0,0,0,0,H_armor_piercing:30,skill:770024,crit_rate:16,,,,0,0,0,0,0,0,0,0,0,0,0,0,0,0,0,
577916,562858,2108,0,0,0,0,skill:770093,precision:25,reload:12,,,,0,0,0,0,0,0,0,0,0,0,0,0,0,0,0,
577917,562858,2126,0,0,0,0,light_damage:38,def_break:60,skill:770038,,,,0,0,0,0,0,0,0,0,0,0,0,0,0,0,0,
577925,562858,2107,0,0,0,0,hit:8,light_damage:38,skill:770090,,,,0,0,0,0,0,0,0,0,0,0,0,0,0,0,0,
577926,562858,3128,0,0,0,0,light_damage:33,atk_speed:7,skill:770038,,,,0,0,0,0,0,0,0,0,0,0,0,0,0,0,0,
577934,562858,3113,0,0,0,0,heavy_damage:33,skill:220175,precision:22,,,,0,0,0,0,0,0,0,0,0,0,0,0,0,0,0,
577937,562858,1105,0,0,0,0,def_break:76,crit_rate:20,skill:770041,,,,0,0,0,0,0,0,0,0,0,0,0,0,0,0,0,
577939,562858,1116,32700,10,10017,0,skill:770104,crit_rate:20,crit_damage:20,,,"1,2,3",0,0,0,0,0,0,0,0,20,20,0,0,0,0,0,770104
577943,562858,1125,0,0,0,0,skill:770040,crit_rate:20,L_armor_piercing:26,,,,0,0,0,0,0,0,0,0,0,0,0,0,0,0,0,
577948,562858,1104,0,0,0,1,skill:770113,hit:10,light_damage:48,,,,0,0,0,0,0,0,0,0,0,0,0,0,0,0,0,
577983,562858,3134,0,0,0,1,skill:770100,def_break:53,armor:4,,,,0,0,0,0,0,0,0,0,0,0,0,0,0,0,0,
578093,562858,3107,0,0,0,0,atk_speed:7,skill:220187,hit:7,,,,0,0,0,0,0,0,0,0,0,0,0,0,0,0,0,
578119,562858,1131,0,0,0,0,precision:32,skill:770096,heavy_damage:48,,,,0,0,0,0,0,0,0,0,0,0,0,0,0,0,0,
578210,562858,1102,32700,10,10003,1,def_break:76,skill:220183,L_armor_piercing:26,,,"1,2,3",0,0,0,0,0,0,0,0,0,0,26,76,0,0,0,220183
579643,562858,3134,0,0,0,1,skill:770107,crit_damage:14,armor:4,,,,0,0,0,0,0,0,0,0,0,0,0,0,0,0,0,
579653,562858,3124,0,0,0,1,crit_rate:14,skill:770107,def_break:53,,,,0,0,0,0,0,0,0,0,0,0,0,0,0,0,0,
579673,562858,2114,0,0,0,0,crit_damage:16,skill:770100,def_break:60,,,,0,0,0,0,0,0,0,0,0,0,0,0,0,0,0,
579686,562858,2128,0,0,0,0,skill:220187,def_break:60,light_damage:38,,,,0,0,0,0,0,0,0,0,0,0,0,0,0,0,0,
579687,562858,3107,0,0,0,0,light_damage:33,skill:770125,atk_speed:7,,,,0,0,0,0,0,0,0,0,0,0,0,0,0,0,0,
579794,562858,1101,0,0,0,1,skill:770113,atk_speed:10,hit:10,,,,0,0,0,0,0,0,0,0,0,0,0,0,0,0,0,
579815,562858,1122,0,0,0,0,def_break:76,skill:770090,hit:10,,,,0,0,0,0,0,0,0,0,0,0,0,0,0,0,0,
580255,562858,1124,0,0,0,1,crit_damage:20,skill:770114,def_break:76,,,,0,0,0,0,0,0,0,0,0,0,0,0,0,0,0,
580473,562858,1121,0,0,0,1,skill:770019,crit_damage:20,def_break:76,,,,0,0,0,0,0,0,0,0,0,0,0,0,0,0,0,
580481,562858,1126,0,0,0,0,skill:770090,atk_speed:10,def_break:76,,,,0,0,0,0,0,0,0,0,0,0,0,0,0,0,0,
580482,562858,1110,0,0,0,0,heavy_damage:48,def_break:76,skill:770091,,,,0,0,0,0,0,0,0,0,0,0,0,0,0,0,0,
580483,562858,1122,0,0,0,0,hit:10,skill:770106,light_damage:48,,,,0,0,0,0,0,0,0,0,0,0,0,0,0,0,0,
580485,562858,1103,0,0,0,0,hit:10,skill:770113,L_armor_piercing:26,,,,0,0,0,0,0,0,0,0,0,0,0,0,0,0,0,
586544,562858,3131,0,0,0,0,reload:11,precision:22,skill:770107,,,,0,0,0,0,0,0,0,0,0,0,0,0,0,0,0,
586556,562858,3124,0,0,0,1,crit_damage:14,crit_rate:14,skill:770104,,,,0,0,0,0,0,0,0,0,0,0,0,0,0,0,0,
586689,562858,1105,0,0,0,0,crit_rate:20,def_break:76,skill:770039,,,,0,0,0,0,0,0,0,0,0,0,0,0,0,0,0,
590333,562858,3110,0,0,0,0,def_break:53,skill:770109,heavy_damage:33,,,,0,0,0,0,0,0,0,0,0,0,0,0,0,0,0,
590335,562858,3122,0,0,0,0,light_damage:33,skill:770096,L_armor_piercing:18,,,,0,0,0,0,0,0,0,0,0,0,0,0,0,0,0,
590348,562858,1132,0,0,0,0,skill:770032,crit_rate:20,H_armor_piercing:38,,,,0,0,0,0,0,0,0,0,0,0,0,0,0,0,0,
592408,562858,2134,0,0,0,1,skill:770107,def_break:60,armor:5,,,,0,0,0,0,0,0,0,0,0,0,0,0,0,0,0,
592418,562858,3121,0,0,0,1,dodge:4,skill:770100,crit_rate:14,,,,0,0,0,0,0,0,0,0,0,0,0,0,0,0,0,
592446,562858,3107,0,0,0,0,light_damage:33,def_break:53,skill:770125,,,,0,0,0,0,0,0,0,0,0,0,0,0,0,0,0,
592448,562858,2110,0,0,0,0,heavy_damage:38,def_break:60,skill:770109,,,,0,0,0,0,0,0,0,0,0,0,0,0,0,0,0,
594589,562858,3127,0,0,0,1,skill:770100,crit_rate:14,def_break:53,,,,0,0,0,0,0,0,0,0,0,0,0,0,0,0,0,
594607,562858,3110,0,0,0,0,precision:22,def_break:53,skill:770107,,,,0,0,0,0,0,0,0,0,0,0,0,0,0,0,0,
594629,562858,1134,0,0,0,1,dodge:6,armor:6,skill:770109,,,,0,0,0,0,0,0,0,0,0,0,0,0,0,0,0,
594631,562858,1116,0,0,0,0,crit_rate:20,def_break:76,skill:770039,,,,0,0,0,0,0,0,0,0,0,0,0,0,0,0,0,
597395,562858,3127,0,0,0,1,skill:770019,crit_rate:14,def_break:53,,,,0,0,0,0,0,0,0,0,0,0,0,0,0,0,0,
597406,562858,3124,0,0,0,1,skill:770109,def_break:53,dodge:4,,,,0,0,0,0,0,0,0,0,0,0,0,0,0,0,0,
597429,562858,3127,0,0,0,1,skill:770019,dodge:4,crit_damage:14,,,,0,0,0,0,0,0,0,0,0,0,0,0,0,0,0,
601549,562858,3122,0,0,0,0,skill:770107,def_break:53,hit:7,,,,0,0,0,0,0,0,0,0,0,0,0,0,0,0,0,
601570,562858,2133,0,0,0,1,dodge:5,skill:770024,def_break:60,,,,0,0,0,0,0,0,0,0,0,0,0,0,0,0,0,
601581,562858,1128,0,0,0,0,def_break:76,hit:10,skill:770036,,,,0,0,0,0,0,0,0,0,0,0,0,0,0,0,0,
601582,562858,2131,0,0,0,0,skill:770109,heavy_damage:38,precision:25,,,,0,0,0,0,0,0,0,0,0,0,0,0,0,0,0,
601591,562858,1124,0,0,0,1,crit_rate:20,def_break:76,skill:770114,,,,0,0,0,0,0,0,0,0,0,0,0,0,0,0,0,
601592,562858,1115,0,0,0,0,H_armor_piercing:38,skill:220182,crit_rate:20,,,,0,0,0,0,0,0,0,0,0,0,0,0,0,0,0,
601594,562858,1124,0,0,0,1,def_break:76,skill:770114,crit_damage:20,,,,0,0,0,0,0,0,0,0,0,0,0,0,0,0,0,
606647,562858,3133,0,0,0,1,dodge:4,skill:770100,def_break:53,,,,0,0,0,0,0,0,0,0,0,0,0,0,0,0,0,
606661,562858,3105,0,0,0,0,skill:770040,L_armor_piercing:18,def_break:53,,,,0,0,0,0,0,0,0,0,0,0,0,0,0,0,0,
606683,562858,2122,0,0,0,0,def_break:60,skill:770125,L_armor_piercing:20,,,,0,0,0,0,0,0,0,0,0,0,0,0,0,0,0,
610206,562858,1132,0,0,0,0,crit_damage:20,def_break:76,skill:770032,,,,0,0,0,0,0,0,0,0,0,0,0,0,0,0,0,
612923,562858,2130,0,0,0,0,hit:8,skill:220187,light_damage:38,,,,0,0,0,0,0,0,0,0,0,0,0,0,0,0,0,
612924,562858,2103,0,0,0,0,skill:770106,hit:8,light_damage:38,,,,0,0,0,0,0,0,0,0,0,0,0,0,0,0,0,
612947,562858,3133,0,0,0,1,dodge:4,armor:4,skill:770014,,,,0,0,0,0,0,0,0,0,0,0,0,0,0,0,0,
612949,562858,3127,0,0,0,1,def_break:53,skill:770014,dodge:4,,,,0,0,0,0,0,0,0,0,0,0,0,0,0,0,0,
616413,562858,2115,0,0,0,0,skill:770100,H_armor_piercing:30,def_break:60,,,,0,0,0,0,0,0,0,0,0,0,0,0,0,0,0,
620450,562858,3130,0,0,0,0,skill:770125,light_damage:33,atk_speed:7,,,,0,0,0,0,0,0,0,0,0,0,0,0,0,0,0,
620451,562858,3126,0,0,0,0,def_break:53,skill:770113,hit:7,,,,0,0,0,0,0,0,0,0,0,0,0,0,0,0,0,
620479,562858,3126,0,0,0,0,hit:7,skill:770036,L_armor_piercing:18,,,,0,0,0,0,0,0,0,0,0,0,0,0,0,0,0,
622832,562858,1105,0,0,0,0,crit_rate:20,skill:770014,crit_damage:20,,,,0,0,0,0,0,0,0,0,0,0,0,0,0,0,0,
622837,562858,1131,0,0,0,0,heavy_damage:48,H_armor_piercing:38,skill:770109,,,,0,0,0,0,0,0,0,0,0,0,0,0,0,0,0,
622850,562858,3121,0,0,0,1,dodge:4,armor:4,skill:770096,,,,0,0,0,0,0,0,0,0,0,0,0,0,0,0,0,
622875,562858,3132,0,0,0,0,def_break:53,H_armor_piercing:26,skill:220182,,,,0,0,0,0,0,0,0,0,0,0,0,0,0,0,0,
622876,562858,3127,0,0,0,1,skill:770024,armor:4,dodge:4,,,,0,0,0,0,0,0,0,0,0,0,0,0,0,0,0,
626324,562858,3108,0,0,0,0,precision:22,def_break:53,skill:220173,,,,0,0,0,0,0,0,0,0,0,0,0,0,0,0,0,
626341,562858,3122,0,0,0,0,light_damage:33,def_break:53,skill:770090,,,,0,0,0,0,0,0,0,0,0,0,0,0,0,0,0,
626342,562858,3107,0,0,0,0,hit:7,light_damage:33,skill:770046,,,,0,0,0,0,0,0,0,0,0,0,0,0,0,0,0,
626390,562858,1107,0,0,0,0,skill:770113,light_damage:48,def_break:76,,,,0,0,0,0,0,0,0,0,0,0,0,0,0,0,0,
626391,562858,1126,0,0,0,0,def_break:76,atk_speed:10,skill:770113,,,,0,0,0,0,0,0,0,0,0,0,0,0,0,0,0,
629733,562858,2133,0,0,0,0,armor:5,skill:770014,def_break:60,,,,0,0,0,0,0,0,0,0,0,0,0,0,0,0,0,
629749,562858,3115,0,0,0,0,crit_rate:14,skill:770034,L_armor_piercing:18,,,,0,0,0,0,0,0,0,0,0,0,0,0,0,0,0,
632704,562858,3105,0,0,0,0,crit_damage:14,skill:770028,L_armor_piercing:18,,,,0,0,0,0,0,0,0,0,0,0,0,0,0,0,0,
632707,562858,1121,0,0,0,0,armor:6,skill:770109,def_break:76,,,,0,0,0,0,0,0,0,0,0,0,0,0,0,0,0,
636827,562858,2130,0,0,0,0,hit:8,skill:770125,light_damage:38,,,,0,0,0,0,0,0,0,0,0,0,0,0,0,0,0,
636834,562858,2126,0,0,0,0,skill:770106,atk_speed:8,L_armor_piercing:20,,,,0,0,0,0,0,0,0,0,0,0,0,0,0,0,0,
636835,562858,1128,0,0,0,0,L_armor_piercing:26,def_break:76,skill:770106,,,,0,0,0,0,0,0,0,0,0,0,0,0,0,0,0,
636840,562858,1103,0,0,0,0,def_break:76,skill:770090,light_damage:48,,,,0,0,0,0,0,0,0,0,0,0,0,0,0,0,0,
636844,562858,1122,0,0,0,0,hit:10,def_break:76,skill:770107,,,,0,0,0,0,0,0,0,0,0,0,0,0,0,0,0,
639903,562858,3125,0,0,0,0,crit_rate:14,skill:770026,def_break:53,,,,0,0,0,0,0,0,0,0,0,0,0,0,0,0,0,
642724,562858,3131,0,0,0,0,def_break:53,skill:770109,heavy_damage:33,,,,0,0,0,0,0,0,0,0,0,0,0,0,0,0,0,
645113,562858,2128,0,0,0,0,def_break:60,light_damage:38,skill:770036,,,,0,0,0,0,0,0,0,0,0,0,0,0,0,0,0,
645123,562858,1110,0,0,0,0,skill:220180,heavy_damage:48,def_break:76,,,,0,0,0,0,0,0,0,0,0,0,0,0,0,0,0,
645125,562858,1130,0,0,0,0,skill:770106,atk_speed:10,def_break:76,,,,0,0,0,0,0,0,0,0,0,0,0,0,0,0,0,
645126,562858,1101,0,0,0,1,skill:770036,hit:10,light_damage:48,,,,0,0,0,0,0,0,0,0,0,0,0,0,0,0,0,
647896,562858,3012,0,0,0,0,precision:22,heavy_damage:33,,,,,0,0,0,0,0,0,0,0,0,0,0,0,0,0,0,
649166,562858,1103,0,0,0,0,hit:10,skill:770106,light_damage:48,,,,0,0,0,0,0,0,0,0,0,0,0,0,0,0,0,
649167,562858,1130,0,0,0,0,light_damage:48,L_armor_piercing:26,skill:220187,,,,0,0,0,0,0,0,0,0,0,0,0,0,0,0,0,
651531,562858,2108,0,0,0,0,heavy_damage:38,skill:770091,precision:25,,,,0,0,0,0,0,0,0,0,0,0,0,0,0,0,0,
651533,562858,3103,0,0,0,0,skill:770106,hit:7,atk_speed:7,,,,0,0,0,0,0,0,0,0,0,0,0,0,0,0,0,
654120,562858,3132,0,0,0,0,skill:770034,def_break:53,H_armor_piercing:26,,,,0,0,0,0,0,0,0,0,0,0,0,0,0,0,0,
654139,562858,3128,0,0,0,0,light_damage:33,skill:770036,L_armor_piercing:18,,,,0,0,0,0,0,0,0,0,0,0,0,0,0,0,0,
654191,562858,1128,0,0,0,0,atk_speed:10,def_break:76,skill:770106,,,,0,0,0,0,0,0,0,0,0,0,0,0,0,0,0,
654196,562858,1110,0,0,0,0,precision:32,heavy_damage:48,skill:220173,,,,0,0,0,0,0,0,0,0,0,0,0,0,0,0,0,
654199,562858,1118,0,0,0,1,skill:220173,def_break:76,precision:32,,,,0,0,0,0,0,0,0,0,0,0,0,0,0,0,0,
657046,562858,3116,0,0,0,0,skill:770040,crit_rate:14,def_break:53,,,,0,0,0,0,0,0,0,0,0,0,0,0,0,0,0,
657070,562858,2105,0,0,0,0,crit_damage:16,skill:770028,def_break:60,,,,0,0,0,0,0,0,0,0,0,0,0,0,0,0,0,
660019,562858,2114,0,0,0,0,skill:770032,crit_rate:16,H_armor_piercing:30,,,,0,0,0,0,0,0,0,0,0,0,0,0,0,0,0,
662346,562858,2132,0,0,0,0,skill:770047,def_break:60,crit_damage:16,,,,0,0,0,0,0,0,0,0,0,0,0,0,0,0,0,
662347,562858,3133,0,0,0,0,armor:4,skill:770100,def_break:53,,,,0,0,0,0,0,0,0,0,0,0,0,0,0,0,0,
662393,562858,2107,0,0,0,0,light_damage:38,skill:770046,def_break:60,,,,0,0,0,0,0,0,0,0,0,0,0,0,0,0,0,
662403,562858,3116,0,0,0,0,H_armor_piercing:26,L_armor_piercing:18,skill:770037,,,,0,0,0,0,0,0,0,0,0,0,0,0,0,0,0,
662418,562858,1107,0,0,0,0,hit:10,skill:770036,def_break:76,,,,0,0,0,0,0,0,0,0,0,0,0,0,0,0,0,
662420,562858,1102,0,0,0,1,skill:770106,hit:10,light_damage:48,,,,0,0,0,0,0,0,0,0,0,0,0,0,0,0,0,
662421,562858,1116,0,0,0,0,skill:770041,L_armor_piercing:26,H_armor_piercing:38,,,,0,0,0,0,0,0,0,0,0,0,0,0,0,0,0,
662424,562858,1102,0,0,0,1,L_armor_piercing:26,skill:220187,hit:10,,,,0,0,0,0,0,0,0,0,0,0,0,0,0,0,0,
662425,562858,1122,0,0,0,0,light_damage:48,skill:220187,hit:10,,,,0,0,0,0,0,0,0,0,0,0,0,0,0,0,0,
662426,562858,1113,0,0,0,0,def_break:76,skill:220173,H_armor_piercing:38,,,,0,0,0,0,0,0,0,0,0,0,0,0,0,0,0,
665365,562858,1132,0,0,0,0,crit_damage:20,crit_rate:20,skill:770026,,,,0,0,0,0,0,0,0,0,0,0,0,0,0,0,0,
670145,562858,2110,0,0,0,0,skill:220175,def_break:60,precision:25,,,,0,0,0,0,0,0,0,0,0,0,0,0,0,0,0,
670154,562858,1122,0,0,0,0,skill:220187,hit:10,light_damage:48,,,,0,0,0,0,0,0,0,0,0,0,0,0,0,0,0,
670156,562858,1103,0,0,0,0,L_armor_piercing:26,skill:770038,def_break:76,,,,0,0,0,0,0,0,0,0,0,0,0,0,0,0,0,
670158,562858,1101,0,0,0,1,L_armor_piercing:26,skill:770090,light_damage:48,,,,0,0,0,0,0,0,0,0,0,0,0,0,0,0,0,
674109,562858,3117,0,0,0,0,crit_rate:14,def_break:53,skill:770032,,,,0,0,0,0,0,0,0,0,0,0,0,0,0,0,0,
674117,562858,3114,0,0,0,0,skill:770032,crit_rate:14,crit_damage:14,,,,0,0,0,0,0,0,0,0,0,0,0,0,0,0,0,
675693,562858,3012,0,0,0,0,heavy_damage:33,precision:22,,,,,0,0,0,0,0,0,0,0,0,0,0,0,0,0,0,
675694,562858,3133,0,0,0,0,armor:4,dodge:4,skill:770109,,,,0,0,0,0,0,0,0,0,0,0,0,0,0,0,0,
675695,562858,3117,0,0,0,0,skill:770028,crit_damage:14,def_break:53,,,,0,0,0,0,0,0,0,0,0,0,0,0,0,0,0,
676125,562858,1127,0,0,0,0,def_break:76,crit_damage:20,skill:770107,,,,0,0,0,0,0,0,0,0,0,0,0,0,0,0,0,
676152,562858,1122,0,0,0,0,light_damage:48,def_break:76,skill:770113,,,,0,0,0,0,0,0,0,0,0,0,0,0,0,0,0,
676168,562858,1113,0,0,0,0,precision:32,skill:220173,def_break:76,,,,0,0,0,0,0,0,0,0,0,0,0,0,0,0,0,
676175,562858,1103,0,0,0,0,skill:770125,atk_speed:10,hit:10,,,,0,0,0,0,0,0,0,0,0,0,0,0,0,0,0,
676241,562858,2110,0,0,0,0,skill:770107,reload:12,precision:25,,,,0,0,0,0,0,0,0,0,0,0,0,0,0,0,0,
676258,562858,3010,0,0,0,0,atk_speed:7,light_damage:33,,,,,0,0,0,0,0,0,0,0,0,0,0,0,0,0,0,
678825,562858,3128,0,0,0,0,hit:7,L_armor_piercing:18,skill:770125,,,,0,0,0,0,0,0,0,0,0,0,0,0,0,0,0,
678855,562858,3107,0,0,0,0,def_break:53,skill:770092,light_damage:33,,,,0,0,0,0,0,0,0,0,0,0,0,0,0,0,0,
678862,562858,1110,0,0,0,0,skill:220181,H_armor_piercing:38,heavy_damage:48,,,,0,0,0,0,0,0,0,0,0,0,0,0,0,0,0,
678863,562858,1113,0,0,0,0,def_break:76,skill:220185,reload:16,,,,0,0,0,0,0,0,0,0,0,0,0,0,0,0,0,
678864,562858,1131,0,0,0,0,heavy_damage:48,skill:770091,precision:32,,,,0,0,0,0,0,0,0,0,0,0,0,0,0,0,0,
678901,562858,3124,0,0,0,0,crit_rate:14,skill:770014,dodge:4,,,,0,0,0,0,0,0,0,0,0,0,0,0,0,0,0,
678953,562858,2130,0,0,0,0,skill:770113,atk_speed:8,hit:8,,,,0,0,0,0,0,0,0,0,0,0,0,0,0,0,0,
679036,562858,1010,0,0,0,0,hit:10,L_armor_piercing:26,,,,,0,0,0,0,0,0,0,0,0,0,0,0,0,0,0,
679056,562858,2103,0,0,0,0,light_damage:38,skill:770107,hit:8,,,,0,0,0,0,0,0,0,0,0,0,0,0,0,0,0,
679057,562858,2108,0,0,0,0,skill:770081,precision:25,reload:12,,,,0,0,0,0,0,0,0,0,0,0,0,0,0,0,0,
679073,562858,1128,0,0,0,0,atk_speed:10,skill:770100,light_damage:48,,,,0,0,0,0,0,0,0,0,0,0,0,0,0,0,0,
679074,562858,1108,0,0,0,0,skill:770045,heavy_damage:48,precision:32,,,,0,0,0,0,0,0,0,0,0,0,0,0,0,0,0,
679076,562858,1104,0,0,0,1,def_break:76,light_damage:48,skill:770036,,,,0,0,0,0,0,0,0,0,0,0,0,0,0,0,0,
679078,562858,1119,32700,10,10020,1,skill:770091,heavy_damage:48,precision:32,,,"1,2,3",48,0,0,32,0,0,0,0,0,0,0,0,0,0,0,770091
679432,562858,1010,0,0,0,0,hit:10,atk_speed:10,,,,,0,0,0,0,0,0,0,0,0,0,0,0,0,0,0,
683179,562858,3124,0,0,0,0,dodge:4,skill:770109,armor:4,,,,0,0,0,0,0,0,0,0,0,0,0,0,0,0,0,
683187,562858,3126,0,0,0,0,light_damage:33,skill:770125,hit:7,,,,0,0,0,0,0,0,0,0,0,0,0,0,0,0,0,
687154,562858,3131,0,0,0,0,skill:770107,heavy_damage:33,def_break:53,,,,0,0,0,0,0,0,0,0,0,0,0,0,0,0,0,
687155,562858,3122,0,0,0,0,skill:220187,hit:7,def_break:53,,,,0,0,0,0,0,0,0,0,0,0,0,0,0,0,0,
687156,562858,3126,0,0,0,0,skill:770106,def_break:53,light_damage:33,,,,0,0,0,0,0,0,0,0,0,0,0,0,0,0,0,
687163,562858,3121,0,0,0,0,dodge:4,crit_rate:14,skill:770028,,,,0,0,0,0,0,0,0,0,0,0,0,0,0,0,0,
687232,562858,1113,0,0,0,0,def_break:76,skill:220185,H_armor_piercing:38,,,,0,0,0,0,0,0,0,0,0,0,0,0,0,0,0,
687233,562858,3126,0,0,0,0,skill:220187,hit:7,def_break:53,,,,0,0,0,0,0,0,0,0,0,0,0,0,0,0,0,
687247,562858,1124,0,0,0,0,crit_rate:20,skill:220183,def_break:76,,,,0,0,0,0,0,0,0,0,0,0,0,0,0,0,0,
687248,562858,1117,0,0,0,0,crit_rate:20,skill:770034,def_break:76,,,,0,0,0,0,0,0,0,0,0,0,0,0,0,0,0,
687250,562858,1114,0,0,0,0,skill:770047,crit_damage:20,H_armor_piercing:38,,,,0,0,0,0,0,0,0,0,0,0,0,0,0,0,0,
687251,562858,1114,0,0,0,0,L_armor_piercing:26,H_armor_piercing:38,skill:220182,,,,0,0,0,0,0,0,0,0,0,0,0,0,0,0,0,
687252,562858,1124,0,0,0,0,crit_damage:20,armor:6,skill:770096,,,,0,0,0,0,0,0,0,0,0,0,0,0,0,0,0,
689597,562858,3124,0,0,0,0,skill:770104,dodge:4,def_break:53,,,,0,0,0,0,0,0,0,0,0,0,0,0,0,0,0,
689598,562858,3121,0,0,0,0,crit_damage:14,def_break:53,skill:770100,,,,0,0,0,0,0,0,0,0,0,0,0,0,0,0,0,
689630,562858,3117,0,0,0,0,skill:220182,crit_rate:14,H_armor_piercing:26,,,,0,0,0,0,0,0,0,0,0,0,0,0,0,0,0,
689631,562858,3121,0,0,0,0,skill:770107,def_break:53,crit_rate:14,,,,0,0,0,0,0,0,0,0,0,0,0,0,0,0,0,
689632,562858,3127,0,0,0,0,crit_damage:14,armor:4,skill:770026,,,,0,0,0,0,0,0,0,0,0,0,0,0,0,0,0,
689649,562858,2126,0,0,0,0,def_break:60,skill:770036,light_damage:38,,,,0,0,0,0,0,0,0,0,0,0,0,0,0,0,0,
689650,562858,3122,0,0,0,0,light_damage:33,skill:770113,atk_speed:7,,,,0,0,0,0,0,0,0,0,0,0,0,0,0,0,0,
692647,562858,1130,0,0,0,0,skill:770038,atk_speed:10,hit:10,,,,0,0,0,0,0,0,0,0,0,0,0,0,0,0,0,
692656,562858,1117,0,0,0,0,skill:770100,crit_rate:20,crit_damage:20,,,,0,0,0,0,0,0,0,0,0,0,0,0,0,0,0,
692670,562858,2125,0,0,0,0,crit_damage:16,skill:770039,def_break:60,,,,0,0,0,0,0,0,0,0,0,0,0,0,0,0,0,
692685,562858,3132,0,0,0,0,L_armor_piercing:18,skill:770028,crit_damage:14,,,,0,0,0,0,0,0,0,0,0,0,0,0,0,0,0,
695425,562858,3110,0,0,0,0,reload:11,skill:770107,heavy_damage:33,,,,0,0,0,0,0,0,0,0,0,0,0,0,0,0,0,
695441,562858,1125,0,0,0,0,H_armor_piercing:38,crit_damage:20,skill:770084,,,,0,0,0,0,0,0,0,0,0,0,0,0,0,0,0,
695442,562858,1133,0,0,0,0,crit_rate:20,skill:770028,def_break:76,,,,0,0,0,0,0,0,0,0,0,0,0,0,0,0,0,
695544,562858,1110,0,0,0,0,skill:220180,def_break:76,precision:32,,,,0,0,0,0,0,0,0,0,0,0,0,0,0,0,0,
697921,562858,1116,0,0,0,0,skill:770114,def_break:76,crit_rate:20,,,,0,0,0,0,0,0,0,0,0,0,0,0,0,0,0,
697922,562858,1134,0,0,0,0,skill:770028,crit_damage:20,armor:6,,,,0,0,0,0,0,0,0,0,0,0,0,0,0,0,0,
698885,562858,3124,0,0,0,0,armor:4,skill:770109,crit_damage:14,,,,0,0,0,0,0,0,0,0,0,0,0,0,0,0,0,
702790,562858,3108,0,0,0,0,skill:770091,precision:22,reload:11,,,,0,0,0,0,0,0,0,0,0,0,0,0,0,0,0,
703411,562858,2130,0,0,0,0,light_damage:38,skill:770036,def_break:60,,,,0,0,0,0,0,0,0,0,0,0,0,0,0,0,0,
703413,562858,2107,0,0,0,0,hit:8,skill:770090,light_damage:38,,,,0,0,0,0,0,0,0,0,0,0,0,0,0,0,0,
703414,562858,1101,0,0,0,1,atk_speed:10,skill:770125,light_damage:48,,,,0,0,0,0,0,0,0,0,0,0,0,0,0,0,0,
703426,562858,3126,0,0,0,0,atk_speed:7,hit:7,skill:770038,,,,0,0,0,0,0,0,0,0,0,0,0,0,0,0,0,
703452,562858,1121,0,0,0,0,skill:770019,def_break:76,dodge:6,,,,0,0,0,0,0,0,0,0,0,0,0,0,0,0,0,
705198,562858,1132,0,0,0,0,crit_rate:20,crit_damage:20,skill:770100,,,,0,0,0,0,0,0,0,0,0,0,0,0,0,0,0,
705203,562858,1117,0,0,0,0,skill:770026,H_armor_piercing:38,def_break:76,,,,0,0,0,0,0,0,0,0,0,0,0,0,0,0,0,
705874,562858,3117,0,0,0,0,crit_damage:14,crit_rate:14,skill:770030,,,,0,0,0,0,0,0,0,0,0,0,0,0,0,0,0,
705875,562858,3115,0,0,0,0,def_break:53,skill:770030,H_armor_piercing:26,,,,0,0,0,0,0,0,0,0,0,0,0,0,0,0,0,
705890,562858,2133,0,0,0,0,skill:770024,def_break:60,dodge:5,,,,0,0,0,0,0,0,0,0,0,0,0,0,0,0,0,
713773,562858,3103,0,0,0,0,def_break:53,light_damage:33,skill:770038,,,,0,0,0,0,0,0,0,0,0,0,0,0,0,0,0,
713784,562858,3126,0,0,0,0,light_damage:33,def_break:53,skill:770113,,,,0,0,0,0,0,0,0,0,0,0,0,0,0,0,0,
713785,562858,2124,0,0,0,0,skill:770019,armor:5,dodge:5,,,,0,0,0,0,0,0,0,0,0,0,0,0,0,0,0,
713787,562858,3105,0,0,0,0,skill:770026,crit_rate:14,def_break:53,,,,0,0,0,0,0,0,0,0,0,0,0,0,0,0,0,
713796,562858,1110,0,0,0,0,precision:32,skill:220167,H_armor_piercing:38,,,,0,0,0,0,0,0,0,0,0,0,0,0,0,0,0,
713802,562858,3122,0,0,0,0,skill:770106,light_damage:33,def_break:53,,,,0,0,0,0,0,0,0,0,0,0,0,0,0,0,0,
713810,562858,1102,0,0,0,1,hit:10,skill:770036,L_armor_piercing:26,,,,0,0,0,0,0,0,0,0,0,0,0,0,0,0,0,
713818,562858,1125,0,0,0,0,crit_damage:20,skill:770047,def_break:76,,,,0,0,0,0,0,0,0,0,0,0,0,0,0,0,0,
722754,562858,3134,0,0,0,0,dodge:4,crit_rate:14,skill:770016,,,,0,0,0,0,0,0,0,0,0,0,0,0,0,0,0,
722787,562858,3122,0,0,0,0,light_damage:33,def_break:53,skill:770036,,,,0,0,0,0,0,0,0,0,0,0,0,0,0,0,0,
722788,562858,1010,0,0,0,0,L_armor_piercing:26,hit:10,,,,,0,0,0,0,0,0,0,0,0,0,0,0,0,0,0,
722789,562858,1121,0,0,0,0,skill:770014,dodge:6,crit_rate:20,,,,0,0,0,0,0,0,0,0,0,0,0,0,0,0,0,
723409,562858,3134,0,0,0,0,def_break:53,dodge:4,skill:770028,,,,0,0,0,0,0,0,0,0,0,0,0,0,0,0,0,
723426,562858,1010,0,0,0,0,atk_speed:10,hit:10,,,,,0,0,0,0,0,0,0,0,0,0,0,0,0,0,0,
723535,562858,2121,0,0,0,0,armor:5,def_break:60,skill:770014,,,,0,0,0,0,0,0,0,0,0,0,0,0,0,0,0,
723536,562858,3116,0,0,0,0,L_armor_piercing:18,skill:770041,def_break:53,,,,0,0,0,0,0,0,0,0,0,0,0,0,0,0,0,
723547,562858,2127,0,0,0,0,def_break:60,armor:5,skill:770014,,,,0,0,0,0,0,0,0,0,0,0,0,0,0,0,0,
723554,562858,3107,0,0,0,0,hit:7,skill:220187,L_armor_piercing:18,,,,0,0,0,0,0,0,0,0,0,0,0,0,0,0,0,
723559,562858,3103,0,0,0,0,skill:770090,atk_speed:7,hit:7,,,,0,0,0,0,0,0,0,0,0,0,0,0,0,0,0,
723560,562858,3107,0,0,0,0,atk_speed:7,skill:770046,hit:7,,,,0,0,0,0,0,0,0,0,0,0,0,0,0,0,0,
723561,562858,3126,0,0,0,0,skill:770113,hit:7,def_break:53,,,,0,0,0,0,0,0,0,0,0,0,0,0,0,0,0,
723571,562858,1128,0,0,0,0,skill:770092,atk_speed:10,def_break:76,,,,0,0,0,0,0,0,0,0,0,0,0,0,0,0,0,
723579,562858,1104,0,0,0,1,skill:770092,light_damage:48,hit:10,,,,0,0,0,0,0,0,0,0,0,0,0,0,0,0,0,
723588,562858,1127,0,0,0,0,armor:6,skill:770109,def_break:76,,,,0,0,0,0,0,0,0,0,0,0,0,0,0,0,0,
723589,562858,1010,0,0,0,0,atk_speed:10,L_armor_piercing:26,,,,,0,0,0,0,0,0,0,0,0,0,0,0,0,0,0,
723591,562858,1124,0,0,0,0,armor:6,def_break:76,skill:770019,,,,0,0,0,0,0,0,0,0,0,0,0,0,0,0,0,
725177,562858,3134,0,0,0,0,skill:770026,armor:4,def_break:53,,,,0,0,0,0,0,0,0,0,0,0,0,0,0,0,0,
725179,562858,3116,0,0,0,0,skill:770104,H_armor_piercing:26,crit_damage:14,,,,0,0,0,0,0,0,0,0,0,0,0,0,0,0,0,
725220,562858,3132,0,0,0,0,crit_damage:14,skill:770100,def_break:53,,,,0,0,0,0,0,0,0,0,0,0,0,0,0,0,0,
725221,562858,2125,0,0,0,0,crit_rate:16,def_break:60,skill:770041,,,,0,0,0,0,0,0,0,0,0,0,0,0,0,0,0,
725229,562858,3126,0,0,0,0,light_damage:33,hit:7,skill:770092,,,,0,0,0,0,0,0,0,0,0,0,0,0,0,0,0,
727565,562858,2114,0,0,0,0,H_armor_piercing:30,crit_damage:16,skill:770032,,,,0,0,0,0,0,0,0,0,0,0,0,0,0,0,0,
727573,562858,2103,0,0,0,0,skill:770036,def_break:60,atk_speed:8,,,,0,0,0,0,0,0,0,0,0,0,0,0,0,0,0,
727574,562858,1122,0,0,0,0,skill:770107,atk_speed:10,def_break:76,,,,0,0,0,0,0,0,0,0,0,0,0,0,0,0,0,
727581,562858,3108,0,0,0,0,H_armor_piercing:26,skill:770081,heavy_damage:33,,,,0,0,0,0,0,0,0,0,0,0,0,0,0,0,0,
727582,562858,1102,0,0,0,1,skill:770104,hit:10,light_damage:48,,,,0,0,0,0,0,0,0,0,0,0,0,0,0,0,0,
727591,562858,2107,0,0,0,0,light_damage:38,def_break:60,skill:770125,,,,0,0,0,0,0,0,0,0,0,0,0,0,0,0,0,
727593,562858,1116,0,0,0,0,L_armor_piercing:26,crit_damage:20,skill:770037,,,,0,0,0,0,0,0,0,0,0,0,0,0,0,0,0,
727595,562858,1105,0,0,0,0,def_break:76,skill:770047,crit_damage:20,,,,0,0,0,0,0,0,0,0,0,0,0,0,0,0,0,
727597,562858,1010,0,0,0,0,hit:10,atk_speed:10,,,,,0,0,0,0,0,0,0,0,0,0,0,0,0,0,0,
730335,562858,3117,0,0,0,0,skill:770026,def_break:53,H_armor_piercing:26,,,,0,0,0,0,0,0,0,0,0,0,0,0,0,0,0,
730336,562858,3133,0,0,0,0,armor:4,dodge:4,skill:770014,,,,0,0,0,0,0,0,0,0,0,0,0,0,0,0,0,
730345,562858,3125,0,0,0,0,skill:770028,def_break:53,crit_rate:14,,,,0,0,0,0,0,0,0,0,0,0,0,0,0,0,0,
733576,562858,3105,0,0,0,0,skill:770039,crit_damage:14,crit_rate:14,,,,0,0,0,0,0,0,0,0,0,0,0,0,0,0,0,
733578,562858,3115,0,0,0,0,skill:770032,crit_rate:14,crit_damage:14,,,,0,0,0,0,0,0,0,0,0,0,0,0,0,0,0,
733790,562858,3103,0,0,0,0,light_damage:33,atk_speed:7,skill:770096,,,,0,0,0,0,0,0,0,0,0,0,0,0,0,0,0,
733791,562858,3126,0,0,0,0,skill:770082,hit:7,def_break:53,,,,0,0,0,0,0,0,0,0,0,0,0,0,0,0,0,
734151,562858,1104,0,0,0,1,def_break:76,L_armor_piercing:26,skill:220187,,,,0,0,0,0,0,0,0,0,0,0,0,0,0,0,0,
736074,562858,3134,0,0,0,0,armor:4,dodge:4,skill:770019,,,,0,0,0,0,0,0,0,0,0,0,0,0,0,0,0,
736092,562858,1110,0,0,0,0,precision:32,heavy_damage:48,skill:770109,,,,0,0,0,0,0,0,0,0,0,0,0,0,0,0,0,
736133,562858,2131,0,0,0,0,skill:220180,precision:25,reload:12,,,,0,0,0,0,0,0,0,0,0,0,0,0,0,0,0,
736134,562858,1101,0,0,0,1,skill:220187,def_break:76,light_damage:48,,,,0,0,0,0,0,0,0,0,0,0,0,0,0,0,0,
736145,562858,1127,0,0,0,0,skill:770028,def_break:76,crit_rate:20,,,,0,0,0,0,0,0,0,0,0,0,0,0,0,0,0,
736146,562858,1114,0,0,0,0,crit_damage:20,skill:770030,H_armor_piercing:38,,,,0,0,0,0,0,0,0,0,0,0,0,0,0,0,0,
736147,562858,1012,0,0,0,0,precision:32,heavy_damage:48,,,,,0,0,0,0,0,0,0,0,0,0,0,0,0,0,0,
736148,562858,1134,0,0,0,0,crit_damage:20,dodge:6,skill:770096,,,,0,0,0,0,0,0,0,0,0,0,0,0,0,0,0,
738689,562858,3010,0,0,0,0,light_damage:33,atk_speed:7,,,,,0,0,0,0,0,0,0,0,0,0,0,0,0,0,0,
762355,562858,3121,0,0,0,0,skill:770096,dodge:4,def_break:53,,,,0,0,0,0,0,0,0,0,0,0,0,0,0,0,0,
764799,562858,3012,0,0,0,0,reload:11,heavy_damage:33,,,,,0,0,0,0,0,0,0,0,0,0,0,0,0,0,0,
764805,562858,2110,0,0,0,0,heavy_damage:38,skill:770096,precision:25,,,,0,0,0,0,0,0,0,0,0,0,0,0,0,0,0,
764806,562858,3103,0,0,0,0,skill:770036,hit:7,light_damage:33,,,,0,0,0,0,0,0,0,0,0,0,0,0,0,0,0,
764807,562858,3107,0,0,0,0,hit:7,atk_speed:7,skill:770106,,,,0,0,0,0,0,0,0,0,0,0,0,0,0,0,0,
781849,562858,3130,0,0,0,0,L_armor_piercing:18,light_damage:33,skill:770046,,,,0,0,0,0,0,0,0,0,0,0,0,0,0,0,0,
781850,562858,3108,0,0,0,0,reload:11,skill:220181,H_armor_piercing:26,,,,0,0,0,0,0,0,0,0,0,0,0,0,0,0,0,
781851,562858,2103,0,0,0,0,def_break:60,skill:770109,hit:8,,,,0,0,0,0,0,0,0,0,0,0,0,0,0,0,0,
781871,562858,1127,0,0,0,0,armor:6,skill:770107,dodge:6,,,,0,0,0,0,0,0,0,0,0,0,0,0,0,0,0,
781872,562858,1005,0,0,0,1,dodge:6,armor:6,,,,,0,0,0,0,0,0,0,0,0,0,0,0,0,0,0,
781875,562858,1117,0,0,0,0,def_break:76,skill:770028,crit_rate:20,,,,0,0,0,0,0,0,0,0,0,0,0,0,0,0,0,
784984,562858,3124,0,0,0,0,skill:770024,def_break:53,crit_damage:14,,,,0,0,0,0,0,0,0,0,0,0,0,0,0,0,0,
785671,562858,3124,0,0,0,0,skill:220183,def_break:53,armor:4,,,,0,0,0,0,0,0,0,0,0,0,0,0,0,0,0,
785694,562858,2133,0,0,0,0,dodge:5,crit_damage:16,skill:770107,,,,0,0,0,0,0,0,0,0,0,0,0,0,0,0,0,
785695,562858,3117,0,0,0,0,crit_rate:14,crit_damage:14,skill:770034,,,,0,0,0,0,0,0,0,0,0,0,0,0,0,0,0,
789271,562858,3131,0,0,0,0,def_break:53,heavy_damage:33,skill:220185,,,,0,0,0,0,0,0,0,0,0,0,0,0,0,0,0,
789281,562858,3126,0,0,0,0,skill:770125,hit:7,light_damage:33,,,,0,0,0,0,0,0,0,0,0,0,0,0,0,0,0,
789287,562858,1132,0,0,0,0,crit_rate:20,skill:770026,crit_damage:20,,,,0,0,0,0,0,0,0,0,0,0,0,0,0,0,0,
789288,562858,3115,0,0,0,0,L_armor_piercing:18,crit_damage:14,skill:770047,,,,0,0,0,0,0,0,0,0,0,0,0,0,0,0,0,
789289,562858,2127,0,0,0,0,skill:770016,dodge:5,armor:5,,,,0,0,0,0,0,0,0,0,0,0,0,0,0,0,0,
789303,562858,2116,0,0,0,0,def_break:60,skill:770084,H_armor_piercing:30,,,,0,0,0,0,0,0,0,0,0,0,0,0,0,0,0,
789304,562858,1134,0,0,0,0,crit_damage:20,armor:6,skill:770016,,,,0,0,0,0,0,0,0,0,0,0,0,0,0,0,0,
790703,562858,1101,0,0,0,1,light_damage:48,skill:770125,def_break:76,,,,0,0,0,0,0,0,0,0,0,0,0,0,0,0,0,
790718,562858,1010,0,0,0,0,hit:10,atk_speed:10,,,,,0,0,0,0,0,0,0,0,0,0,0,0,0,0,0,
790720,562858,1124,0,0,0,0,def_break:76,skill:770109,dodge:6,,,,0,0,0,0,0,0,0,0,0,0,0,0,0,0,0,
790722,562858,1124,0,0,0,0,skill:770109,armor:6,crit_rate:20,,,,0,0,0,0,0,0,0,0,0,0,0,0,0,0,0,
790723,562858,1010,0,0,0,0,hit:10,atk_speed:10,,,,,0,0,0,0,0,0,0,0,0,0,0,0,0,0,0,
794206,562858,3124,0,0,0,0,skill:770016,dodge:4,crit_rate:14,,,,0,0,0,0,0,0,0,0,0,0,0,0,0,0,0,
794215,562858,3127,0,0,0,0,armor:4,crit_damage:14,skill:770014,,,,0,0,0,0,0,0,0,0,0,0,0,0,0,0,0,
794224,562858,2012,0,0,0,0,H_armor_piercing:30,heavy_damage:38,,,,,0,0,0,0,0,0,0,0,0,0,0,0,0,0,0,
794226,562858,3125,0,0,0,0,skill:770014,crit_rate:14,crit_damage:14,,,,0,0,0,0,0,0,0,0,0,0,0,0,0,0,0,
796718,562858,2128,0,0,0,0,skill:770038,hit:8,def_break:60,,,,0,0,0,0,0,0,0,0,0,0,0,0,0,0,0,
798120,562858,2113,0,0,0,0,skill:220185,def_break:60,precision:25,,,,0,0,0,0,0,0,0,0,0,0,0,0,0,0,0,
798121,562858,3128,0,0,0,0,light_damage:33,skill:770106,hit:7,,,,0,0,0,0,0,0,0,0,0,0,0,0,0,0,0,
798122,562858,3128,0,0,0,0,def_break:53,light_damage:33,skill:770125,,,,0,0,0,0,0,0,0,0,0,0,0,0,0,0,0,
798126,562858,3012,0,0,0,0,heavy_damage:33,reload:11,,,,,0,0,0,0,0,0,0,0,0,0,0,0,0,0,0,
798127,562858,1133,0,0,0,0,def_break:76,skill:770016,dodge:6,,,,0,0,0,0,0,0,0,0,0,0,0,0,0,0,0,
799490,562858,2107,0,0,0,0,skill:770082,light_damage:38,atk_speed:8,,,,0,0,0,0,0,0,0,0,0,0,0,0,0,0,0,
799494,562858,1113,0,0,0,0,heavy_damage:48,skill:220167,reload:16,,,,0,0,0,0,0,0,0,0,0,0,0,0,0,0,0,
799503,562858,1121,0,0,0,0,armor:6,skill:770014,def_break:76,,,,0,0,0,0,0,0,0,0,0,0,0,0,0,0,0,
799505,562858,1008,0,0,0,0,L_armor_piercing:26,light_damage:48,,,,,0,0,0,0,0,0,0,0,0,0,0,0,0,0,0,
799506,562858,1012,0,0,0,0,precision:32,reload:16,,,,,0,0,0,0,0,0,0,0,0,0,0,0,0,0,0,
800167,562858,2128,0,0,0,0,def_break:60,hit:8,skill:770125,,,,0,0,0,0,0,0,0,0,0,0,0,0,0,0,0,
800171,562858,2108,0,0,0,0,precision:25,skill:220185,def_break:60,,,,0,0,0,0,0,0,0,0,0,0,0,0,0,0,0,
800172,562858,2130,0,0,0,0,def_break:60,skill:220187,atk_speed:8,,,,0,0,0,0,0,0,0,0,0,0,0,0,0,0,0,
800177,562858,2132,0,0,0,0,crit_damage:16,crit_rate:16,skill:770032,,,,0,0,0,0,0,0,0,0,0,0,0,0,0,0,0,
800178,562858,3132,0,0,0,0,L_armor_piercing:18,crit_rate:14,skill:770030,,,,0,0,0,0,0,0,0,0,0,0,0,0,0,0,0,
800180,562858,2131,0,0,0,0,skill:220167,reload:12,def_break:60,,,,0,0,0,0,0,0,0,0,0,0,0,0,0,0,0,
800181,562858,2130,0,0,0,0,hit:8,skill:770092,atk_speed:8,,,,0,0,0,0,0,0,0,0,0,0,0,0,0,0,0,
800185,562858,1103,0,0,0,0,skill:770106,light_damage:48,hit:10,,,,0,0,0,0,0,0,0,0,0,0,0,0,0,0,0,
800189,562858,1012,0,0,0,0,precision:32,reload:16,,,,,0,0,0,0,0,0,0,0,0,0,0,0,0,0,0,
800192,562858,1010,0,0,0,0,atk_speed:10,L_armor_piercing:26,,,,,0,0,0,0,0,0,0,0,0,0,0,0,0,0,0,
801355,562858,2132,0,0,0,0,skill:770032,L_armor_piercing:20,crit_rate:16,,,,0,0,0,0,0,0,0,0,0,0,0,0,0,0,0,
801370,562858,3105,0,0,0,0,skill:770040,crit_rate:14,H_armor_piercing:26,,,,0,0,0,0,0,0,0,0,0,0,0,0,0,0,0,
801371,562858,3127,0,0,0,0,armor:4,skill:770016,def_break:53,,,,0,0,0,0,0,0,0,0,0,0,0,0,0,0,0,
804663,562858,3127,0,0,0,0,skill:770028,def_break:53,crit_rate:14,,,,0,0,0,0,0,0,0,0,0,0,0,0,0,0,0,
804672,562858,3134,0,0,0,0,armor:4,skill:770107,dodge:4,,,,0,0,0,0,0,0,0,0,0,0,0,0,0,0,0,
804674,562858,3124,0,0,0,0,armor:4,skill:770114,crit_damage:14,,,,0,0,0,0,0,0,0,0,0,0,0,0,0,0,0,
804684,562858,1124,0,0,0,0,skill:770014,armor:6,def_break:76,,,,0,0,0,0,0,0,0,0,0,0,0,0,0,0,0,
804686,562858,3134,0,0,0,0,def_break:53,crit_rate:14,skill:770107,,,,0,0,0,0,0,0,0,0,0,0,0,0,0,0,0,
804693,562858,2110,0,0,0,0,reload:12,def_break:60,skill:220180,,,,0,0,0,0,0,0,0,0,0,0,0,0,0,0,0,
804704,562858,2128,0,0,0,0,skill:770106,light_damage:38,atk_speed:8,,,,0,0,0,0,0,0,0,0,0,0,0,0,0,0,0,
804708,562858,2124,0,0,0,0,armor:5,skill:770016,dodge:5,,,,0,0,0,0,0,0,0,0,0,0,0,0,0,0,0,
804715,562858,1132,0,0,0,0,def_break:76,skill:770034,L_armor_piercing:26,,,,0,0,0,0,0,0,0,0,0,0,0,0,0,0,0,
804717,562858,1132,0,0,0,0,skill:770100,crit_damage:20,H_armor_piercing:38,,,,0,0,0,0,0,0,0,0,0,0,0,0,0,0,0,
805330,562858,1130,0,0,0,0,skill:770046,L_armor_piercing:26,def_break:76,,,,0,0,0,0,0,0,0,0,0,0,0,0,0,0,0,
808084,562858,3010,0,0,0,0,atk_speed:7,light_damage:33,,,,,0,0,0,0,0,0,0,0,0,0,0,0,0,0,0,
808090,562858,3114,0,0,0,0,crit_damage:14,skill:770032,crit_rate:14,,,,0,0,0,0,0,0,0,0,0,0,0,0,0,0,0,
808092,562858,3132,0,0,0,0,crit_damage:14,crit_rate:14,skill:770100,,,,0,0,0,0,0,0,0,0,0,0,0,0,0,0,0,
808093,562858,3134,0,0,0,0,crit_damage:14,skill:770109,def_break:53,,,,0,0,0,0,0,0,0,0,0,0,0,0,0,0,0,
809495,562858,1125,0,0,0,0,def_break:76,L_armor_piercing:26,skill:770084,,,,0,0,0,0,0,0,0,0,0,0,0,0,0,0,0,
810268,562858,3107,0,0,0,0,skill:770038,hit:7,atk_speed:7,,,,0,0,0,0,0,0,0,0,0,0,0,0,0,0,0,
810276,562858,1102,0,0,0,1,skill:220187,light_damage:48,def_break:76,,,,0,0,0,0,0,0,0,0,0,0,0,0,0,0,0,
810277,562858,1104,0,0,0,1,L_armor_piercing:26,skill:770106,atk_speed:10,,,,0,0,0,0,0,0,0,0,0,0,0,0,0,0,0,
810284,562858,2107,0,0,0,0,L_armor_piercing:20,skill:770090,light_damage:38,,,,0,0,0,0,0,0,0,0,0,0,0,0,0,0,0,
810304,562858,1134,0,0,0,0,skill:770109,armor:6,crit_rate:20,,,,0,0,0,0,0,0,0,0,0,0,0,0,0,0,0,
810305,562858,1105,0,0,0,0,skill:770028,crit_rate:20,crit_damage:20,,,,0,0,0,0,0,0,0,0,0,0,0,0,0,0,0,
810307,562858,1132,0,0,0,0,def_break:76,skill:770030,crit_rate:20,,,,0,0,0,0,0,0,0,0,0,0,0,0,0,0,0,
810308,562858,1125,0,0,0,0,skill:770028,def_break:76,H_armor_piercing:38,,,,0,0,0,0,0,0,0,0,0,0,0,0,0,0,0,
821885,562858,3134,0,0,0,0,crit_damage:14,dodge:4,skill:770014,,,,0,0,0,0,0,0,0,0,0,0,0,0,0,0,0,
821898,562858,3134,0,0,0,0,crit_rate:14,def_break:53,skill:770096,,,,0,0,0,0,0,0,0,0,0,0,0,0,0,0,0,
821899,562858,3012,0,0,0,0,heavy_damage:33,precision:22,,,,,0,0,0,0,0,0,0,0,0,0,0,0,0,0,0,
821901,562858,3133,0,0,0,0,crit_damage:14,crit_rate:14,skill:770028,,,,0,0,0,0,0,0,0,0,0,0,0,0,0,0,0,
821902,562858,3116,0,0,0,0,crit_damage:14,skill:770037,L_armor_piercing:18,,,,0,0,0,0,0,0,0,0,0,0,0,0,0,0,0,
824495,562858,3130,0,0,0,0,hit:7,skill:770113,def_break:53,,,,0,0,0,0,0,0,0,0,0,0,0,0,0,0,0,
824496,562858,3130,0,0,0,0,atk_speed:7,skill:770090,light_damage:33,,,,0,0,0,0,0,0,0,0,0,0,0,0,0,0,0,
826136,562858,1130,0,0,0,0,skill:770125,atk_speed:10,light_damage:48,,,,0,0,0,0,0,0,0,0,0,0,0,0,0,0,0,
826147,562858,1130,0,0,0,0,hit:10,skill:770036,light_damage:48,,,,0,0,0,0,0,0,0,0,0,0,0,0,0,0,0,
828909,562858,3105,0,0,0,0,skill:770084,def_break:53,H_armor_piercing:26,,,,0,0,0,0,0,0,0,0,0,0,0,0,0,0,0,
828915,562858,3114,0,0,0,0,skill:220182,crit_rate:14,L_armor_piercing:18,,,,0,0,0,0,0,0,0,0,0,0,0,0,0,0,0,
828933,562858,2134,0,0,0,0,dodge:5,armor:5,skill:770019,,,,0,0,0,0,0,0,0,0,0,0,0,0,0,0,0,
828934,562858,3114,0,0,0,0,def_break:53,skill:770026,L_armor_piercing:18,,,,0,0,0,0,0,0,0,0,0,0,0,0,0,0,0,
830709,562858,2010,0,0,0,0,hit:8,light_damage:38,,,,,0,0,0,0,0,0,0,0,0,0,0,0,0,0,0,
830711,562858,3115,0,0,0,0,crit_rate:14,skill:770084,L_armor_piercing:18,,,,0,0,0,0,0,0,0,0,0,0,0,0,0,0,0,
832961,562858,2114,0,0,0,0,skill:770100,def_break:60,crit_damage:16,,,,0,0,0,0,0,0,0,0,0,0,0,0,0,0,0,
832966,562858,2126,0,0,0,0,L_armor_piercing:20,skill:770125,def_break:60,,,,0,0,0,0,0,0,0,0,0,0,0,0,0,0,0,
832973,562858,3131,0,0,0,0,def_break:53,reload:11,skill:770091,,,,0,0,0,0,0,0,0,0,0,0,0,0,0,0,0,
832985,562858,2105,0,0,0,0,crit_rate:16,skill:770041,crit_damage:16,,,,0,0,0,0,0,0,0,0,0,0,0,0,0,0,0,
832986,562858,3115,0,0,0,0,crit_rate:14,def_break:53,skill:770028,,,,0,0,0,0,0,0,0,0,0,0,0,0,0,0,0,
832987,562858,1130,0,0,0,0,L_armor_piercing:26,light_damage:48,skill:770046,,,,0,0,0,0,0,0,0,0,0,0,0,0,0,0,0,
832990,562858,1113,0,0,0,0,heavy_damage:48,precision:32,skill:770109,,,,0,0,0,0,0,0,0,0,0,0,0,0,0,0,0,
832991,562858,1107,0,0,0,0,atk_speed:10,skill:220187,hit:10,,,,0,0,0,0,0,0,0,0,0,0,0,0,0,0,0,
832992,562858,1131,0,0,0,0,skill:220181,precision:32,heavy_damage:48,,,,0,0,0,0,0,0,0,0,0,0,0,0,0,0,0,
835766,562858,3012,0,0,0,0,H_armor_piercing:26,reload:11,,,,,0,0,0,0,0,0,0,0,0,0,0,0,0,0,0,
836688,562858,3010,0,0,0,0,atk_speed:7,light_damage:33,,,,,0,0,0,0,0,0,0,0,0,0,0,0,0,0,0,
836694,562858,2126,0,0,0,0,skill:770125,hit:8,light_damage:38,,,,0,0,0,0,0,0,0,0,0,0,0,0,0,0,0,
838149,562858,1010,0,0,0,0,atk_speed:10,L_armor_piercing:26,,,,,0,0,0,0,0,0,0,0,0,0,0,0,0,0,0,
840380,562858,2012,0,0,0,0,reload:12,heavy_damage:38,,,,,0,0,0,0,0,0,0,0,0,0,0,0,0,0,0,
845357,562858,3128,0,0,0,0,hit:7,atk_speed:7,skill:770092,,,,0,0,0,0,0,0,0,0,0,0,0,0,0,0,0,
845358,562858,2126,0,0,0,0,light_damage:38,def_break:60,skill:770082,,,,0,0,0,0,0,0,0,0,0,0,0,0,0,0,0,
849121,562858,2114,0,0,0,0,def_break:60,crit_damage:16,skill:770100,,,,0,0,0,0,0,0,0,0,0,0,0,0,0,0,0,
849145,562858,3124,0,0,0,0,skill:770096,armor:4,dodge:4,,,,0,0,0,0,0,0,0,0,0,0,0,0,0,0,0,
852972,562858,2131,0,0,0,0,skill:770091,heavy_damage:38,def_break:60,,,,0,0,0,0,0,0,0,0,0,0,0,0,0,0,0,
852987,562858,3108,0,0,0,0,reload:11,heavy_damage:33,skill:770091,,,,0,0,0,0,0,0,0,0,0,0,0,0,0,0,0,
853003,562858,1125,0,0,0,0,skill:770041,H_armor_piercing:38,crit_damage:20,,,,0,0,0,0,0,0,0,0,0,0,0,0,0,0,0,
856873,562858,2110,0,0,0,0,def_break:60,heavy_damage:38,skill:770109,,,,0,0,0,0,0,0,0,0,0,0,0,0,0,0,0,
856875,562858,3122,0,0,0,0,L_armor_piercing:18,skill:770125,hit:7,,,,0,0,0,0,0,0,0,0,0,0,0,0,0,0,0,
856895,562858,3126,0,0,0,0,skill:770082,light_damage:33,def_break:53,,,,0,0,0,0,0,0,0,0,0,0,0,0,0,0,0,
860151,562858,1125,0,0,0,0,crit_damage:20,L_armor_piercing:26,skill:770047,,,,0,0,0,0,0,0,0,0,0,0,0,0,0,0,0,
860152,562858,1125,0,0,0,0,H_armor_piercing:38,skill:770028,crit_rate:20,,,,0,0,0,0,0,0,0,0,0,0,0,0,0,0,0,
860158,562858,1125,0,0,0,0,skill:770040,def_break:76,crit_rate:20,,,,0,0,0,0,0,0,0,0,0,0,0,0,0,0,0,
860189,562858,3117,0,0,0,0,crit_damage:14,skill:770047,crit_rate:14,,,,0,0,0,0,0,0,0,0,0,0,0,0,0,0,0,
860199,562858,3129,0,0,0,0,skill:770024,crit_damage:14,crit_rate:14,,,,0,0,0,0,0,0,0,0,0,0,0,0,0,0,0,
860200,562858,2127,0,0,0,0,def_break:60,skill:770096,dodge:5,,,,0,0,0,0,0,0,0,0,0,0,0,0,0,0,0,
860208,562858,3012,0,0,0,0,heavy_damage:33,precision:22,,,,,0,0,0,0,0,0,0,0,0,0,0,0,0,0,0,
860210,562858,2129,0,0,0,0,crit_damage:16,skill:770014,def_break:60,,,,0,0,0,0,0,0,0,0,0,0,0,0,0,0,0,
866069,562858,1117,0,0,0,0,skill:770047,H_armor_piercing:38,crit_damage:20,,,,0,0,0,0,0,0,0,0,0,0,0,0,0,0,0,
866134,562858,2126,0,0,0,0,skill:770036,light_damage:38,def_break:60,,,,0,0,0,0,0,0,0,0,0,0,0,0,0,0,0,
866165,562858,1122,0,0,0,0,atk_speed:10,light_damage:48,skill:770038,,,,0,0,0,0,0,0,0,0,0,0,0,0,0,0,0,
866166,562858,1107,0,0,0,0,light_damage:48,skill:770092,hit:10,,,,0,0,0,0,0,0,0,0,0,0,0,0,0,0,0,
866167,562858,1110,0,0,0,0,def_break:76,H_armor_piercing:38,skill:220167,,,,0,0,0,0,0,0,0,0,0,0,0,0,0,0,0,
866168,562858,1103,0,0,0,0,skill:220187,def_break:76,light_damage:48,,,,0,0,0,0,0,0,0,0,0,0,0,0,0,0,0,
866170,562858,1117,0,0,0,0,crit_damage:20,crit_rate:20,skill:770100,,,,0,0,0,0,0,0,0,0,0,0,0,0,0,0,0,
870914,562858,3125,0,0,0,0,crit_rate:14,skill:770028,def_break:53,,,,0,0,0,0,0,0,0,0,0,0,0,0,0,0,0,
870943,562858,3129,0,0,0,0,def_break:53,skill:770041,crit_rate:14,,,,0,0,0,0,0,0,0,0,0,0,0,0,0,0,0,
870966,562858,3117,0,0,0,0,def_break:53,skill:220182,H_armor_piercing:26,,,,0,0,0,0,0,0,0,0,0,0,0,0,0,0,0,
871186,562858,3115,0,0,0,0,skill:770026,def_break:53,crit_damage:14,,,,0,0,0,0,0,0,0,0,0,0,0,0,0,0,0,
871197,562858,3113,0,0,0,0,def_break:53,precision:22,skill:770091,,,,0,0,0,0,0,0,0,0,0,0,0,0,0,0,0,
871207,562858,2108,0,0,0,0,H_armor_piercing:30,skill:220180,heavy_damage:38,,,,0,0,0,0,0,0,0,0,0,0,0,0,0,0,0,
871221,562858,1134,0,0,0,0,crit_damage:20,dodge:6,skill:770014,,,,0,0,0,0,0,0,0,0,0,0,0,0,0,0,0,
871224,562858,1010,0,0,0,0,L_armor_piercing:26,light_damage:48,,,,,0,0,0,0,0,0,0,0,0,0,0,0,0,0,0,
871226,562858,1127,0,0,0,0,skill:770028,crit_damage:20,def_break:76,,,,0,0,0,0,0,0,0,0,0,0,0,0,0,0,0,
875383,562858,2127,0,0,0,0,def_break:60,skill:770100,armor:5,,,,0,0,0,0,0,0,0,0,0,0,0,0,0,0,0,
875391,562858,2127,0,0,0,0,skill:770028,crit_rate:16,armor:5,,,,0,0,0,0,0,0,0,0,0,0,0,0,0,0,0,
875396,562858,3108,0,0,0,0,reload:11,heavy_damage:33,skill:770091,,,,0,0,0,0,0,0,0,0,0,0,0,0,0,0,0,
875410,562858,3113,0,0,0,0,skill:220175,heavy_damage:33,precision:22,,,,0,0,0,0,0,0,0,0,0,0,0,0,0,0,0,
875423,562858,3101,0,0,0,0,skill:770036,def_break:53,L_armor_piercing:18,,,,0,0,0,0,0,0,0,0,0,0,0,0,0,0,0,
875460,562858,2113,0,0,0,0,heavy_damage:38,precision:25,skill:220181,,,,0,0,0,0,0,0,0,0,0,0,0,0,0,0,0,
875464,562858,1012,0,0,0,0,precision:32,heavy_damage:48,,,,,0,0,0,0,0,0,0,0,0,0,0,0,0,0,0,
875473,562858,1131,0,0,0,0,skill:220175,def_break:76,heavy_damage:48,,,,0,0,0,0,0,0,0,0,0,0,0,0,0,0,0,
879677,562858,3117,0,0,0,0,crit_rate:14,H_armor_piercing:26,skill:220182,,,,0,0,0,0,0,0,0,0,0,0,0,0,0,0,0,
879700,562858,2122,0,0,0,0,L_armor_piercing:20,skill:770038,light_damage:38,,,,0,0,0,0,0,0,0,0,0,0,0,0,0,0,0,
884193,562858,1115,0,0,0,0,skill:770100,L_armor_piercing:26,crit_rate:20,,,,0,0,0,0,0,0,0,0,0,0,0,0,0,0,0,
884230,562858,2104,0,0,0,0,skill:770113,light_damage:38,atk_speed:8,,,,0,0,0,0,0,0,0,0,0,0,0,0,0,0,0,
884232,562858,3126,0,0,0,0,light_damage:33,skill:770038,atk_speed:7,,,,0,0,0,0,0,0,0,0,0,0,0,0,0,0,0,
884240,562858,1133,0,0,0,0,armor:6,dodge:6,skill:770109,,,,0,0,0,0,0,0,0,0,0,0,0,0,0,0,0,
884243,562858,1010,0,0,0,0,hit:10,atk_speed:10,,,,,0,0,0,0,0,0,0,0,0,0,0,0,0,0,0,
884244,562858,1012,0,0,0,0,H_armor_piercing:38,precision:32,,,,,0,0,0,0,0,0,0,0,0,0,0,0,0,0,0,
884245,562858,1012,0,0,0,0,H_armor_piercing:38,heavy_damage:48,,,,,0,0,0,0,0,0,0,0,0,0,0,0,0,0,0,
884263,562858,2012,0,0,0,0,heavy_damage:38,H_armor_piercing:30,,,,,0,0,0,0,0,0,0,0,0,0,0,0,0,0,0,
884264,562858,3132,0,0,0,0,skill:220182,def_break:53,crit_rate:14,,,,0,0,0,0,0,0,0,0,0,0,0,0,0,0,0,
884273,562858,1117,0,0,0,0,def_break:76,crit_damage:20,skill:770030,,,,0,0,0,0,0,0,0,0,0,0,0,0,0,0,0,
887710,562858,3125,0,0,0,0,skill:770039,def_break:53,crit_rate:14,,,,0,0,0,0,0,0,0,0,0,0,0,0,0,0,0,
887711,562858,3124,0,0,0,0,dodge:4,skill:770016,def_break:53,,,,0,0,0,0,0,0,0,0,0,0,0,0,0,0,0,
887746,562858,3127,0,0,0,0,def_break:53,crit_damage:14,skill:770100,,,,0,0,0,0,0,0,0,0,0,0,0,0,0,0,0,
887767,562858,3105,0,0,0,0,L_armor_piercing:18,crit_rate:14,skill:770026,,,,0,0,0,0,0,0,0,0,0,0,0,0,0,0,0,
891402,562858,3010,0,0,0,0,hit:7,light_damage:33,,,,,0,0,0,0,0,0,0,0,0,0,0,0,0,0,0,
891403,562858,3127,0,0,0,0,skill:770100,armor:4,crit_rate:14,,,,0,0,0,0,0,0,0,0,0,0,0,0,0,0,0,
891417,562858,2107,0,0,0,0,light_damage:38,def_break:60,skill:770106,,,,0,0,0,0,0,0,0,0,0,0,0,0,0,0,0,
891437,562858,3110,0,0,0,0,H_armor_piercing:26,precision:22,skill:770107,,,,0,0,0,0,0,0,0,0,0,0,0,0,0,0,0,
891460,562858,3124,0,0,0,0,armor:4,crit_damage:14,skill:220183,,,,0,0,0,0,0,0,0,0,0,0,0,0,0,0,0,
891936,562858,3114,0,0,0,0,crit_rate:14,def_break:53,skill:770028,,,,0,0,0,0,0,0,0,0,0,0,0,0,0,0,0,
891940,562858,1131,0,0,0,0,skill:220173,precision:32,def_break:76,,,,0,0,0,0,0,0,0,0,0,0,0,0,0,0,0,
891941,562858,3107,0,0,0,0,skill:770092,def_break:53,hit:7,,,,0,0,0,0,0,0,0,0,0,0,0,0,0,0,0,
891947,562858,3122,0,0,0,0,light_damage:33,L_armor_piercing:18,skill:770106,,,,0,0,0,0,0,0,0,0,0,0,0,0,0,0,0,
891948,562858,1110,0,0,0,0,reload:16,skill:220173,precision:32,,,,0,0,0,0,0,0,0,0,0,0,0,0,0,0,0,
909434,562858,1012,0,0,0,0,reload:16,heavy_damage:48,,,,,0,0,0,0,0,0,0,0,0,0,0,0,0,0,0,
909435,562858,2117,0,0,0,0,skill:770034,crit_rate:16,L_armor_piercing:20,,,,0,0,0,0,0,0,0,0,0,0,0,0,0,0,0,
909440,562858,1125,0,0,0,0,L_armor_piercing:26,skill:770024,def_break:76,,,,0,0,0,0,0,0,0,0,0,0,0,0,0,0,0,
909442,562858,1123,0,0,0,0,def_break:76,skill:770047,L_armor_piercing:26,,,,0,0,0,0,0,0,0,0,0,0,0,0,0,0,0,
909443,562858,1010,0,0,0,0,atk_speed:10,hit:10,,,,,0,0,0,0,0,0,0,0,0,0,0,0,0,0,0,
909445,562858,1128,0,0,0,0,skill:770026,def_break:76,light_damage:48,,,,0,0,0,0,0,0,0,0,0,0,0,0,0,0,0,
909454,562858,3114,0,0,0,0,crit_rate:14,skill:770026,crit_damage:14,,,,0,0,0,0,0,0,0,0,0,0,0,0,0,0,0,
909455,562858,3121,0,0,0,0,def_break:53,skill:770026,crit_rate:14,,,,0,0,0,0,0,0,0,0,0,0,0,0,0,0,0,
912825,562858,2130,0,0,0,0,def_break:60,skill:770125,light_damage:38,,,,0,0,0,0,0,0,0,0,0,0,0,0,0,0,0,
912831,562858,3110,0,0,0,0,def_break:53,skill:220185,reload:11,,,,0,0,0,0,0,0,0,0,0,0,0,0,0,0,0,
912966,562858,3104,0,0,0,0,def_break:53,skill:220187,light_damage:33,,,,0,0,0,0,0,0,0,0,0,0,0,0,0,0,0,
915010,562858,3125,0,0,0,0,crit_damage:14,def_break:53,skill:770024,,,,0,0,0,0,0,0,0,0,0,0,0,0,0,0,0,
915011,562858,2008,0,0,0,0,heavy_damage:38,L_armor_piercing:20,,,,,0,0,0,0,0,0,0,0,0,0,0,0,0,0,0,
915012,562858,2117,0,0,0,0,skill:770026,def_break:60,crit_rate:16,,,,0,0,0,0,0,0,0,0,0,0,0,0,0,0,0,
915025,562858,1124,0,0,0,0,def_break:76,armor:6,skill:770109,,,,0,0,0,0,0,0,0,0,0,0,0,0,0,0,0,
915030,562858,1010,0,0,0,0,hit:10,atk_speed:10,,,,,0,0,0,0,0,0,0,0,0,0,0,0,0,0,0,
915035,562858,1132,0,0,0,0,crit_rate:20,def_break:76,skill:770028,,,,0,0,0,0,0,0,0,0,0,0,0,0,0,0,0,
917881,562858,3133,0,0,0,0,dodge:4,skill:770026,def_break:53,,,,0,0,0,0,0,0,0,0,0,0,0,0,0,0,0,
917882,562858,3125,0,0,0,0,crit_rate:14,L_armor_piercing:18,skill:770024,,,,0,0,0,0,0,0,0,0,0,0,0,0,0,0,0,
917883,562858,3129,0,0,0,0,crit_rate:14,crit_damage:14,skill:770014,,,,0,0,0,0,0,0,0,0,0,0,0,0,0,0,0,
917897,562858,2105,0,0,0,0,def_break:60,skill:770026,H_armor_piercing:30,,,,0,0,0,0,0,0,0,0,0,0,0,0,0,0,0,
917903,562858,3121,0,0,0,0,skill:770100,crit_rate:14,def_break:53,,,,0,0,0,0,0,0,0,0,0,0,0,0,0,0,0,
921117,562858,3104,0,0,0,0,def_break:53,skill:770125,light_damage:33,,,,0,0,0,0,0,0,0,0,0,0,0,0,0,0,0,
921123,562858,3126,0,0,0,0,skill:220187,light_damage:33,L_armor_piercing:18,,,,0,0,0,0,0,0,0,0,0,0,0,0,0,0,0,
921134,562858,3012,0,0,0,0,precision:22,heavy_damage:33,,,,,0,0,0,0,0,0,0,0,0,0,0,0,0,0,0,
950267,562858,3128,0,0,0,0,skill:770113,def_break:53,light_damage:33,,,,0,0,0,0,0,0,0,0,0,0,0,0,0,0,0,
950269,562858,3122,0,0,0,0,skill:770038,atk_speed:7,light_damage:33,,,,0,0,0,0,0,0,0,0,0,0,0,0,0,0,0,
950297,562858,1128,0,0,0,0,skill:770038,def_break:76,light_damage:48,,,,0,0,0,0,0,0,0,0,0,0,0,0,0,0,0,
950316,562858,1110,0,0,0,0,def_break:76,skill:770096,heavy_damage:48,,,,0,0,0,0,0,0,0,0,0,0,0,0,0,0,0,
951581,562858,3134,0,0,0,0,def_break:53,skill:770016,dodge:4,,,,0,0,0,0,0,0,0,0,0,0,0,0,0,0,0,
951583,562858,3012,0,0,0,0,reload:11,heavy_damage:33,,,,,0,0,0,0,0,0,0,0,0,0,0,0,0,0,0,
952365,562858,3107,0,0,0,0,hit:7,skill:770092,def_break:53,,,,0,0,0,0,0,0,0,0,0,0,0,0,0,0,0,
952370,562858,3128,0,0,0,0,def_break:53,atk_speed:7,skill:770092,,,,0,0,0,0,0,0,0,0,0,0,0,0,0,0,0,
952373,562858,2110,0,0,0,0,precision:25,skill:220167,heavy_damage:38,,,,0,0,0,0,0,0,0,0,0,0,0,0,0,0,0,
952376,562858,2103,0,0,0,0,L_armor_piercing:20,skill:770090,def_break:60,,,,0,0,0,0,0,0,0,0,0,0,0,0,0,0,0,
952377,562858,1107,0,0,0,0,atk_speed:10,skill:770125,hit:10,,,,0,0,0,0,0,0,0,0,0,0,0,0,0,0,0,
952383,562858,1132,0,0,0,0,skill:770026,crit_damage:20,H_armor_piercing:38,,,,0,0,0,0,0,0,0,0,0,0,0,0,0,0,0,
952384,562858,1131,0,0,0,0,heavy_damage:48,H_armor_piercing:38,skill:770091,,,,0,0,0,0,0,0,0,0,0,0,0,0,0,0,0,
952385,562858,1128,0,0,0,0,L_armor_piercing:26,skill:770106,atk_speed:10,,,,0,0,0,0,0,0,0,0,0,0,0,0,0,0,0,
952386,562858,1107,0,0,0,0,def_break:76,light_damage:48,skill:770090,,,,0,0,0,0,0,0,0,0,0,0,0,0,0,0,0,
952388,562858,3133,0,0,0,0,skill:770100,crit_rate:14,def_break:53,,,,0,0,0,0,0,0,0,0,0,0,0,0,0,0,0,
952389,562858,3012,0,0,0,0,heavy_damage:33,reload:11,,,,,0,0,0,0,0,0,0,0,0,0,0,0,0,0,0,
952393,562858,2133,0,0,0,0,skill:770100,crit_rate:16,dodge:5,,,,0,0,0,0,0,0,0,0,0,0,0,0,0,0,0,
952394,562858,3132,0,0,0,0,skill:770026,crit_damage:14,def_break:53,,,,0,0,0,0,0,0,0,0,0,0,0,0,0,0,0,
952395,562858,3117,0,0,0,0,H_armor_piercing:26,def_break:53,skill:770032,,,,0,0,0,0,0,0,0,0,0,0,0,0,0,0,0,
952396,562858,3108,0,0,0,0,H_armor_piercing:26,def_break:53,skill:220173,,,,0,0,0,0,0,0,0,0,0,0,0,0,0,0,0,
952397,562858,2103,0,0,0,0,light_damage:38,hit:8,skill:770096,,,,0,0,0,0,0,0,0,0,0,0,0,0,0,0,0,
952398,562858,3104,0,0,0,0,L_armor_piercing:18,skill:770106,light_damage:33,,,,0,0,0,0,0,0,0,0,0,0,0,0,0,0,0,
952403,562858,2113,0,0,0,0,skill:220181,heavy_damage:38,H_armor_piercing:30,,,,0,0,0,0,0,0,0,0,0,0,0,0,0,0,0,
952411,562858,3133,0,0,0,0,dodge:4,def_break:53,skill:770096,,,,0,0,0,0,0,0,0,0,0,0,0,0,0,0,0,
952414,562858,3110,0,0,0,0,heavy_damage:33,def_break:53,skill:770096,,,,0,0,0,0,0,0,0,0,0,0,0,0,0,0,0,
952416,562858,2108,0,0,0,0,precision:25,skill:770091,def_break:60,,,,0,0,0,0,0,0,0,0,0,0,0,0,0,0,0,
952441,562858,1113,0,0,0,0,skill:770091,heavy_damage:48,def_break:76,,,,0,0,0,0,0,0,0,0,0,0,0,0,0,0,0,
952446,562858,1130,0,0,0,0,def_break:76,hit:10,skill:770106,,,,0,0,0,0,0,0,0,0,0,0,0,0,0,0,0,
952470,562858,3134,0,0,0,0,skill:770024,def_break:53,crit_rate:14,,,,0,0,0,0,0,0,0,0,0,0,0,0,0,0,0,
952483,562858,2121,0,0,0,0,dodge:5,def_break:60,skill:770026,,,,0,0,0,0,0,0,0,0,0,0,0,0,0,0,0,
952484,562858,3007,0,0,0,0,light_damage:33,L_armor_piercing:18,,,,,0,0,0,0,0,0,0,0,0,0,0,0,0,0,0,
952485,562858,3004,0,0,0,0,hit:7,light_damage:33,,,,,0,0,0,0,0,0,0,0,0,0,0,0,0,0,0,
952486,562858,2005,0,0,0,0,hit:8,dodge:5,,,,,0,0,0,0,0,0,0,0,0,0,0,0,0,0,0,
952497,562858,3119,0,0,0,0,skill:220167,heavy_damage:33,def_break:53,,,,0,0,0,0,0,0,0,0,0,0,0,0,0,0,0,
952498,562858,2112,0,0,0,0,heavy_damage:38,skill:220173,precision:25,,,,0,0,0,0,0,0,0,0,0,0,0,0,0,0,0,
952509,562858,3119,0,0,0,0,skill:220180,heavy_damage:33,precision:22,,,,0,0,0,0,0,0,0,0,0,0,0,0,0,0,0,
952524,562858,1117,0,0,0,0,skill:770032,crit_rate:20,H_armor_piercing:38,,,,0,0,0,0,0,0,0,0,0,0,0,0,0,0,0,
952525,562858,3105,0,0,0,0,L_armor_piercing:18,crit_rate:14,skill:770026,,,,0,0,0,0,0,0,0,0,0,0,0,0,0,0,0,
952526,562858,3121,0,0,0,0,crit_rate:14,skill:770100,armor:4,,,,0,0,0,0,0,0,0,0,0,0,0,0,0,0,0,
952538,562858,2119,0,0,0,0,heavy_damage:38,precision:25,skill:220175,,,,0,0,0,0,0,0,0,0,0,0,0,0,0,0,0,
952551,562858,3130,0,0,0,0,skill:770106,atk_speed:7,hit:7,,,,0,0,0,0,0,0,0,0,0,0,0,0,0,0,0,
952552,562858,3107,0,0,0,0,hit:7,skill:770125,light_damage:33,,,,0,0,0,0,0,0,0,0,0,0,0,0,0,0,0,
952553,562858,3101,0,0,0,0,light_damage:33,L_armor_piercing:18,skill:770092,,,,0,0,0,0,0,0,0,0,0,0,0,0,0,0,0,
952575,562858,1013,0,0,0,0,L_armor_piercing:26,hit:10,,,,,0,0,0,0,0,0,0,0,0,0,0,0,0,0,0,
952576,562858,1008,0,0,0,0,H_armor_piercing:38,heavy_damage:48,,,,,0,0,0,0,0,0,0,0,0,0,0,0,0,0,0,
952578,562858,1134,0,0,0,0,dodge:6,skill:770019,armor:6,,,,0,0,0,0,0,0,0,0,0,0,0,0,0,0,0,
952579,562858,1121,0,0,0,0,skill:770024,crit_rate:20,armor:6,,,,0,0,0,0,0,0,0,0,0,0,0,0,0,0,0,
952580,562858,1121,0,0,0,0,skill:770014,crit_damage:20,dodge:6,,,,0,0,0,0,0,0,0,0,0,0,0,0,0,0,0,
952581,562858,1101,0,0,0,0,light_damage:48,skill:220187,def_break:76,,,,0,0,0,0,0,0,0,0,0,0,0,0,0,0,0,
952593,562858,3004,0,0,0,0,atk_speed:7,L_armor_piercing:18,,,,,0,0,0,0,0,0,0,0,0,0,0,0,0,0,0,
952595,562858,3011,0,0,0,0,precision:22,dodge:4,,,,,0,0,0,0,0,0,0,0,0,0,0,0,0,0,0,
952605,562858,3010,0,0,0,0,hit:7,light_damage:33,,,,,0,0,0,0,0,0,0,0,0,0,0,0,0,0,0,
952617,562858,3004,0,0,0,0,hit:7,L_armor_piercing:18,,,,,0,0,0,0,0,0,0,0,0,0,0,0,0,0,0,
952618,562858,3006,0,0,0,0,dodge:4,precision:22,,,,,0,0,0,0,0,0,0,0,0,0,0,0,0,0,0,
952623,562858,2002,0,0,0,0,light_damage:38,hit:8,,,,,0,0,0,0,0,0,0,0,0,0,0,0,0,0,0,
952624,562858,3010,0,0,0,0,atk_speed:7,L_armor_piercing:18,,,,,0,0,0,0,0,0,0,0,0,0,0,0,0,0,0,
952630,562858,3111,0,0,0,0,skill:220175,precision:22,heavy_damage:33,,,,0,0,0,0,0,0,0,0,0,0,0,0,0,0,0,
952631,562858,2103,0,0,0,0,atk_speed:8,skill:770113,hit:8,,,,0,0,0,0,0,0,0,0,0,0,0,0,0,0,0,
952639,562858,3126,0,0,0,0,light_damage:33,L_armor_piercing:18,skill:770092,,,,0,0,0,0,0,0,0,0,0,0,0,0,0,0,0,
952640,562858,2112,0,0,0,0,skill:220185,heavy_damage:38,precision:25,,,,0,0,0,0,0,0,0,0,0,0,0,0,0,0,0,
952647,562858,3132,0,0,0,0,def_break:53,skill:770100,crit_rate:14,,,,0,0,0,0,0,0,0,0,0,0,0,0,0,0,0,
952648,562858,1009,0,0,0,0,H_armor_piercing:38,light_damage:48,,,,,0,0,0,0,0,0,0,0,0,0,0,0,0,0,0,
952649,562858,3001,0,0,0,0,reload:11,H_armor_piercing:26,,,,,0,0,0,0,0,0,0,0,0,0,0,0,0,0,0,
953430,562858,3103,0,0,0,0,hit:7,def_break:53,skill:770125,,,,0,0,0,0,0,0,0,0,0,0,0,0,0,0,0,
953431,562858,3130,0,0,0,0,hit:7,light_damage:33,skill:770092,,,,0,0,0,0,0,0,0,0,0,0,0,0,0,0,0,
953440,562858,1118,0,0,0,0,skill:220185,precision:32,H_armor_piercing:38,,,,0,0,0,0,0,0,0,0,0,0,0,0,0,0,0,
953446,562858,3111,0,0,0,0,heavy_damage:33,precision:22,skill:220167,,,,0,0,0,0,0,0,0,0,0,0,0,0,0,0,0,
953451,562858,1002,0,0,0,0,L_armor_piercing:26,light_damage:48,,,,,0,0,0,0,0,0,0,0,0,0,0,0,0,0,0,
953452,562858,2002,0,0,0,0,hit:8,atk_speed:8,,,,,0,0,0,0,0,0,0,0,0,0,0,0,0,0,0,
953453,562858,3005,0,0,0,0,armor:4,precision:22,,,,,0,0,0,0,0,0,0,0,0,0,0,0,0,0,0,
953454,562858,1113,0,0,0,0,H_armor_piercing:38,heavy_damage:48,skill:770091,,,,0,0,0,0,0,0,0,0,0,0,0,0,0,0,0,
953455,562858,1120,0,0,0,0,skill:770026,precision:32,heavy_damage:48,,,,0,0,0,0,0,0,0,0,0,0,0,0,0,0,0,
953456,562858,1107,0,0,0,0,skill:770046,light_damage:48,def_break:76,,,,0,0,0,0,0,0,0,0,0,0,0,0,0,0,0,
953458,562858,1102,0,0,0,0,atk_speed:10,skill:770036,hit:10,,,,0,0,0,0,0,0,0,0,0,0,0,0,0,0,0,
953461,562858,1111,0,0,0,0,H_armor_piercing:38,skill:770026,def_break:76,,,,0,0,0,0,0,0,0,0,0,0,0,0,0,0,0,
953497,562858,1008,0,0,0,0,heavy_damage:48,H_armor_piercing:38,,,,,0,0,0,0,0,0,0,0,0,0,0,0,0,0,0,
953498,562858,1117,0,0,0,0,crit_rate:20,skill:770100,H_armor_piercing:38,,,,0,0,0,0,0,0,0,0,0,0,0,0,0,0,0,
953499,562858,1129,0,0,0,0,crit_damage:20,skill:770014,H_armor_piercing:38,,,,0,0,0,0,0,0,0,0,0,0,0,0,0,0,0,
955172,562858,3134,0,0,0,0,armor:4,skill:770016,dodge:4,,,,0,0,0,0,0,0,0,0,0,0,0,0,0,0,0,
955177,562858,3007,0,0,0,0,H_armor_piercing:26,light_damage:33,,,,,0,0,0,0,0,0,0,0,0,0,0,0,0,0,0,
955178,562858,2010,0,0,0,0,atk_speed:8,hit:8,,,,,0,0,0,0,0,0,0,0,0,0,0,0,0,0,0,
955184,562858,3123,0,0,0,0,def_break:53,crit_damage:14,skill:770037,,,,0,0,0,0,0,0,0,0,0,0,0,0,0,0,0,
955185,562858,3011,0,0,0,0,hit:7,precision:22,,,,,0,0,0,0,0,0,0,0,0,0,0,0,0,0,0,
955192,562858,3111,0,0,0,0,def_break:53,skill:220181,H_armor_piercing:26,,,,0,0,0,0,0,0,0,0,0,0,0,0,0,0,0,
955194,562858,2126,0,0,0,0,hit:8,light_damage:38,skill:770046,,,,0,0,0,0,0,0,0,0,0,0,0,0,0,0,0,
955196,562858,3126,0,0,0,0,light_damage:33,skill:770090,hit:7,,,,0,0,0,0,0,0,0,0,0,0,0,0,0,0,0,
955198,562858,3123,0,0,0,0,H_armor_piercing:26,L_armor_piercing:18,skill:770039,,,,0,0,0,0,0,0,0,0,0,0,0,0,0,0,0,
955199,562858,3121,0,0,0,0,def_break:53,skill:770016,crit_rate:14,,,,0,0,0,0,0,0,0,0,0,0,0,0,0,0,0,
955200,562858,3001,0,0,0,0,H_armor_piercing:26,precision:22,,,,,0,0,0,0,0,0,0,0,0,0,0,0,0,0,0,
955204,562858,3112,0,0,0,0,def_break:53,skill:220181,precision:22,,,,0,0,0,0,0,0,0,0,0,0,0,0,0,0,0,
958060,562858,1110,0,0,0,0,skill:220167,precision:32,heavy_damage:48,,,,0,0,0,0,0,0,0,0,0,0,0,0,0,0,0,
958061,562858,1103,0,0,0,0,skill:770096,def_break:76,atk_speed:10,,,,0,0,0,0,0,0,0,0,0,0,0,0,0,0,0,
