Area ID,Area Name,Battle Type,Doll ID,Type,Name,Affection,Oathed,Skill1,Skill2,Equip1,Equip2,Equip3,Combat Effectiveness,Predicted Damage,Rank
714,Elementary4,Night,20055,AR,M4A1 Mod,200,1,10,10,Optical,HV Round,Exclusive,8492,743,1
714,Elementary4,Night,20065,AR,416 Mod,200,1,10,10,Exclusive,HV Round,Exclusive,7556,661,2
714,Elementary4,Night,183,HG,Contender,100,0,10,0,Silencer,AP Round,T-Exo,4756,653,3
714,Elementary4,Night,20097,HG,M950A Mod,100,0,10,10,Silencer,HP Round,X-Exo,4263,586,4
714,Elementary4,Night,54,AR,M16A1,100,0,1,0,HV Round,Armor Plate,Exclusive,6398,559,5
714,Elementary4,Night,20057,AR,ST AR-15 Mod,200,1,10,10,Optical,Optical,Exclusive,6374,557,6
714,Elementary4,Night,20056,AR,M4 SOPMOD II Mod,200,1,10,10,Optical,Exclusive,HV Round,6304,551,7
714,Elementary4,Night,10,HG,PPK,100,0,10,0,Exclusive,HP Round,X-Exo,3333,549,8
714,Elementary4,Night,213,SMG,C-MS,100,0,8,0,T-Exo,AP Round,Red Dot,7326,549,9
714,Elementary4,Night,20007,HG,Stechkin Mod,95.9232,0,10,8,Exclusive,HP Round,T-Exo,3963,544,10
714,Elementary4,Night,1027,AR,Angelica,100,0,10,0,Optical,HV Round,Exclusive,6211,543,11
714,Elementary4,Night,20001,HG,SAA Mod,100,0,10,10,Silencer,HP Round,T-Exo,3905,536,12
714,Elementary4,Night,242,HG,P22,100,0,10,0,Silencer,HP Round,X-Exo,3865,531,13
714,Elementary4,Night,294,HG,Webley,100,0,10,0,Silencer,HP Round,T-Exo,3859,530,14
714,Elementary4,Night,62,AR,Gr G41,100,0,1,0,Optical,HV Round,Exclusive,6047,529,15
714,Elementary4,Night,1017,HG,Jill Stingray,100,0,10,0,Silencer,HP Round,T-Exo,3811,524,16
714,Elementary4,Night,114,HG,Welrod MkⅡ,100,0,10,0,Silencer,HP Round,T-Exo,3798,522,17
714,Elementary4,Night,20064,AR,Gr G36 Mod,200,1,8,8,Exclusive,HV Round,T-Exo,5976,522,18
714,Elementary4,Night,115,SMG,Suomi,100,0,1,0,T-Exo,HP Round,Red Dot,5793,521,19
714,Elementary4,Night,250,HG,HS2000,100,0,10,0,Silencer,HP Round,X-Exo,3783,520,20
714,Elementary4,Night,1018,HG,Sei Asagiri,100,0,8,0,Silencer,HP Round,Exclusive,3751,515,21
714,Elementary4,Night,4,HG,Python,100,0,10,0,Silencer,HP Round,T-Exo,3739,514,22
714,Elementary4,Night,96,HG,Grizzly,100,0,10,0,Silencer,HP Round,T-Exo,3737,513,23
714,Elementary4,Night,233,HG,Px4 Storm,100,0,10,0,Silencer,HP Round,X-Exo,3726,512,24
714,Elementary4,Night,272,HG,Desert Eagle,100,0,10,0,Silencer,HP Round,T-Exo,3724,512,25
714,Elementary4,Night,215,AR,MDR,100,0,10,0,Exclusive,HV Round,T-Exo,5811,508,26
714,Elementary4,Night,260,HG,PA-15,100,0,8,0,Silencer,HP Round,X-Exo,3680,506,27
714,Elementary4,Night,142,HG,Five-seven,100,0,10,0,Silencer,HP Round,X-Exo,3674,505,28
714,Elementary4,Night,20060,AR,AS Val Mod,100,0,10,10,Optical,Exclusive,T-Exo,5723,500,29
714,Elementary4,Night,206,AR,AK-12,100,0,10,0,Optical,HV Round,T-Exo,5708,499,30
714,Elementary4,Night,205,AR,AN-94,100,0,10,0,Optical,HV Round,T-Exo,5688,497,31
714,Elementary4,Night,73,AR,AUG,100,0,10,0,Optical,HV Round,Exo,5679,496,32
714,Elementary4,Night,243,AR,64 Shiki,100,0,10,0,Optical,HV Round,X-Exo,5529,483,33
714,Elementary4,Night,20002,HG,M1911 Mod,100,0,8,5,Silencer,Exclusive,X-Exo,3515,483,34
714,Elementary4,Night,72,AR,TAR-21,100,0,1,0,Optical,HV Round,Exclusive,5309,464,35
714,Elementary4,Night,1028,SMG,Agent Vector,100,0,8,0,Exclusive,Exclusive,Red Dot,5935,445,36
714,Elementary4,Night,20053,RF,NTW-20 Mod,200,1,10,10,Exclusive,Optical,Camo Cloak,7738,386,37
714,Elementary4,Night,20252,RF,KSVK Mod,200,1,10,10,Exclusive,Optical,Camo Cloak,7538,376,38
714,Elementary4,Night,20037,RF,M14 Mod,200,1,10,10,AP Round,Exclusive,Camo Cloak,7401,370,39
714,Elementary4,Night,266,RF,R93,150,1,10,0,AP Round,Optical,Camo Cloak,7214,360,40
714,Elementary4,Night,261,RF,QBU-88,100,0,8,0,AP Round,Optical,Camo Cloak,7125,356,41
714,Elementary4,Night,20095,RF,Type88 Mod,200,1,10,10,Exclusive,Exclusive,Camo Cloak,7093,354,42
714,Elementary4,Night,1032,AR,Medusa,100,0,1,0,Holographic,HV Round,Exclusive,4039,353,43
714,Elementary4,Night,20039,RF,Mosin-Nagant Mod,100,0,8,8,AP Round,Exclusive,Exclusive,7014,350,44
714,Elementary4,Night,50,RF,Lee Enfield,100,0,10,0,AP Round,Exclusive,Camo Cloak,6968,348,45
714,Elementary4,Night,1031,RF,Pekola,100,0,10,0,AP Round,Optical,Exclusive,6968,348,46
714,Elementary4,Night,1024,RF,Rico,100,0,10,0,AP Round,Optical,Exclusive,6907,345,47
714,Elementary4,Night,36,RF,Springfield,100,0,1,0,Exclusive,Optical,Camo Cloak,6821,341,48
714,Elementary4,Night,48,RF,WA2000,100,0,10,0,AP Round,Optical,Camo Cloak,6735,336,49
714,Elementary4,Night,1029,AR,Agent 416,100,0,1,0,Optical,HV Round,Exclusive,3811,333,50
714,Elementary4,Night,46,RF,Kar98k,100,0,8,0,AP Round,Exclusive,Camo Cloak,6649,332,51
714,Elementary4,Night,231,RF,M82A1,100,0,10,0,AP Round,Optical,Camo Cloak,6641,332,52
714,Elementary4,Night,296,RF,Gr SL8,100,0,8,0,AP Round,Optical,Camo Cloak,6654,332,53
714,Elementary4,Night,257,RF,M200,100,0,10,0,AP Round,Optical,Camo Cloak,6586,329,54
714,Elementary4,Night,197,RF,Carcano M1891,150,1,10,0,AP Round,Optical,Camo Cloak,6578,328,55
714,Elementary4,Night,20044,RF,SV-98 Mod,100,0,8,8,AP Round,Optical,Exclusive,6548,327,56
714,Elementary4,Night,198,RF,Carcano M91/38,100,0,10,0,AP Round,Optical,Camo Cloak,6552,327,57
714,Elementary4,Night,329,RF,SVCh,100,0,8,0,AP Round,Optical,Camo Cloak,6526,326,58
714,Elementary4,Night,148,RF,IWS 2000,100,0,10,0,AP Round,Optical,Camo Cloak,6446,322,59
714,Elementary4,Night,1020,RF,Stella Hoshii,100,0,8,0,AP Round,Optical,Exclusive,6431,321,60
714,Elementary4,Night,20051,RF,FF FN49 Mod,100,0,8,8,AP Round,Exclusive,Camo Cloak,6323,316,61
714,Elementary4,Night,188,SG,S.A.T.8,100,0,10,0,Armor Plate,Buckshot Shell,Holographic,7892,295,62
714,Elementary4,Night,222,RF,TAC-50,100,0,10,0,AP Round,Silencer,Camo Cloak,5884,294,63
714,Elementary4,Night,43,RF,SVD,100,0,10,0,AP Round,Silencer,Camo Cloak,5849,292,64
714,Elementary4,Night,163,SG,AA-12,100,0,1,0,Armor Plate,Exclusive,Holographic,7728,289,65
714,Elementary4,Night,229,SG,M870,100,0,10,0,Armor Plate,Buckshot Shell,Holographic,7644,286,66
714,Elementary4,Night,157,SG,Am KSG,100,0,10,0,Armor Plate,Buckshot Shell,Holographic,7562,283,67
714,Elementary4,Night,323,SG,LTLX7000,100,0,10,0,Armor Plate,Buckshot Shell,Holographic,7546,282,68
714,Elementary4,Night,282,SG,DP-12,100,0,8,0,Armor Plate,Slug Shell,Night Equip,7063,264,69
714,Elementary4,Night,324,SG,M6 ASW,100,0,1,0,Armor Plate,Buckshot Shell,Night Equip,6949,260,70
714,Elementary4,Night,1025,SG,Triela,100,0,1,0,Armor Plate,Exclusive,Night Equip,6424,240,71
718,Elementary8,Night,20055,AR,M4A1 Mod,200,1,10,10,Optical,HV Round,Exclusive,8492,1167,1
718,Elementary8,Night,20065,AR,416 Mod,200,1,10,10,Exclusive,HV Round,Exclusive,7556,1038,2
718,Elementary8,Night,73,AR,AUG,100,0,10,0,Optical,HV Round,T-Exo,5679,937,3
718,Elementary8,Night,106,AR,FAL,100,0,10,0,Optical,HV Round,T-Exo,5336,880,4
718,Elementary8,Night,54,AR,M16A1,100,0,1,0,HV Round,Armor Plate,Exclusive,6398,879,5
718,Elementary8,Night,20057,AR,ST AR-15 Mod,200,1,10,10,Optical,Optical,Exclusive,6374,876,6
718,Elementary8,Night,20056,AR,M4 SOPMOD II Mod,200,1,10,10,Optical,Exclusive,HV Round,6304,866,7
718,Elementary8,Night,1027,AR,Angelica,100,0,10,0,Optical,HV Round,Exclusive,6211,854,8
718,Elementary8,Night,62,AR,Gr G41,100,0,1,0,Optical,HV Round,Exclusive,6047,831,9
718,Elementary8,Night,20064,AR,Gr G36 Mod,200,1,8,8,Exclusive,HV Round,T-Exo,5976,821,10
718,Elementary8,Night,215,AR,MDR,100,0,10,0,Exclusive,HV Round,T-Exo,5811,799,11
718,Elementary8,Night,171,AR,Ribeyrolles,100,0,8,0,Optical,HV Round,T-Exo,4846,799,12
718,Elementary8,Night,20060,AR,AS Val Mod,100,0,10,10,Optical,Exclusive,T-Exo,5723,786,13
718,Elementary8,Night,206,AR,AK-12,100,0,10,0,Optical,HV Round,T-Exo,5708,784,14
718,Elementary8,Night,205,AR,AN-94,100,0,10,0,Optical,HV Round,T-Exo,5688,782,15
718,Elementary8,Night,243,AR,64 Shiki,100,0,10,0,Optical,HV Round,T-Exo,5610,771,16
718,Elementary8,Night,122,AR,Gr G11,100,0,10,0,Optical,HV Round,T-Exo,5469,751,17
718,Elementary8,Night,70,AR,FF FNC,100,0,1,0,Optical,HV Round,T-Exo,4536,748,18
718,Elementary8,Night,194,AR,K2,100,0,8,0,Optical,HV Round,T-Exo,5381,739,19
718,Elementary8,Night,130,AR,Type97,100,0,8,0,Exclusive,HV Round,T-Exo,5368,738,20
718,Elementary8,Night,290,AR,89 Shiki,100,0,5,0,Optical,HV Round,T-Exo,5371,738,21
718,Elementary8,Night,183,HG,Contender,100,0,10,0,Silencer,AP Round,T-Exo,4756,653,22
718,Elementary8,Night,20097,HG,M950A Mod,100,0,10,10,Silencer,HP Round,X-Exo,4263,586,23
718,Elementary8,Night,253,MG,Lewis,100,0,8,0,AP Round,Red Dot,Ammo Box,8878,554,24
718,Elementary8,Night,213,SMG,C-MS,100,0,8,0,T-Exo,AP Round,Red Dot,7326,549,25
718,Elementary8,Night,20007,HG,Stechkin Mod,95.9232,0,10,8,Exclusive,HP Round,Exo,3963,544,26
718,Elementary8,Night,292,MG,RPK-16,100,0,10,0,AP Round,Optical,Ammo Box,8612,538,27
718,Elementary8,Night,20075,MG,M1918 Mod,100,0,6,8,AP Round,Optical,Exclusive,8580,536,28
718,Elementary8,Night,242,HG,P22,100,0,10,0,Silencer,HP Round,X-Exo,3865,531,29
718,Elementary8,Night,20001,HG,SAA Mod,100,0,10,10,Silencer,HP Round,X-Exo,3855,530,30
718,Elementary8,Night,173,MG,PKP,100,0,10,0,AP Round,Red Dot,Ammo Box,8453,528,31
718,Elementary8,Night,294,HG,Webley,100,0,10,0,Silencer,HP Round,X-Exo,3829,526,32
718,Elementary8,Night,112,MG,Negev,100,0,10,0,AP Round,Optical,Ammo Box,8391,524,33
718,Elementary8,Night,1029,AR,Agent 416,100,0,1,0,Optical,Exclusive,X-Exo,3811,524,34
718,Elementary8,Night,114,HG,Welrod MkⅡ,100,0,10,0,Silencer,HP Round,X-Exo,3783,520,35
718,Elementary8,Night,250,HG,HS2000,100,0,10,0,Silencer,HP Round,X-Exo,3783,520,36
718,Elementary8,Night,1017,HG,Jill Stingray,100,0,10,0,Silencer,HP Round,X-Exo,3780,519,37
718,Elementary8,Night,6,HG,Tokarev,100,0,1,0,Silencer,HP Round,X-Exo,3135,517,38
718,Elementary8,Night,1018,HG,Sei Asagiri,100,0,8,0,Silencer,HP Round,Exclusive,3751,515,39
718,Elementary8,Night,1021,MG,Alma Armas,100,0,1,0,AP Round,Optical,Exclusive,8245,515,40
718,Elementary8,Night,109,MG,Gr MG5,100,0,10,0,AP Round,Optical,Ammo Box,8121,507,41
718,Elementary8,Night,307,MG,ZB-26,100,0,1,0,AP Round,Optical,Ammo Box,8125,507,42
718,Elementary8,Night,20081,MG,LWMMG Mod,100,0,8,8,AP Round,Optical,Ammo Box,8093,505,43
718,Elementary8,Night,238,MG,QJY-88,100,0,1,0,AP Round,Optical,Ammo Box,8064,504,44
718,Elementary8,Night,208,MG,HMG21,100,0,1,0,AP Round,Optical,Ammo Box,8043,502,45
718,Elementary8,Night,276,MG,Kord,100,0,10,0,AP Round,Holographic,Ammo Box,7958,497,46
718,Elementary8,Night,188,SG,S.A.T.8,100,0,10,0,Armor Plate,Buckshot Shell,Holographic,7892,493,47
718,Elementary8,Night,20026,SMG,Gr MP5 Mod,100,0,10,10,Exclusive,HP Round,Holographic,6501,487,48
718,Elementary8,Night,20103,SMG,UMP45 Mod,100,0,10,4,Exclusive,HP Round,Exclusive,6459,484,49
718,Elementary8,Night,163,SG,AA-12,100,0,1,0,Armor Plate,Exclusive,Holographic,7728,483,50
718,Elementary8,Night,229,SG,M870,100,0,10,0,Armor Plate,Buckshot Shell,Holographic,7644,477,51
718,Elementary8,Night,157,SG,Am KSG,100,0,10,0,Armor Plate,Buckshot Shell,Holographic,7562,472,52
718,Elementary8,Night,323,SG,LTLX7000,100,0,10,0,Armor Plate,Buckshot Shell,Optical,7368,460,53
718,Elementary8,Night,282,SG,DP-12,100,0,8,0,Armor Plate,Buckshot Shell,Optical,7266,454,54
718,Elementary8,Night,324,SG,M6 ASW,100,0,1,0,Armor Plate,Slug Shell,Optical,7214,450,55
718,Elementary8,Night,1028,SMG,Agent Vector,100,0,8,0,Exclusive,HP Round,Silencer,5603,420,56
718,Elementary8,Night,1025,SG,Triela,100,0,1,0,Armor Plate,Exclusive,Night Equip,6424,401,57
718,Elementary8,Night,1030,SMG,Jashin-chan,100,0,1,0,Exclusive,HP Round,Silencer,4006,300,58
718,Elementary8,Night,20037,RF,M14 Mod,200,1,10,10,AP Round,Exclusive,Camo Cloak,7401,277,59
718,Elementary8,Night,20053,RF,NTW-20 Mod,200,1,10,10,Exclusive,Silencer,Camo Cloak,7143,267,60
718,Elementary8,Night,20095,RF,Type88 Mod,200,1,10,10,Exclusive,Exclusive,Camo Cloak,7093,265,61
718,Elementary8,Night,20039,RF,Mosin-Nagant Mod,100,0,8,8,AP Round,Exclusive,Exclusive,7014,263,62
718,Elementary8,Night,50,RF,Lee Enfield,100,0,10,0,AP Round,Exclusive,Camo Cloak,6968,261,63
718,Elementary8,Night,20252,RF,KSVK Mod,200,1,10,10,Exclusive,Silencer,Camo Cloak,6948,260,64
718,Elementary8,Night,46,RF,Kar98k,100,0,8,0,AP Round,Exclusive,Camo Cloak,6649,249,65
718,Elementary8,Night,266,RF,R93,150,1,10,0,AP Round,Silencer,Camo Cloak,6615,248,66
718,Elementary8,Night,261,RF,QBU-88,100,0,8,0,AP Round,Silencer,Camo Cloak,6547,245,67
718,Elementary8,Night,20051,RF,FF FN49 Mod,100,0,8,8,AP Round,Exclusive,Camo Cloak,6323,237,68
718,Elementary8,Night,1031,RF,Pekola,100,0,10,0,AP Round,Silencer,Exclusive,6329,237,69
718,Elementary8,Night,1024,RF,Rico,100,0,10,0,AP Round,Silencer,Exclusive,6241,234,70
718,Elementary8,Night,36,RF,Springfield,100,0,1,0,Exclusive,Silencer,Camo Cloak,6247,234,71
724,Intermediate4,Night,20055,AR,M4A1 Mod,200,1,10,10,Optical,HV Round,Exclusive,8492,1167,1
724,Intermediate4,Night,20065,AR,416 Mod,200,1,10,10,Exclusive,HV Round,Exclusive,7556,1038,2
724,Intermediate4,Night,213,SMG,C-MS,100,0,8,0,T-Exo,AP Round,Red Dot,7326,915,3
724,Intermediate4,Night,54,AR,M16A1,100,0,1,0,HV Round,Armor Plate,Exclusive,6398,879,4
724,Intermediate4,Night,20057,AR,ST AR-15 Mod,200,1,10,10,Optical,Optical,Exclusive,6374,876,5
724,Intermediate4,Night,20056,AR,M4 SOPMOD II Mod,200,1,10,10,Optical,Exclusive,HV Round,6304,866,6
724,Intermediate4,Night,1027,AR,Angelica,100,0,10,0,Optical,HV Round,Exclusive,6211,854,7
724,Intermediate4,Night,62,AR,Gr G41,100,0,1,0,Optical,HV Round,Exclusive,6047,831,8
724,Intermediate4,Night,20064,AR,Gr G36 Mod,200,1,8,8,Exclusive,HV Round,T-Exo,5976,821,9
724,Intermediate4,Night,20026,SMG,Gr MP5 Mod,100,0,10,10,Exclusive,HP Round,Red Dot,6555,819,10
724,Intermediate4,Night,20103,SMG,UMP45 Mod,100,0,10,4,Exclusive,HP Round,Exclusive,6459,807,11
724,Intermediate4,Night,215,AR,MDR,100,0,10,0,Exclusive,HV Round,T-Exo,5811,799,12
724,Intermediate4,Night,16,SMG,Thompson,100,0,10,0,T-Exo,HP Round,Red Dot,6315,789,13
724,Intermediate4,Night,20060,AR,AS Val Mod,100,0,10,10,Optical,Exclusive,T-Exo,5723,786,14
724,Intermediate4,Night,245,SMG,P90,100,0,8,0,T-Exo,HP Round,Holographic,6278,784,15
724,Intermediate4,Night,206,AR,AK-12,100,0,10,0,Optical,HV Round,T-Exo,5708,784,16
724,Intermediate4,Night,205,AR,AN-94,100,0,10,0,Optical,HV Round,T-Exo,5688,782,17
724,Intermediate4,Night,73,AR,AUG,100,0,10,0,Optical,HV Round,T-Exo,5679,780,18
724,Intermediate4,Night,243,AR,64 Shiki,100,0,10,0,Optical,HV Round,T-Exo,5610,771,19
724,Intermediate4,Night,20101,SMG,UMP9 Mod,100,0,8,8,T-Exo,HP Round,Holographic,6113,764,20
724,Intermediate4,Night,20032,SMG,Micro Uzi Mod,100,0,8,8,T-Exo,HP Round,Holographic,6056,757,21
724,Intermediate4,Night,143,SMG,RO635,100,0,10,0,T-Exo,HP Round,Holographic,6033,754,22
724,Intermediate4,Night,1019,SMG,Dorothy Haze,100,0,10,0,T-Exo,Exclusive,Holographic,6027,753,23
724,Intermediate4,Night,122,AR,Gr G11,100,0,10,0,Optical,HV Round,T-Exo,5469,751,24
724,Intermediate4,Night,234,SMG,JS 9,100,0,8,0,T-Exo,HP Round,Holographic,5996,749,25
724,Intermediate4,Night,194,AR,K2,100,0,8,0,Optical,HV Round,Exo,5381,739,26
724,Intermediate4,Night,290,AR,89 Shiki,100,0,5,0,Optical,HV Round,X-Exo,5331,733,27
724,Intermediate4,Night,172,AR,Am RFB,100,0,8,0,Exclusive,HV Round,X-Exo,5330,732,28
724,Intermediate4,Night,130,AR,Type97,100,0,8,0,Exclusive,HV Round,X-Exo,5323,731,29
724,Intermediate4,Night,72,AR,TAR-21,100,0,1,0,Optical,HV Round,Exclusive,5309,729,30
724,Intermediate4,Night,306,AR,AK-Alfa,100,0,2,0,Optical,HV Round,X-Exo,5276,725,31
724,Intermediate4,Night,1028,SMG,Agent Vector,100,0,8,0,Exclusive,HP Round,Silencer,5603,700,32
724,Intermediate4,Night,28,SMG,Gr MP7,100,0,8,0,X-Exo,HP Round,Silencer,5521,690,33
724,Intermediate4,Night,104,SMG,Gr G36c,100,0,10,0,X-Exo,HP Round,Silencer,5519,689,34
724,Intermediate4,Night,20029,SMG,STEN MkⅡ Mod,100,0,3,0,X-Exo,HP Round,Silencer,5497,687,35
724,Intermediate4,Night,135,SMG,SR-3MP,100,0,10,0,X-Exo,HP Round,Silencer,5417,677,36
724,Intermediate4,Night,20,SMG,Vector,100,0,10,0,X-Exo,HP Round,Silencer,5388,673,37
724,Intermediate4,Night,20053,RF,NTW-20 Mod,200,1,10,10,Exclusive,Optical,Camo Cloak,7738,580,38
724,Intermediate4,Night,20252,RF,KSVK Mod,200,1,10,10,Exclusive,Optical,Camo Cloak,7538,565,39
724,Intermediate4,Night,20037,RF,M14 Mod,200,1,10,10,AP Round,Exclusive,Camo Cloak,7401,555,40
724,Intermediate4,Night,266,RF,R93,150,1,10,0,AP Round,Optical,Camo Cloak,7214,541,41
724,Intermediate4,Night,261,RF,QBU-88,100,0,8,0,AP Round,Optical,Camo Cloak,7125,534,42
724,Intermediate4,Night,20095,RF,Type88 Mod,200,1,10,10,Exclusive,Exclusive,Camo Cloak,7093,531,43
724,Intermediate4,Night,20039,RF,Mosin-Nagant Mod,100,0,8,8,AP Round,Exclusive,Exclusive,7014,526,44
724,Intermediate4,Night,1029,AR,Agent 416,100,0,1,0,Optical,Exclusive,Exclusive,3811,524,45
724,Intermediate4,Night,50,RF,Lee Enfield,100,0,10,0,AP Round,Exclusive,Camo Cloak,6968,522,46
724,Intermediate4,Night,1031,RF,Pekola,100,0,10,0,AP Round,Optical,Exclusive,6968,522,47
724,Intermediate4,Night,1024,RF,Rico,100,0,10,0,AP Round,Optical,Exclusive,6907,518,48
724,Intermediate4,Night,1018,HG,Sei Asagiri,100,0,8,0,Silencer,HP Round,Exclusive,3751,515,49
724,Intermediate4,Night,1017,HG,Jill Stingray,100,0,10,0,Silencer,HP Round,Exclusive,3722,511,50
724,Intermediate4,Night,36,RF,Springfield,100,0,1,0,Exclusive,Optical,Camo Cloak,6821,511,51
724,Intermediate4,Night,48,RF,WA2000,100,0,10,0,AP Round,Optical,Camo Cloak,6735,505,52
724,Intermediate4,Night,1030,SMG,Jashin-chan,100,0,1,0,Exclusive,HP Round,Silencer,4006,500,53
724,Intermediate4,Night,296,RF,Gr SL8,100,0,8,0,AP Round,Optical,Camo Cloak,6654,499,54
724,Intermediate4,Night,46,RF,Kar98k,100,0,8,0,AP Round,Exclusive,Camo Cloak,6649,498,55
724,Intermediate4,Night,231,RF,M82A1,100,0,10,0,AP Round,Optical,Camo Cloak,6641,498,56
724,Intermediate4,Night,197,RF,Carcano M1891,150,1,10,0,AP Round,Optical,Camo Cloak,6578,493,57
724,Intermediate4,Night,257,RF,M200,100,0,10,0,AP Round,Optical,Camo Cloak,6586,493,58
724,Intermediate4,Night,20044,RF,SV-98 Mod,100,0,8,8,AP Round,Optical,Exclusive,6548,491,59
724,Intermediate4,Night,20051,RF,FF FN49 Mod,100,0,8,8,AP Round,Exclusive,Camo Cloak,6323,474,60
724,Intermediate4,Night,188,SG,S.A.T.8,100,0,10,0,Armor Plate,Slug Shell,Night Equip,7418,463,61
724,Intermediate4,Night,163,SG,AA-12,100,0,1,0,Armor Plate,Exclusive,Night Equip,7365,460,62
724,Intermediate4,Night,198,RF,Carcano M91/38,100,0,10,0,AP Round,Silencer,Camo Cloak,6027,452,63
724,Intermediate4,Night,329,RF,SVCh,100,0,8,0,AP Round,Silencer,Camo Cloak,6006,450,64
724,Intermediate4,Night,229,SG,M870,100,0,10,0,Armor Plate,Buckshot Shell,Night Equip,7178,448,65
724,Intermediate4,Night,323,SG,LTLX7000,100,0,10,0,Armor Plate,Buckshot Shell,Night Equip,7159,447,66
724,Intermediate4,Night,148,RF,IWS 2000,100,0,10,0,AP Round,Silencer,Camo Cloak,5952,446,67
724,Intermediate4,Night,1020,RF,Stella Hoshii,100,0,8,0,AP Round,Silencer,Exclusive,5924,444,68
724,Intermediate4,Night,157,SG,Am KSG,100,0,10,0,Armor Plate,Buckshot Shell,Night Equip,7090,443,69
724,Intermediate4,Night,222,RF,TAC-50,100,0,10,0,AP Round,Silencer,Camo Cloak,5884,441,70
724,Intermediate4,Night,146,RF,Gr G28,100,0,10,0,AP Round,Silencer,Camo Cloak,5854,439,71
724,Intermediate4,Night,43,RF,SVD,100,0,10,0,AP Round,Silencer,Camo Cloak,5849,438,72
724,Intermediate4,Night,282,SG,DP-12,100,0,8,0,Armor Plate,Buckshot Shell,Night Equip,7013,438,73
724,Intermediate4,Night,324,SG,M6 ASW,100,0,1,0,Armor Plate,Buckshot Shell,Night Equip,6949,434,74
724,Intermediate4,Night,1025,SG,Triela,100,0,1,0,Armor Plate,Exclusive,Night Equip,6424,401,75
728,Intermediate8,Night,183,HG,Contender,100,0,10,0,Silencer,AP Round,T-Exo,4756,951,1
728,Intermediate8,Night,213,SMG,C-MS,100,0,8,0,T-Exo,AP Round,Red Dot,7326,915,2
728,Intermediate8,Night,164,SG,FP-6,100,0,1,0,Armor Plate,Buckshot Shell,Red Dot,7521,902,3
728,Intermediate8,Night,162,SG,SPAS-12,100,0,1,0,Armor Plate,Buckshot Shell,Red Dot,7135,856,4
728,Intermediate8,Night,20097,HG,M950A Mod,100,0,10,10,Silencer,HP Round,X-Exo,4263,852,5
728,Intermediate8,Night,20026,SMG,Gr MP5 Mod,100,0,10,10,Exclusive,HP Round,Holographic,6501,812,6
728,Intermediate8,Night,20103,SMG,UMP45 Mod,100,0,10,4,Exclusive,HP Round,Exclusive,6459,807,7
728,Intermediate8,Night,20007,HG,Stechkin Mod,95.9232,0,10,8,Exclusive,HP Round,T-Exo,3963,792,8
728,Intermediate8,Night,188,SG,S.A.T.8,100,0,10,0,Armor Plate,Buckshot Shell,Holographic,7892,789,9
728,Intermediate8,Night,245,SMG,P90,100,0,8,0,T-Exo,HP Round,Holographic,6278,784,10
728,Intermediate8,Night,20001,HG,SAA Mod,100,0,10,10,Silencer,HP Round,T-Exo,3905,781,11
728,Intermediate8,Night,16,SMG,Thompson,100,0,10,0,T-Exo,HP Round,Holographic,6243,780,12
728,Intermediate8,Night,242,HG,P22,100,0,10,0,Silencer,HP Round,X-Exo,3865,773,13
728,Intermediate8,Night,163,SG,AA-12,100,0,1,0,Armor Plate,Exclusive,Holographic,7728,772,14
728,Intermediate8,Night,294,HG,Webley,100,0,10,0,Silencer,HP Round,T-Exo,3859,771,15
728,Intermediate8,Night,20101,SMG,UMP9 Mod,100,0,8,8,T-Exo,HP Round,Holographic,6113,764,16
728,Intermediate8,Night,1017,HG,Jill Stingray,100,0,10,0,Silencer,HP Round,T-Exo,3811,762,17
728,Intermediate8,Night,114,HG,Welrod MkⅡ,100,0,10,0,Silencer,HP Round,T-Exo,3798,759,18
728,Intermediate8,Night,250,HG,HS2000,100,0,10,0,Silencer,HP Round,X-Exo,3783,756,19
728,Intermediate8,Night,1018,HG,Sei Asagiri,100,0,8,0,Silencer,HP Round,Exclusive,3751,750,20
728,Intermediate8,Night,4,HG,Python,100,0,10,0,Silencer,HP Round,X-Exo,3740,748,21
728,Intermediate8,Night,96,HG,Grizzly,100,0,10,0,Silencer,HP Round,T-Exo,3737,747,22
728,Intermediate8,Night,233,HG,Px4 Storm,100,0,10,0,Silencer,HP Round,X-Exo,3726,745,23
728,Intermediate8,Night,229,SG,M870,100,0,10,0,Armor Plate,Slug Shell,Optical,7439,743,24
728,Intermediate8,Night,20055,AR,M4A1 Mod,200,1,10,10,Optical,HV Round,Exclusive,8492,743,25
728,Intermediate8,Night,1019,SMG,Dorothy Haze,100,0,10,0,T-Exo,Exclusive,Silencer,5933,741,26
728,Intermediate8,Night,323,SG,LTLX7000,100,0,10,0,Armor Plate,Buckshot Shell,Optical,7368,736,27
728,Intermediate8,Night,157,SG,Am KSG,100,0,10,0,Armor Plate,Buckshot Shell,Optical,7334,733,28
728,Intermediate8,Night,127,SMG,Type79,100,0,1,0,T-Exo,Exclusive,Silencer,5686,710,29
728,Intermediate8,Night,20002,HG,M1911 Mod,100,0,8,5,Silencer,Exclusive,T-Exo,3526,705,30
728,Intermediate8,Night,1028,SMG,Agent Vector,100,0,8,0,T-Exo,Exclusive,Silencer,5603,700,31
728,Intermediate8,Night,1025,SG,Triela,100,0,1,0,Armor Plate,Exclusive,Optical,6660,666,32
728,Intermediate8,Night,20065,AR,416 Mod,200,1,10,10,Exclusive,HV Round,Exclusive,7556,661,33
728,Intermediate8,Night,20053,RF,NTW-20 Mod,200,1,10,10,Exclusive,Optical,Camo Cloak,7738,580,34
728,Intermediate8,Night,20252,RF,KSVK Mod,200,1,10,10,Exclusive,Optical,Camo Cloak,7538,565,35
728,Intermediate8,Night,54,AR,M16A1,100,0,1,0,HV Round,Armor Plate,Exclusive,6398,559,36
728,Intermediate8,Night,20057,AR,ST AR-15 Mod,200,1,10,10,Optical,Optical,Exclusive,6374,557,37
728,Intermediate8,Night,20037,RF,M14 Mod,200,1,10,10,AP Round,Exclusive,Camo Cloak,7401,555,38
728,Intermediate8,Night,20056,AR,M4 SOPMOD II Mod,200,1,10,10,Optical,Exclusive,HV Round,6304,551,39
728,Intermediate8,Night,1027,AR,Angelica,100,0,10,0,Optical,HV Round,Exclusive,6211,543,40
728,Intermediate8,Night,266,RF,R93,150,1,10,0,AP Round,Optical,Camo Cloak,7214,541,41
728,Intermediate8,Night,261,RF,QBU-88,100,0,8,0,AP Round,Optical,Camo Cloak,7125,534,42
728,Intermediate8,Night,20095,RF,Type88 Mod,200,1,10,10,Exclusive,Exclusive,Camo Cloak,7093,531,43
728,Intermediate8,Night,62,AR,Gr G41,100,0,1,0,Optical,HV Round,Exclusive,6047,529,44
728,Intermediate8,Night,20039,RF,Mosin-Nagant Mod,100,0,8,8,AP Round,Exclusive,Exclusive,7014,526,45
728,Intermediate8,Night,50,RF,Lee Enfield,100,0,10,0,AP Round,Exclusive,Camo Cloak,6968,522,46
728,Intermediate8,Night,20064,AR,Gr G36 Mod,200,1,8,8,Exclusive,HV Round,T-Exo,5976,522,47
728,Intermediate8,Night,1031,RF,Pekola,100,0,10,0,AP Round,Optical,Exclusive,6968,522,48
728,Intermediate8,Night,1024,RF,Rico,100,0,10,0,AP Round,Optical,Exclusive,6907,518,49
728,Intermediate8,Night,36,RF,Springfield,100,0,1,0,Exclusive,Optical,Camo Cloak,6821,511,50
728,Intermediate8,Night,215,AR,MDR,100,0,10,0,Exclusive,HV Round,Exo,5811,508,51
728,Intermediate8,Night,48,RF,WA2000,100,0,10,0,AP Round,Optical,Camo Cloak,6735,505,52
728,Intermediate8,Night,206,AR,AK-12,100,0,10,0,Optical,HV Round,X-Exo,5705,499,53
728,Intermediate8,Night,296,RF,Gr SL8,100,0,8,0,AP Round,Optical,Camo Cloak,6654,499,54
728,Intermediate8,Night,46,RF,Kar98k,100,0,8,0,AP Round,Exclusive,Camo Cloak,6649,498,55
728,Intermediate8,Night,231,RF,M82A1,100,0,10,0,AP Round,Optical,Camo Cloak,6641,498,56
728,Intermediate8,Night,205,AR,AN-94,100,0,10,0,Optical,HV Round,X-Exo,5670,496,57
728,Intermediate8,Night,73,AR,AUG,100,0,10,0,Optical,HV Round,X-Exo,5646,494,58
728,Intermediate8,Night,20060,AR,AS Val Mod,100,0,10,10,Optical,Exclusive,X-Exo,5646,494,59
728,Intermediate8,Night,197,RF,Carcano M1891,150,1,10,0,AP Round,Optical,Camo Cloak,6578,493,60
728,Intermediate8,Night,257,RF,M200,100,0,10,0,AP Round,Optical,Camo Cloak,6586,493,61
728,Intermediate8,Night,20044,RF,SV-98 Mod,100,0,8,8,AP Round,Optical,Exclusive,6548,491,62
728,Intermediate8,Night,198,RF,Carcano M91/38,100,0,10,0,AP Round,Optical,Camo Cloak,6552,491,63
728,Intermediate8,Night,329,RF,SVCh,100,0,8,0,AP Round,Optical,Camo Cloak,6526,489,64
728,Intermediate8,Night,148,RF,IWS 2000,100,0,10,0,AP Round,Optical,Camo Cloak,6446,483,65
728,Intermediate8,Night,20051,RF,FF FN49 Mod,100,0,8,8,AP Round,Exclusive,Camo Cloak,6323,474,66
728,Intermediate8,Night,72,AR,TAR-21,100,0,1,0,Silencer,HV Round,Exclusive,5088,445,67
728,Intermediate8,Night,1020,RF,Stella Hoshii,100,0,8,0,AP Round,Silencer,Exclusive,5924,444,68
728,Intermediate8,Night,222,RF,TAC-50,100,0,10,0,AP Round,Silencer,Camo Cloak,5884,441,69
728,Intermediate8,Night,146,RF,Gr G28,100,0,10,0,AP Round,Silencer,Camo Cloak,5854,439,70
728,Intermediate8,Night,1029,AR,Agent 416,100,0,1,0,Exclusive,HV Round,Exclusive,3811,333,71
728,Intermediate8,Night,1032,AR,Medusa,100,0,1,0,Night Equip,HV Round,Exclusive,3761,329,72
733,Advanced3,Night,183,HG,Contender,100,0,10,0,Silencer,AP Round,T-Exo,4756,951,1
733,Advanced3,Night,260,HG,PA-15,100,0,8,0,Silencer,HP Round,X-Exo,3680,883,2
733,Advanced3,Night,329,RF,SVCh,100,0,8,0,AP Round,Optical,Camo Cloak,6526,881,3
733,Advanced3,Night,20053,RF,NTW-20 Mod,200,1,10,10,Exclusive,Optical,Camo Cloak,7738,870,4
733,Advanced3,Night,20097,HG,M950A Mod,100,0,10,10,Silencer,HP Round,X-Exo,4263,852,5
733,Advanced3,Night,20252,RF,KSVK Mod,200,1,10,10,Exclusive,Optical,Camo Cloak,7538,848,6
733,Advanced3,Night,20037,RF,M14 Mod,200,1,10,10,AP Round,Exclusive,Camo Cloak,7401,832,7
733,Advanced3,Night,266,RF,R93,150,1,10,0,AP Round,Optical,Camo Cloak,7214,811,8
733,Advanced3,Night,188,SG,S.A.T.8,100,0,10,0,Armor Plate,Buckshot Shell,Red Dot,8040,804,9
733,Advanced3,Night,261,RF,QBU-88,100,0,8,0,AP Round,Optical,Camo Cloak,7125,801,10
733,Advanced3,Night,20095,RF,Type88 Mod,200,1,10,10,Exclusive,Exclusive,Camo Cloak,7093,797,11
733,Advanced3,Night,20007,HG,Stechkin Mod,95.9232,0,10,8,Exclusive,HP Round,T-Exo,3963,792,12
733,Advanced3,Night,20039,RF,Mosin-Nagant Mod,100,0,8,8,AP Round,Exclusive,Exclusive,7014,789,13
733,Advanced3,Night,50,RF,Lee Enfield,100,0,10,0,AP Round,Exclusive,Camo Cloak,6968,783,14
733,Advanced3,Night,1031,RF,Pekola,100,0,10,0,AP Round,Optical,Exclusive,6968,783,15
733,Advanced3,Night,229,SG,M870,100,0,10,0,Armor Plate,Buckshot Shell,Red Dot,7823,782,16
733,Advanced3,Night,20001,HG,SAA Mod,100,0,10,10,Silencer,HP Round,T-Exo,3905,781,17
733,Advanced3,Night,1024,RF,Rico,100,0,10,0,AP Round,Optical,Exclusive,6907,777,18
733,Advanced3,Night,242,HG,P22,100,0,10,0,Silencer,HP Round,X-Exo,3865,773,19
733,Advanced3,Night,157,SG,Am KSG,100,0,10,0,Armor Plate,Buckshot Shell,Red Dot,7722,772,20
733,Advanced3,Night,163,SG,AA-12,100,0,1,0,Armor Plate,Exclusive,Holographic,7728,772,21
733,Advanced3,Night,294,HG,Webley,100,0,10,0,Silencer,HP Round,T-Exo,3859,771,22
733,Advanced3,Night,36,RF,Springfield,100,0,1,0,Exclusive,Optical,Camo Cloak,6821,767,23
733,Advanced3,Night,1017,HG,Jill Stingray,100,0,10,0,Silencer,HP Round,T-Exo,3811,762,24
733,Advanced3,Night,168,HG,Spitfire,100,0,1,0,Silencer,HP Round,X-Exo,3176,762,25
733,Advanced3,Night,114,HG,Welrod MkⅡ,100,0,10,0,Silencer,HP Round,T-Exo,3798,759,26
733,Advanced3,Night,48,RF,WA2000,100,0,10,0,AP Round,Optical,Camo Cloak,6735,757,27
733,Advanced3,Night,250,HG,HS2000,100,0,10,0,Silencer,HP Round,X-Exo,3783,756,28
733,Advanced3,Night,323,SG,LTLX7000,100,0,10,0,Armor Plate,Buckshot Shell,Holographic,7546,754,29
733,Advanced3,Night,1018,HG,Sei Asagiri,100,0,8,0,Silencer,HP Round,Exclusive,3751,750,30
733,Advanced3,Night,282,SG,DP-12,100,0,8,0,Armor Plate,Buckshot Shell,Holographic,7496,749,31
733,Advanced3,Night,46,RF,Kar98k,100,0,8,0,AP Round,Exclusive,Camo Cloak,6649,748,32
733,Advanced3,Night,4,HG,Python,100,0,10,0,Silencer,HP Round,X-Exo,3740,748,33
733,Advanced3,Night,296,RF,Gr SL8,100,0,8,0,AP Round,Optical,Camo Cloak,6654,748,34
733,Advanced3,Night,96,HG,Grizzly,100,0,10,0,Silencer,HP Round,T-Exo,3737,747,35
733,Advanced3,Night,231,RF,M82A1,100,0,10,0,AP Round,Optical,Camo Cloak,6641,747,36
733,Advanced3,Night,233,HG,Px4 Storm,100,0,10,0,Silencer,HP Round,X-Exo,3726,745,37
733,Advanced3,Night,272,HG,Desert Eagle,100,0,10,0,Silencer,HP Round,T-Exo,3724,744,38
733,Advanced3,Night,20055,AR,M4A1 Mod,200,1,10,10,Optical,HV Round,Exclusive,8492,743,39
733,Advanced3,Night,197,RF,Carcano M1891,150,1,10,0,AP Round,Optical,Camo Cloak,6578,740,40
733,Advanced3,Night,257,RF,M200,100,0,10,0,AP Round,Optical,Camo Cloak,6586,740,41
733,Advanced3,Night,198,RF,Carcano M91/38,100,0,10,0,AP Round,Optical,Camo Cloak,6552,737,42
733,Advanced3,Night,20044,RF,SV-98 Mod,100,0,8,8,AP Round,Optical,Exclusive,6548,736,43
733,Advanced3,Night,142,HG,Five-seven,100,0,10,0,Silencer,HP Round,X-Exo,3674,734,44
733,Advanced3,Night,148,RF,IWS 2000,100,0,10,0,AP Round,Optical,Camo Cloak,6446,725,45
733,Advanced3,Night,20221,HG,GSh-18 Mod,100,0,4,8,Silencer,HP Round,T-Exo,3629,725,46
733,Advanced3,Night,1020,RF,Stella Hoshii,100,0,8,0,AP Round,Optical,Exclusive,6431,723,47
733,Advanced3,Night,324,SG,M6 ASW,100,0,1,0,Armor Plate,Slug Shell,Optical,7214,721,48
733,Advanced3,Night,222,RF,TAC-50,100,0,10,0,AP Round,Optical,Camo Cloak,6367,716,49
733,Advanced3,Night,43,RF,SVD,100,0,10,0,AP Round,Optical,Camo Cloak,6350,714,50
733,Advanced3,Night,146,RF,Gr G28,100,0,10,0,AP Round,Optical,Camo Cloak,6339,713,51
733,Advanced3,Night,20051,RF,FF FN49 Mod,100,0,8,8,AP Round,Exclusive,Camo Cloak,6323,711,52
733,Advanced3,Night,20002,HG,M1911 Mod,100,0,8,5,Silencer,Exclusive,T-Exo,3526,705,53
733,Advanced3,Night,1025,SG,Triela,100,0,1,0,Armor Plate,Exclusive,Holographic,6936,693,54
733,Advanced3,Night,20065,AR,416 Mod,200,1,10,10,Exclusive,HV Round,Exclusive,7556,661,55
733,Advanced3,Night,54,AR,M16A1,100,0,1,0,HV Round,Armor Plate,Exclusive,6398,559,56
733,Advanced3,Night,20057,AR,ST AR-15 Mod,200,1,10,10,Optical,Optical,Exclusive,6374,557,57
733,Advanced3,Night,20056,AR,M4 SOPMOD II Mod,200,1,10,10,Optical,Exclusive,HV Round,6304,551,58
733,Advanced3,Night,1027,AR,Angelica,100,0,10,0,Optical,HV Round,Exclusive,6211,543,59
733,Advanced3,Night,62,AR,Gr G41,100,0,1,0,Optical,HV Round,Exclusive,6047,529,60
733,Advanced3,Night,20064,AR,Gr G36 Mod,200,1,8,8,Exclusive,HV Round,T-Exo,5976,522,61
733,Advanced3,Night,215,AR,MDR,100,0,10,0,Exclusive,HV Round,T-Exo,5811,508,62
733,Advanced3,Night,20060,AR,AS Val Mod,100,0,10,10,Optical,Exclusive,T-Exo,5723,500,63
733,Advanced3,Night,206,AR,AK-12,100,0,10,0,Optical,HV Round,T-Exo,5708,499,64
733,Advanced3,Night,205,AR,AN-94,100,0,10,0,Optical,HV Round,T-Exo,5688,497,65
733,Advanced3,Night,73,AR,AUG,100,0,10,0,Silencer,HV Round,T-Exo,5560,486,66
733,Advanced3,Night,243,AR,64 Shiki,100,0,10,0,Silencer,HV Round,Exo,5493,480,67
733,Advanced3,Night,172,AR,Am RFB,100,0,8,0,Exclusive,HV Round,X-Exo,5330,466,68
733,Advanced3,Night,72,AR,TAR-21,100,0,1,0,Holographic,HV Round,Exclusive,5041,441,69
733,Advanced3,Night,1028,SMG,Agent Vector,100,0,8,0,Exclusive,Exclusive,Holographic,5851,438,70
733,Advanced3,Night,1029,AR,Agent 416,100,0,1,0,Exclusive,HV Round,Exclusive,3811,333,71
733,Advanced3,Night,1032,AR,Medusa,100,0,1,0,Night Equip,HV Round,Exclusive,3761,329,72
736,Advanced6,Day,20055,AR,M4A1 Mod,200,1,10,10,Night Equip,HV Round,Exclusive,7607,1426,1
736,Advanced6,Day,20065,AR,416 Mod,200,1,10,10,Night Equip,HV Round,Exclusive,6537,1225,2
736,Advanced6,Day,20057,AR,ST AR-15 Mod,200,1,10,10,Optical,Night Equip,Exclusive,5770,1081,3
736,Advanced6,Day,20056,AR,M4 SOPMOD II Mod,200,1,10,10,Optical,Night Equip,HV Round,5714,1071,4
736,Advanced6,Day,1027,AR,Angelica,100,0,10,0,Night Equip,HV Round,Exclusive,5574,1045,5
736,Advanced6,Day,213,SMG,C-MS,100,0,8,0,T-Exo,AP Round,Night Equip,6295,1022,6
736,Advanced6,Day,20064,AR,Gr G36 Mod,200,1,8,8,Night Equip,HV Round,T-Exo,5373,1007,7
736,Advanced6,Day,62,AR,Gr G41,100,0,1,0,Night Equip,HV Round,Exclusive,5356,1004,8
736,Advanced6,Day,20060,AR,AS Val Mod,100,0,10,10,Night Equip,Exclusive,T-Exo,5291,992,9
736,Advanced6,Day,171,AR,Ribeyrolles,100,0,8,0,Night Equip,HV Round,T-Exo,4405,991,10
736,Advanced6,Day,20026,SMG,Gr MP5 Mod,100,0,10,10,Exclusive,HP Round,Night Equip,6020,978,11
736,Advanced6,Day,54,AR,M16A1,100,0,1,0,HV Round,Armor Plate,Exclusive,5203,975,12
736,Advanced6,Day,73,AR,AUG,100,0,10,0,Night Equip,HV Round,T-Exo,5178,970,13
736,Advanced6,Day,206,AR,AK-12,100,0,10,0,Night Equip,HV Round,T-Exo,5167,968,14
736,Advanced6,Day,205,AR,AN-94,100,0,10,0,Night Equip,HV Round,T-Exo,5158,967,15
736,Advanced6,Day,27,SMG,Skorpion,100,0,10,0,T-Exo,HP Round,Night Equip,4923,959,16
736,Advanced6,Day,243,AR,64 Shiki,100,0,10,0,Night Equip,HV Round,T-Exo,5105,957,17
736,Advanced6,Day,20103,SMG,UMP45 Mod,100,0,10,4,Exclusive,HP Round,Night Equip,5892,957,18
736,Advanced6,Day,245,SMG,P90,100,0,8,0,T-Exo,HP Round,Night Equip,5798,942,19
736,Advanced6,Day,16,SMG,Thompson,100,0,10,0,T-Exo,HP Round,Night Equip,5784,939,20
736,Advanced6,Day,122,AR,Gr G11,100,0,10,0,Night Equip,HV Round,T-Exo,4972,932,21
736,Advanced6,Day,20101,SMG,UMP9 Mod,100,0,8,8,T-Exo,HP Round,Night Equip,5695,925,22
736,Advanced6,Day,215,AR,MDR,100,0,10,0,Night Equip,HV Round,T-Exo,4932,924,23
736,Advanced6,Day,194,AR,K2,100,0,8,0,Night Equip,HV Round,T-Exo,4909,920,24
736,Advanced6,Day,106,AR,FAL,100,0,10,0,Night Equip,HV Round,T-Exo,4881,915,25
736,Advanced6,Day,290,AR,89 Shiki,100,0,5,0,Night Equip,HV Round,Exo,4874,913,26
736,Advanced6,Day,1028,SMG,Agent Vector,100,0,8,0,Exclusive,HP Round,Silencer,4876,792,27
736,Advanced6,Day,1019,SMG,Dorothy Haze,100,0,10,0,X-Exo,Exclusive,Silencer,4826,784,28
736,Advanced6,Day,234,SMG,JS 9,100,0,8,0,X-Exo,HP Round,Silencer,4819,783,29
736,Advanced6,Day,20032,SMG,Micro Uzi Mod,100,0,8,8,X-Exo,HP Round,Silencer,4766,774,30
736,Advanced6,Day,143,SMG,RO635,100,0,10,0,X-Exo,HP Round,Silencer,4756,772,31
736,Advanced6,Day,104,SMG,Gr G36c,100,0,10,0,X-Exo,HP Round,Silencer,4745,771,32
736,Advanced6,Day,28,SMG,Gr MP7,100,0,8,0,X-Exo,HP Round,Silencer,4705,764,33
736,Advanced6,Day,20029,SMG,STEN MkⅡ Mod,100,0,3,0,X-Exo,HP Round,Silencer,4659,757,34
736,Advanced6,Day,135,SMG,SR-3MP,100,0,10,0,X-Exo,HP Round,Silencer,4628,752,35
736,Advanced6,Day,20,SMG,Vector,100,0,10,0,X-Exo,HP Round,Silencer,4560,741,36
736,Advanced6,Day,188,SG,S.A.T.8,100,0,10,0,Armor Plate,Buckshot Shell,Red Dot,6837,598,37
736,Advanced6,Day,323,SG,LTLX7000,100,0,10,0,Armor Plate,Buckshot Shell,Red Dot,6695,585,38
736,Advanced6,Day,229,SG,M870,100,0,10,0,Armor Plate,Buckshot Shell,Red Dot,6634,580,39
736,Advanced6,Day,157,SG,Am KSG,100,0,10,0,Armor Plate,Slug Shell,Holographic,6485,567,40
736,Advanced6,Day,1030,SMG,Jashin-chan,100,0,1,0,Exclusive,HP Round,Silencer,3488,566,41
736,Advanced6,Day,282,SG,DP-12,100,0,8,0,Armor Plate,Buckshot Shell,Holographic,6352,555,42
736,Advanced6,Day,164,SG,FP-6,100,0,1,0,Armor Plate,Buckshot Shell,Holographic,6301,551,43
736,Advanced6,Day,163,SG,AA-12,100,0,1,0,Armor Plate,Exclusive,Holographic,6269,548,44
736,Advanced6,Day,1017,HG,Jill Stingray,100,0,10,0,Exclusive,Exclusive,Exclusive,3009,526,45
736,Advanced6,Day,72,AR,TAR-21,100,0,1,0,Holographic,HV Round,Exclusive,2754,516,46
736,Advanced6,Day,1018,HG,Sei Asagiri,100,0,8,0,Silencer,HP Round,Exclusive,2934,513,47
736,Advanced6,Day,1025,SG,Triela,100,0,1,0,Armor Plate,Exclusive,Holographic,5713,499,48
736,Advanced6,Day,1029,AR,Agent 416,100,0,1,0,Silencer,HV Round,Exclusive,2316,434,49
736,Advanced6,Day,20053,RF,NTW-20 Mod,200,1,10,10,Exclusive,Optical,Camo Cloak,4044,202,50
736,Advanced6,Day,20252,RF,KSVK Mod,200,1,10,10,Exclusive,Optical,Camo Cloak,3958,197,51
736,Advanced6,Day,292,MG,RPK-16,100,0,10,0,AP Round,Optical,Ammo Box,3889,194,52
736,Advanced6,Day,112,MG,Negev,100,0,10,0,AP Round,Optical,Ammo Box,3874,193,53
736,Advanced6,Day,253,MG,Lewis,100,0,8,0,AP Round,Optical,Ammo Box,3872,193,54
736,Advanced6,Day,20075,MG,M1918 Mod,100,0,6,8,AP Round,Optical,Exclusive,3835,191,55
736,Advanced6,Day,20037,RF,M14 Mod,200,1,10,10,AP Round,Exclusive,Camo Cloak,3790,189,56
736,Advanced6,Day,20039,RF,Mosin-Nagant Mod,100,0,8,8,AP Round,Exclusive,Exclusive,3788,189,57
736,Advanced6,Day,266,RF,R93,150,1,10,0,AP Round,Optical,Camo Cloak,3744,187,58
736,Advanced6,Day,20095,RF,Type88 Mod,200,1,10,10,Exclusive,Exclusive,Camo Cloak,3716,185,59
736,Advanced6,Day,109,MG,Gr MG5,100,0,10,0,AP Round,Optical,Ammo Box,3672,183,60
736,Advanced6,Day,173,MG,PKP,100,0,10,0,AP Round,Optical,Ammo Box,3610,180,61
736,Advanced6,Day,261,RF,QBU-88,100,0,8,0,AP Round,Optical,Camo Cloak,3576,178,62
736,Advanced6,Day,20081,MG,LWMMG Mod,100,0,8,8,AP Round,Optical,Ammo Box,3510,175,63
736,Advanced6,Day,1031,RF,Pekola,100,0,10,0,AP Round,Optical,Exclusive,3488,174,64
736,Advanced6,Day,307,MG,ZB-26,100,0,1,0,AP Round,Optical,Ammo Box,3463,173,65
736,Advanced6,Day,257,RF,M200,100,0,10,0,AP Round,Optical,Camo Cloak,3453,172,66
736,Advanced6,Day,238,MG,QJY-88,100,0,1,0,AP Round,Optical,Ammo Box,3451,172,67
736,Advanced6,Day,197,RF,Carcano M1891,150,1,10,0,AP Round,Optical,Camo Cloak,3435,171,68
736,Advanced6,Day,1021,MG,Alma Armas,100,0,1,0,AP Round,Optical,Exclusive,3428,171,69
736,Advanced6,Day,275,MG,M1895 CB,100,0,10,0,AP Round,Optical,Ammo Box,3431,171,70
736,Advanced6,Day,50,RF,Lee Enfield,100,0,10,0,AP Round,Exclusive,Camo Cloak,3407,170,71
736,Advanced6,Day,198,RF,Carcano M91/38,100,0,10,0,AP Round,Optical,Camo Cloak,3383,169,72
736,Advanced6,Day,276,MG,Kord,100,0,10,0,AP Round,Optical,Ammo Box,3390,169,73
736,Advanced6,Day,337,RF,De Lisle,100,0,10,0,AP Round,Optical,Camo Cloak,3393,169,74
736,Advanced6,Day,36,RF,Springfield,100,0,1,0,Exclusive,Optical,Camo Cloak,3109,155,75
738,Advanced8,Night,20055,AR,M4A1 Mod,200,1,10,10,Optical,HV Round,Exclusive,8492,1592,1
738,Advanced8,Night,20065,AR,416 Mod,200,1,10,10,Exclusive,HV Round,Exclusive,7556,1416,2
738,Advanced8,Night,54,AR,M16A1,100,0,1,0,HV Round,Armor Plate,Exclusive,6398,1199,3
738,Advanced8,Night,20057,AR,ST AR-15 Mod,200,1,10,10,Optical,Optical,Exclusive,6374,1195,4
738,Advanced8,Night,20056,AR,M4 SOPMOD II Mod,200,1,10,10,Optical,Exclusive,HV Round,6304,1182,5
738,Advanced8,Night,1027,AR,Angelica,100,0,10,0,Optical,HV Round,Exclusive,6211,1164,6
738,Advanced8,Night,62,AR,Gr G41,100,0,1,0,Optical,HV Round,Exclusive,6047,1133,7
738,Advanced8,Night,20064,AR,Gr G36 Mod,200,1,8,8,Exclusive,HV Round,T-Exo,5976,1120,8
738,Advanced8,Night,215,AR,MDR,100,0,10,0,Exclusive,HV Round,T-Exo,5811,1089,9
738,Advanced8,Night,20060,AR,AS Val Mod,100,0,10,10,Optical,Exclusive,T-Exo,5723,1073,10
738,Advanced8,Night,162,SG,SPAS-12,100,0,1,0,Armor Plate,Buckshot Shell,Red Dot,7135,1070,11
738,Advanced8,Night,206,AR,AK-12,100,0,10,0,Optical,HV Round,T-Exo,5708,1070,12
738,Advanced8,Night,205,AR,AN-94,100,0,10,0,Optical,HV Round,T-Exo,5688,1066,13
738,Advanced8,Night,73,AR,AUG,100,0,10,0,Optical,HV Round,T-Exo,5679,1064,14
738,Advanced8,Night,243,AR,64 Shiki,100,0,10,0,Optical,HV Round,T-Exo,5610,1051,15
738,Advanced8,Night,122,AR,Gr G11,100,0,10,0,Optical,HV Round,T-Exo,5469,1025,16
738,Advanced8,Night,325,SG,PM5,100,0,1,0,Armor Plate,Buckshot Shell,Red Dot,6766,1014,17
738,Advanced8,Night,194,AR,K2,100,0,8,0,Optical,HV Round,T-Exo,5381,1008,18
738,Advanced8,Night,290,AR,89 Shiki,100,0,5,0,Optical,HV Round,T-Exo,5371,1007,19
738,Advanced8,Night,130,AR,Type97,100,0,8,0,Exclusive,HV Round,T-Exo,5368,1006,20
738,Advanced8,Night,172,AR,Am RFB,100,0,8,0,Exclusive,HV Round,T-Exo,5367,1006,21
738,Advanced8,Night,188,SG,S.A.T.8,100,0,10,0,Armor Plate,Buckshot Shell,Red Dot,8040,1005,22
738,Advanced8,Night,106,AR,FAL,100,0,10,0,Optical,HV Round,T-Exo,5336,1000,23
738,Advanced8,Night,72,AR,TAR-21,100,0,1,0,Optical,HV Round,Exclusive,5309,995,24
738,Advanced8,Night,163,SG,AA-12,100,0,1,0,Armor Plate,Exclusive,Holographic,7728,966,25
738,Advanced8,Night,229,SG,M870,100,0,10,0,Armor Plate,Buckshot Shell,Holographic,7644,955,26
738,Advanced8,Night,157,SG,Am KSG,100,0,10,0,Armor Plate,Buckshot Shell,Holographic,7562,945,27
738,Advanced8,Night,323,SG,LTLX7000,100,0,10,0,Armor Plate,Slug Shell,Holographic,7324,915,28
738,Advanced8,Night,1025,SG,Triela,100,0,1,0,Armor Plate,Exclusive,Holographic,6936,867,29
738,Advanced8,Night,183,HG,Contender,100,0,10,0,Silencer,AP Round,T-Exo,4756,832,30
738,Advanced8,Night,213,SMG,C-MS,100,0,8,0,T-Exo,AP Round,Holographic,7025,790,31
738,Advanced8,Night,20053,RF,NTW-20 Mod,200,1,10,10,Exclusive,Optical,Camo Cloak,7738,773,32
738,Advanced8,Night,20252,RF,KSVK Mod,200,1,10,10,Exclusive,Optical,Camo Cloak,7538,753,33
738,Advanced8,Night,20097,HG,M950A Mod,100,0,10,10,Silencer,HP Round,X-Exo,4263,746,34
738,Advanced8,Night,20037,RF,M14 Mod,200,1,10,10,AP Round,Exclusive,Camo Cloak,7401,740,35
738,Advanced8,Night,20103,SMG,UMP45 Mod,100,0,10,4,Exclusive,HP Round,Exclusive,6459,726,36
738,Advanced8,Night,1029,AR,Agent 416,100,0,1,0,Optical,Exclusive,T-Exo,3851,722,37
738,Advanced8,Night,266,RF,R93,150,1,10,0,AP Round,Optical,Camo Cloak,7214,721,38
738,Advanced8,Night,20026,SMG,Gr MP5 Mod,100,0,10,10,Exclusive,HP Round,Silencer,6355,714,39
738,Advanced8,Night,261,RF,QBU-88,100,0,8,0,AP Round,Optical,Camo Cloak,7125,712,40
738,Advanced8,Night,20095,RF,Type88 Mod,200,1,10,10,Exclusive,Exclusive,Camo Cloak,7093,709,41
738,Advanced8,Night,20039,RF,Mosin-Nagant Mod,100,0,8,8,AP Round,Exclusive,Exclusive,7014,701,42
738,Advanced8,Night,16,SMG,Thompson,100,0,10,0,Exo,HP Round,Silencer,6190,696,43
738,Advanced8,Night,50,RF,Lee Enfield,100,0,10,0,AP Round,Exclusive,Camo Cloak,6968,696,44
738,Advanced8,Night,1031,RF,Pekola,100,0,10,0,AP Round,Optical,Exclusive,6968,696,45
738,Advanced8,Night,20007,HG,Stechkin Mod,95.9232,0,10,8,Exclusive,HP Round,X-Exo,3949,691,46
738,Advanced8,Night,1024,RF,Rico,100,0,10,0,AP Round,Optical,Exclusive,6907,690,47
738,Advanced8,Night,36,RF,Springfield,100,0,1,0,Exclusive,Optical,Camo Cloak,6821,682,48
738,Advanced8,Night,242,HG,P22,100,0,10,0,Silencer,HP Round,X-Exo,3865,676,49
738,Advanced8,Night,20001,HG,SAA Mod,100,0,10,10,Silencer,HP Round,X-Exo,3855,674,50
738,Advanced8,Night,48,RF,WA2000,100,0,10,0,AP Round,Optical,Camo Cloak,6735,673,51
738,Advanced8,Night,294,HG,Webley,100,0,10,0,Silencer,HP Round,X-Exo,3829,670,52
738,Advanced8,Night,296,RF,Gr SL8,100,0,8,0,AP Round,Optical,Camo Cloak,6654,665,53
738,Advanced8,Night,46,RF,Kar98k,100,0,8,0,AP Round,Exclusive,Camo Cloak,6649,664,54
738,Advanced8,Night,231,RF,M82A1,100,0,10,0,AP Round,Optical,Camo Cloak,6641,664,55
738,Advanced8,Night,253,MG,Lewis,100,0,8,0,AP Round,Optical,Ammo Box,8841,663,56
738,Advanced8,Night,114,HG,Welrod MkⅡ,100,0,10,0,Silencer,HP Round,X-Exo,3783,662,57
738,Advanced8,Night,250,HG,HS2000,100,0,10,0,Silencer,HP Round,X-Exo,3783,662,58
738,Advanced8,Night,85,MG,PK,100,0,10,0,AP Round,Optical,Ammo Box,7355,661,59
738,Advanced8,Night,1017,HG,Jill Stingray,100,0,10,0,Silencer,HP Round,X-Exo,3780,661,60
738,Advanced8,Night,245,SMG,P90,100,0,8,0,X-Exo,HP Round,Silencer,5874,660,61
738,Advanced8,Night,257,RF,M200,100,0,10,0,AP Round,Optical,Camo Cloak,6586,658,62
738,Advanced8,Night,1018,HG,Sei Asagiri,100,0,8,0,Silencer,HP Round,Exclusive,3751,656,63
738,Advanced8,Night,20051,RF,FF FN49 Mod,100,0,8,8,AP Round,Exclusive,Camo Cloak,6323,632,64
738,Advanced8,Night,1028,SMG,Agent Vector,100,0,8,0,Exclusive,HP Round,Silencer,5603,630,65
738,Advanced8,Night,197,RF,Carcano M1891,150,1,10,0,AP Round,Silencer,Camo Cloak,6070,607,66
738,Advanced8,Night,20044,RF,SV-98 Mod,100,0,8,8,AP Round,Silencer,Exclusive,6046,604,67
738,Advanced8,Night,198,RF,Carcano M91/38,100,0,10,0,AP Round,Silencer,Camo Cloak,6027,602,68
738,Advanced8,Night,329,RF,SVCh,100,0,8,0,AP Round,Silencer,Camo Cloak,6006,600,69
738,Advanced8,Night,148,RF,IWS 2000,100,0,10,0,AP Round,Silencer,Camo Cloak,5952,595,70
738,Advanced8,Night,1020,RF,Stella Hoshii,100,0,8,0,AP Round,Silencer,Exclusive,5924,592,71
738,Advanced8,Night,1030,SMG,Jashin-chan,100,0,1,0,Exclusive,HP Round,Silencer,4006,450,72
743,Critical3,Night,20055,AR,M4A1 Mod,200,1,10,10,Optical,HV Round,Exclusive,8492,1061,1
743,Critical3,Night,20065,AR,416 Mod,200,1,10,10,Exclusive,HV Round,Exclusive,7556,944,2
743,Critical3,Night,213,SMG,C-MS,100,0,8,0,T-Exo,AP Round,Red Dot,7326,824,3
743,Critical3,Night,157,SG,Am KSG,100,0,10,0,Armor Plate,Buckshot Shell,Red Dot,7722,810,4
743,Critical3,Night,54,AR,M16A1,100,0,1,0,HV Round,Armor Plate,Exclusive,6398,799,5
743,Critical3,Night,20057,AR,ST AR-15 Mod,200,1,10,10,Optical,Optical,Exclusive,6374,796,6
743,Critical3,Night,324,SG,M6 ASW,100,0,1,0,Armor Plate,Buckshot Shell,Red Dot,7577,795,7
743,Critical3,Night,20056,AR,M4 SOPMOD II Mod,200,1,10,10,Optical,Exclusive,HV Round,6304,788,8
743,Critical3,Night,1027,AR,Angelica,100,0,10,0,Optical,HV Round,Exclusive,6211,776,9
743,Critical3,Night,164,SG,FP-6,100,0,1,0,Armor Plate,Buckshot Shell,Holographic,7354,772,10
743,Critical3,Night,62,AR,Gr G41,100,0,1,0,Optical,HV Round,Exclusive,6047,755,11
743,Critical3,Night,20064,AR,Gr G36 Mod,200,1,8,8,Exclusive,HV Round,T-Exo,5976,747,12
743,Critical3,Night,20026,SMG,Gr MP5 Mod,100,0,10,10,Exclusive,HP Round,Holographic,6501,731,13
743,Critical3,Night,215,AR,MDR,100,0,10,0,Exclusive,HV Round,T-Exo,5811,726,14
743,Critical3,Night,20103,SMG,UMP45 Mod,100,0,10,4,Exclusive,HP Round,Exclusive,6459,726,15
743,Critical3,Night,20060,AR,AS Val Mod,100,0,10,10,Optical,Exclusive,T-Exo,5723,715,16
743,Critical3,Night,206,AR,AK-12,100,0,10,0,Optical,HV Round,T-Exo,5708,713,17
743,Critical3,Night,205,AR,AN-94,100,0,10,0,Optical,HV Round,T-Exo,5688,711,18
743,Critical3,Night,73,AR,AUG,100,0,10,0,Optical,HV Round,T-Exo,5679,709,19
743,Critical3,Night,245,SMG,P90,100,0,8,0,T-Exo,HP Round,Holographic,6278,706,20
743,Critical3,Night,16,SMG,Thompson,100,0,10,0,T-Exo,HP Round,Holographic,6243,702,21
743,Critical3,Night,243,AR,64 Shiki,100,0,10,0,Optical,HV Round,T-Exo,5610,701,22
743,Critical3,Night,188,SG,S.A.T.8,100,0,10,0,Armor Plate,Buckshot Shell,Holographic,7892,690,23
743,Critical3,Night,20101,SMG,UMP9 Mod,100,0,8,8,T-Exo,HP Round,Holographic,6113,687,24
743,Critical3,Night,122,AR,Gr G11,100,0,10,0,Optical,HV Round,T-Exo,5469,683,25
743,Critical3,Night,194,AR,K2,100,0,8,0,Optical,HV Round,T-Exo,5381,672,26
743,Critical3,Night,163,SG,AA-12,100,0,1,0,Armor Plate,Exclusive,Optical,7683,672,27
743,Critical3,Night,130,AR,Type97,100,0,8,0,Exclusive,HV Round,T-Exo,5368,671,28
743,Critical3,Night,290,AR,89 Shiki,100,0,5,0,Optical,HV Round,T-Exo,5371,671,29
743,Critical3,Night,172,AR,Am RFB,100,0,8,0,Exclusive,HV Round,T-Exo,5367,670,30
743,Critical3,Night,106,AR,FAL,100,0,10,0,Optical,HV Round,Exo,5336,667,31
743,Critical3,Night,72,AR,TAR-21,100,0,1,0,Optical,HV Round,Exclusive,5309,663,32
743,Critical3,Night,229,SG,M870,100,0,10,0,Armor Plate,Slug Shell,Optical,7439,650,33
743,Critical3,Night,323,SG,LTLX7000,100,0,10,0,Armor Plate,Buckshot Shell,Optical,7368,644,34
743,Critical3,Night,1019,SMG,Dorothy Haze,100,0,10,0,X-Exo,Exclusive,Silencer,5665,637,35
743,Critical3,Night,234,SMG,JS 9,100,0,8,0,X-Exo,HP Round,Silencer,5626,632,36
743,Critical3,Night,143,SMG,RO635,100,0,10,0,X-Exo,HP Round,Silencer,5606,630,37
743,Critical3,Night,1028,SMG,Agent Vector,100,0,8,0,Exclusive,HP Round,Silencer,5603,630,38
743,Critical3,Night,20032,SMG,Micro Uzi Mod,100,0,8,8,X-Exo,HP Round,Silencer,5605,630,39
743,Critical3,Night,28,SMG,Gr MP7,100,0,8,0,X-Exo,HP Round,Silencer,5521,621,40
743,Critical3,Night,104,SMG,Gr G36c,100,0,10,0,X-Exo,HP Round,Silencer,5519,620,41
743,Critical3,Night,20029,SMG,STEN MkⅡ Mod,100,0,3,0,X-Exo,HP Round,Silencer,5497,618,42
743,Critical3,Night,135,SMG,SR-3MP,100,0,10,0,X-Exo,HP Round,Silencer,5417,609,43
743,Critical3,Night,20,SMG,Vector,100,0,10,0,X-Exo,HP Round,Silencer,5388,606,44
743,Critical3,Night,1025,SG,Triela,100,0,1,0,Armor Plate,Exclusive,Optical,6660,582,45
743,Critical3,Night,173,MG,PKP,100,0,10,0,AP Round,Optical,Ammo Box,8416,504,46
743,Critical3,Night,238,MG,QJY-88,100,0,1,0,AP Round,Optical,Ammo Box,8064,483,47
743,Critical3,Night,1029,AR,Agent 416,100,0,1,0,Optical,Exclusive,Exclusive,3811,476,48
743,Critical3,Night,1030,SMG,Jashin-chan,100,0,1,0,Exclusive,HP Round,Silencer,4006,450,49
743,Critical3,Night,253,MG,Lewis,100,0,8,0,AP Round,Optical,Ammo Box,8841,442,50
743,Critical3,Night,292,MG,RPK-16,100,0,10,0,AP Round,Optical,Ammo Box,8612,430,51
743,Critical3,Night,20075,MG,M1918 Mod,100,0,6,8,AP Round,Optical,Exclusive,8580,429,52
743,Critical3,Night,112,MG,Negev,100,0,10,0,AP Round,Optical,Ammo Box,8391,419,53
743,Critical3,Night,1021,MG,Alma Armas,100,0,1,0,AP Round,Optical,Exclusive,8245,412,54
743,Critical3,Night,109,MG,Gr MG5,100,0,10,0,AP Round,Optical,Ammo Box,8121,406,55
743,Critical3,Night,307,MG,ZB-26,100,0,1,0,AP Round,Optical,Ammo Box,8125,406,56
743,Critical3,Night,20037,RF,M14 Mod,200,1,10,10,AP Round,Exclusive,Camo Cloak,7401,370,57
743,Critical3,Night,20053,RF,NTW-20 Mod,200,1,10,10,Exclusive,Silencer,Camo Cloak,7143,357,58
743,Critical3,Night,20095,RF,Type88 Mod,200,1,10,10,Exclusive,Exclusive,Camo Cloak,7093,354,59
743,Critical3,Night,20039,RF,Mosin-Nagant Mod,100,0,8,8,AP Round,Exclusive,Exclusive,7014,350,60
743,Critical3,Night,50,RF,Lee Enfield,100,0,10,0,AP Round,Exclusive,Camo Cloak,6968,348,61
743,Critical3,Night,20252,RF,KSVK Mod,200,1,10,10,Exclusive,Silencer,Camo Cloak,6948,347,62
743,Critical3,Night,46,RF,Kar98k,100,0,8,0,AP Round,Exclusive,Camo Cloak,6649,332,63
743,Critical3,Night,266,RF,R93,150,1,10,0,AP Round,Silencer,Camo Cloak,6615,330,64
743,Critical3,Night,1018,HG,Sei Asagiri,100,0,8,0,Silencer,HP Round,Exclusive,3751,328,65
743,Critical3,Night,261,RF,QBU-88,100,0,8,0,AP Round,Silencer,Camo Cloak,6547,327,66
743,Critical3,Night,1017,HG,Jill Stingray,100,0,10,0,Silencer,HP Round,Exclusive,3722,325,67
743,Critical3,Night,20051,RF,FF FN49 Mod,100,0,8,8,AP Round,Exclusive,Camo Cloak,6323,316,68
743,Critical3,Night,1031,RF,Pekola,100,0,10,0,AP Round,Silencer,Exclusive,6329,316,69
743,Critical3,Night,1024,RF,Rico,100,0,10,0,AP Round,Silencer,Exclusive,6241,312,70
743,Critical3,Night,36,RF,Springfield,100,0,1,0,Exclusive,Silencer,Camo Cloak,6247,312,71
743,Critical3,Night,1026,MG,Claes,100,0,1,0,AP Round,Exclusive,Ammo Box,6110,305,72
743,Critical3,Night,1033,MG,Hanazono Yurine,100,0,1,0,AP Round,Exclusive,Ammo Box,6094,304,73
746,Critical6,Night,20055,AR,M4A1 Mod,200,1,10,10,Optical,HV Round,Exclusive,8492,1061,1
746,Critical6,Night,188,SG,S.A.T.8,100,0,10,0,Armor Plate,Buckshot Shell,Red Dot,8040,1005,2
746,Critical6,Night,229,SG,M870,100,0,10,0,Armor Plate,Buckshot Shell,Red Dot,7823,977,3
746,Critical6,Night,163,SG,AA-12,100,0,1,0,Armor Plate,Exclusive,Holographic,7728,966,4
746,Critical6,Night,157,SG,Am KSG,100,0,10,0,Armor Plate,Buckshot Shell,Red Dot,7722,965,5
746,Critical6,Night,20065,AR,416 Mod,200,1,10,10,Exclusive,HV Round,Exclusive,7556,944,6
746,Critical6,Night,323,SG,LTLX7000,100,0,10,0,Armor Plate,Buckshot Shell,Holographic,7546,943,7
746,Critical6,Night,282,SG,DP-12,100,0,8,0,Armor Plate,Buckshot Shell,Holographic,7496,937,8
746,Critical6,Night,324,SG,M6 ASW,100,0,1,0,Armor Plate,Slug Shell,Optical,7214,901,9
746,Critical6,Night,1025,SG,Triela,100,0,1,0,Armor Plate,Exclusive,Holographic,6936,867,10
746,Critical6,Night,54,AR,M16A1,100,0,1,0,HV Round,Armor Plate,Exclusive,6398,799,11
746,Critical6,Night,20057,AR,ST AR-15 Mod,200,1,10,10,Optical,Optical,Exclusive,6374,796,12
746,Critical6,Night,213,SMG,C-MS,100,0,8,0,T-Exo,AP Round,Holographic,7025,790,13
746,Critical6,Night,20056,AR,M4 SOPMOD II Mod,200,1,10,10,Optical,Exclusive,HV Round,6304,788,14
746,Critical6,Night,1027,AR,Angelica,100,0,10,0,Optical,HV Round,Exclusive,6211,776,15
746,Critical6,Night,20053,RF,NTW-20 Mod,200,1,10,10,Exclusive,Optical,Camo Cloak,7738,773,16
746,Critical6,Night,62,AR,Gr G41,100,0,1,0,Optical,HV Round,Exclusive,6047,755,17
746,Critical6,Night,20252,RF,KSVK Mod,200,1,10,10,Exclusive,Optical,Camo Cloak,7538,753,18
746,Critical6,Night,20064,AR,Gr G36 Mod,200,1,8,8,Exclusive,HV Round,T-Exo,5976,747,19
746,Critical6,Night,20037,RF,M14 Mod,200,1,10,10,AP Round,Exclusive,Camo Cloak,7401,740,20
746,Critical6,Night,20026,SMG,Gr MP5 Mod,100,0,10,10,Exclusive,HP Round,Holographic,6501,731,21
746,Critical6,Night,215,AR,MDR,100,0,10,0,Exclusive,HV Round,T-Exo,5811,726,22
746,Critical6,Night,20103,SMG,UMP45 Mod,100,0,10,4,Exclusive,HP Round,Exclusive,6459,726,23
746,Critical6,Night,266,RF,R93,150,1,10,0,AP Round,Optical,Camo Cloak,7214,721,24
746,Critical6,Night,20060,AR,AS Val Mod,100,0,10,10,Optical,Exclusive,T-Exo,5723,715,25
746,Critical6,Night,206,AR,AK-12,100,0,10,0,Optical,HV Round,T-Exo,5708,713,26
746,Critical6,Night,261,RF,QBU-88,100,0,8,0,AP Round,Optical,Camo Cloak,7125,712,27
746,Critical6,Night,205,AR,AN-94,100,0,10,0,Optical,HV Round,T-Exo,5688,711,28
746,Critical6,Night,73,AR,AUG,100,0,10,0,Optical,HV Round,T-Exo,5679,709,29
746,Critical6,Night,20095,RF,Type88 Mod,200,1,10,10,Exclusive,Exclusive,Camo Cloak,7093,709,30
746,Critical6,Night,243,AR,64 Shiki,100,0,10,0,Optical,HV Round,T-Exo,5610,701,31
746,Critical6,Night,20039,RF,Mosin-Nagant Mod,100,0,8,8,AP Round,Exclusive,Exclusive,7014,701,32
746,Critical6,Night,16,SMG,Thompson,100,0,10,0,T-Exo,HP Round,Silencer,6190,696,33
746,Critical6,Night,50,RF,Lee Enfield,100,0,10,0,AP Round,Exclusive,Camo Cloak,6968,696,34
746,Critical6,Night,1031,RF,Pekola,100,0,10,0,AP Round,Optical,Exclusive,6968,696,35
746,Critical6,Night,245,SMG,P90,100,0,8,0,T-Exo,HP Round,Silencer,6153,692,36
746,Critical6,Night,1024,RF,Rico,100,0,10,0,AP Round,Optical,Exclusive,6907,690,37
746,Critical6,Night,122,AR,Gr G11,100,0,10,0,Optical,HV Round,T-Exo,5469,683,38
746,Critical6,Night,36,RF,Springfield,100,0,1,0,Exclusive,Optical,Camo Cloak,6821,682,39
746,Critical6,Night,20101,SMG,UMP9 Mod,100,0,8,8,T-Exo,HP Round,Silencer,6032,678,40
746,Critical6,Night,48,RF,WA2000,100,0,10,0,AP Round,Optical,Camo Cloak,6735,673,41
746,Critical6,Night,194,AR,K2,100,0,8,0,Optical,HV Round,T-Exo,5381,672,42
746,Critical6,Night,130,AR,Type97,100,0,8,0,Exclusive,HV Round,T-Exo,5368,671,43
746,Critical6,Night,290,AR,89 Shiki,100,0,5,0,Optical,HV Round,T-Exo,5371,671,44
746,Critical6,Night,172,AR,Am RFB,100,0,8,0,Exclusive,HV Round,T-Exo,5367,670,45
746,Critical6,Night,106,AR,FAL,100,0,10,0,Optical,HV Round,Exo,5336,667,46
746,Critical6,Night,296,RF,Gr SL8,100,0,8,0,AP Round,Optical,Camo Cloak,6654,665,47
746,Critical6,Night,46,RF,Kar98k,100,0,8,0,AP Round,Exclusive,Camo Cloak,6649,664,48
746,Critical6,Night,231,RF,M82A1,100,0,10,0,AP Round,Optical,Camo Cloak,6641,664,49
746,Critical6,Night,72,AR,TAR-21,100,0,1,0,Optical,HV Round,Exclusive,5309,663,50
746,Critical6,Night,253,MG,Lewis,100,0,8,0,AP Round,Optical,Ammo Box,8841,663,51
746,Critical6,Night,257,RF,M200,100,0,10,0,AP Round,Optical,Camo Cloak,6586,658,52
746,Critical6,Night,197,RF,Carcano M1891,150,1,10,0,AP Round,Optical,Camo Cloak,6578,657,53
746,Critical6,Night,1019,SMG,Dorothy Haze,100,0,10,0,X-Exo,Exclusive,Silencer,5665,637,54
746,Critical6,Night,234,SMG,JS 9,100,0,8,0,X-Exo,HP Round,Silencer,5626,632,55
746,Critical6,Night,20051,RF,FF FN49 Mod,100,0,8,8,AP Round,Exclusive,Camo Cloak,6323,632,56
746,Critical6,Night,143,SMG,RO635,100,0,10,0,X-Exo,HP Round,Silencer,5606,630,57
746,Critical6,Night,1028,SMG,Agent Vector,100,0,8,0,Exclusive,HP Round,Silencer,5603,630,58
746,Critical6,Night,20032,SMG,Micro Uzi Mod,100,0,8,8,X-Exo,HP Round,Silencer,5605,630,59
746,Critical6,Night,28,SMG,Gr MP7,100,0,8,0,X-Exo,HP Round,Silencer,5521,621,60
746,Critical6,Night,104,SMG,Gr G36c,100,0,10,0,X-Exo,HP Round,Silencer,5519,620,61
746,Critical6,Night,20029,SMG,STEN MkⅡ Mod,100,0,3,0,X-Exo,HP Round,Silencer,5497,618,62
746,Critical6,Night,135,SMG,SR-3MP,100,0,10,0,X-Exo,HP Round,Silencer,5417,609,63
746,Critical6,Night,20,SMG,Vector,100,0,10,0,X-Exo,HP Round,Silencer,5388,606,64
746,Critical6,Night,20044,RF,SV-98 Mod,100,0,8,8,AP Round,Silencer,Exclusive,6046,604,65
746,Critical6,Night,198,RF,Carcano M91/38,100,0,10,0,AP Round,Silencer,Camo Cloak,6027,602,66
746,Critical6,Night,329,RF,SVCh,100,0,8,0,AP Round,Silencer,Camo Cloak,6006,600,67
746,Critical6,Night,148,RF,IWS 2000,100,0,10,0,AP Round,Silencer,Camo Cloak,5952,595,68
746,Critical6,Night,1020,RF,Stella Hoshii,100,0,8,0,AP Round,Silencer,Exclusive,5924,592,69
746,Critical6,Night,222,RF,TAC-50,100,0,10,0,AP Round,Silencer,Camo Cloak,5884,588,70
746,Critical6,Night,146,RF,Gr G28,100,0,10,0,AP Round,Silencer,Camo Cloak,5854,585,71
746,Critical6,Night,1029,AR,Agent 416,100,0,1,0,Exclusive,Exclusive,Exclusive,3811,476,72
746,Critical6,Night,1030,SMG,Jashin-chan,100,0,1,0,Exclusive,HP Round,Night Equip,3744,421,73
746,Critical6,Night,1017,HG,Jill Stingray,100,0,10,0,Exclusive,HP Round,Exclusive,3684,322,74
746,Critical6,Night,1018,HG,Sei Asagiri,100,0,8,0,Night Equip,HP Round,Exclusive,3534,309,75
748,Critical8,Day,20055,AR,M4A1 Mod,200,1,10,10,Night Equip,HV Round,Exclusive,7607,2091,1
748,Critical8,Day,20065,AR,416 Mod,200,1,10,10,Night Equip,HV Round,Exclusive,6537,1797,2
748,Critical8,Day,20057,AR,ST AR-15 Mod,200,1,10,10,Optical,Night Equip,Exclusive,5770,1586,3
748,Critical8,Day,20056,AR,M4 SOPMOD II Mod,200,1,10,10,Optical,Night Equip,HV Round,5714,1571,4
748,Critical8,Day,1027,AR,Angelica,100,0,10,0,Night Equip,HV Round,Exclusive,5574,1532,5
748,Critical8,Day,213,SMG,C-MS,100,0,8,0,T-Exo,AP Round,Night Equip,6295,1495,6
748,Critical8,Day,20064,AR,Gr G36 Mod,200,1,8,8,Night Equip,HV Round,T-Exo,5373,1477,7
748,Critical8,Day,62,AR,Gr G41,100,0,1,0,Night Equip,HV Round,Exclusive,5356,1472,8
748,Critical8,Day,20060,AR,AS Val Mod,100,0,10,10,Night Equip,Exclusive,T-Exo,5291,1455,9
748,Critical8,Day,171,AR,Ribeyrolles,100,0,8,0,Night Equip,HV Round,T-Exo,4405,1453,10
748,Critical8,Day,54,AR,M16A1,100,0,1,0,HV Round,Armor Plate,Exclusive,5203,1430,11
748,Critical8,Day,20026,SMG,Gr MP5 Mod,100,0,10,10,Exclusive,HP Round,Night Equip,6020,1429,12
748,Critical8,Day,73,AR,AUG,100,0,10,0,Night Equip,HV Round,T-Exo,5178,1423,13
748,Critical8,Day,206,AR,AK-12,100,0,10,0,Night Equip,HV Round,T-Exo,5167,1420,14
748,Critical8,Day,205,AR,AN-94,100,0,10,0,Night Equip,HV Round,T-Exo,5158,1418,15
748,Critical8,Day,243,AR,64 Shiki,100,0,10,0,Night Equip,HV Round,T-Exo,5105,1403,16
748,Critical8,Day,20103,SMG,UMP45 Mod,100,0,10,4,Exclusive,HP Round,Night Equip,5892,1399,17
748,Critical8,Day,245,SMG,P90,100,0,8,0,T-Exo,HP Round,Night Equip,5798,1377,18
748,Critical8,Day,16,SMG,Thompson,100,0,10,0,T-Exo,HP Round,Night Equip,5784,1373,19
748,Critical8,Day,122,AR,Gr G11,100,0,10,0,Night Equip,HV Round,T-Exo,4972,1367,20
748,Critical8,Day,215,AR,MDR,100,0,10,0,Night Equip,HV Round,T-Exo,4932,1356,21
748,Critical8,Day,20101,SMG,UMP9 Mod,100,0,8,8,T-Exo,HP Round,Night Equip,5695,1352,22
748,Critical8,Day,194,AR,K2,100,0,8,0,Night Equip,HV Round,T-Exo,4909,1349,23
748,Critical8,Day,106,AR,FAL,100,0,10,0,Night Equip,HV Round,T-Exo,4881,1342,24
748,Critical8,Day,290,AR,89 Shiki,100,0,5,0,Night Equip,HV Round,T-Exo,4874,1340,25
748,Critical8,Day,1019,SMG,Dorothy Haze,100,0,10,0,Exo,Exclusive,Night Equip,5603,1330,26
748,Critical8,Day,1028,SMG,Agent Vector,100,0,8,0,Exclusive,HP Round,Silencer,4876,1158,27
748,Critical8,Day,234,SMG,JS 9,100,0,8,0,X-Exo,HP Round,Silencer,4819,1144,28
748,Critical8,Day,20032,SMG,Micro Uzi Mod,100,0,8,8,X-Exo,HP Round,Silencer,4766,1131,29
748,Critical8,Day,143,SMG,RO635,100,0,10,0,X-Exo,HP Round,Silencer,4756,1129,30
748,Critical8,Day,104,SMG,Gr G36c,100,0,10,0,X-Exo,HP Round,Silencer,4745,1126,31
748,Critical8,Day,28,SMG,Gr MP7,100,0,8,0,X-Exo,HP Round,Silencer,4705,1117,32
748,Critical8,Day,20029,SMG,STEN MkⅡ Mod,100,0,3,0,X-Exo,HP Round,Silencer,4659,1106,33
748,Critical8,Day,135,SMG,SR-3MP,100,0,10,0,X-Exo,HP Round,Silencer,4628,1099,34
748,Critical8,Day,20,SMG,Vector,100,0,10,0,X-Exo,HP Round,Silencer,4560,1083,35
748,Critical8,Day,20031,SMG,M38 Mod,100,0,1,1,X-Exo,HP Round,Silencer,4507,1070,36
748,Critical8,Day,188,SG,S.A.T.8,100,0,10,0,Armor Plate,Buckshot Shell,Red Dot,6837,854,37
748,Critical8,Day,323,SG,LTLX7000,100,0,10,0,Armor Plate,Buckshot Shell,Red Dot,6695,836,38
748,Critical8,Day,229,SG,M870,100,0,10,0,Armor Plate,Buckshot Shell,Red Dot,6634,829,39
748,Critical8,Day,1030,SMG,Jashin-chan,100,0,1,0,Exclusive,HP Round,Silencer,3488,828,40
748,Critical8,Day,157,SG,Am KSG,100,0,10,0,Armor Plate,Slug Shell,Holographic,6485,810,41
748,Critical8,Day,282,SG,DP-12,100,0,8,0,Armor Plate,Buckshot Shell,Holographic,6352,794,42
748,Critical8,Day,1017,HG,Jill Stingray,100,0,10,0,Exclusive,Exclusive,Exclusive,3009,789,43
748,Critical8,Day,164,SG,FP-6,100,0,1,0,Armor Plate,Buckshot Shell,Holographic,6301,787,44
748,Critical8,Day,163,SG,AA-12,100,0,1,0,Armor Plate,Exclusive,Holographic,6269,783,45
748,Critical8,Day,1018,HG,Sei Asagiri,100,0,8,0,Silencer,HP Round,Exclusive,2934,770,46
748,Critical8,Day,72,AR,TAR-21,100,0,1,0,Silencer,HV Round,Exclusive,2757,758,47
748,Critical8,Day,1025,SG,Triela,100,0,1,0,Armor Plate,Exclusive,Holographic,5713,714,48
748,Critical8,Day,1029,AR,Agent 416,100,0,1,0,Silencer,HV Round,Exclusive,2316,636,49
748,Critical8,Day,253,MG,Lewis,100,0,8,0,AP Round,Holographic,Ammo Box,4060,304,50
748,Critical8,Day,20053,RF,NTW-20 Mod,200,1,10,10,Exclusive,Optical,Camo Cloak,4044,303,51
748,Critical8,Day,20252,RF,KSVK Mod,200,1,10,10,Exclusive,Optical,Camo Cloak,3958,296,52
748,Critical8,Day,292,MG,RPK-16,100,0,10,0,AP Round,Optical,Ammo Box,3889,291,53
748,Critical8,Day,112,MG,Negev,100,0,10,0,AP Round,Optical,Ammo Box,3874,290,54
748,Critical8,Day,20075,MG,M1918 Mod,100,0,6,8,AP Round,Optical,Exclusive,3835,287,55
748,Critical8,Day,20037,RF,M14 Mod,200,1,10,10,AP Round,Exclusive,Camo Cloak,3790,284,56
748,Critical8,Day,20039,RF,Mosin-Nagant Mod,100,0,8,8,AP Round,Exclusive,Exclusive,3788,284,57
748,Critical8,Day,266,RF,R93,150,1,10,0,AP Round,Optical,Camo Cloak,3744,280,58
748,Critical8,Day,20095,RF,Type88 Mod,200,1,10,10,Exclusive,Exclusive,Camo Cloak,3716,278,59
748,Critical8,Day,109,MG,Gr MG5,100,0,10,0,AP Round,Optical,Ammo Box,3672,275,60
748,Critical8,Day,173,MG,PKP,100,0,10,0,AP Round,Optical,Ammo Box,3610,270,61
748,Critical8,Day,261,RF,QBU-88,100,0,8,0,AP Round,Optical,Camo Cloak,3576,268,62
748,Critical8,Day,20081,MG,LWMMG Mod,100,0,8,8,AP Round,Optical,Ammo Box,3510,263,63
748,Critical8,Day,1031,RF,Pekola,100,0,10,0,AP Round,Optical,Exclusive,3488,261,64
748,Critical8,Day,307,MG,ZB-26,100,0,1,0,AP Round,Optical,Ammo Box,3463,259,65
748,Critical8,Day,257,RF,M200,100,0,10,0,AP Round,Optical,Camo Cloak,3453,258,66
748,Critical8,Day,238,MG,QJY-88,100,0,1,0,AP Round,Optical,Ammo Box,3451,258,67
748,Critical8,Day,197,RF,Carcano M1891,150,1,10,0,AP Round,Optical,Camo Cloak,3435,257,68
748,Critical8,Day,1021,MG,Alma Armas,100,0,1,0,AP Round,Optical,Exclusive,3428,257,69
748,Critical8,Day,275,MG,M1895 CB,100,0,10,0,AP Round,Optical,Ammo Box,3431,257,70
748,Critical8,Day,50,RF,Lee Enfield,100,0,10,0,AP Round,Exclusive,Camo Cloak,3407,255,71
748,Critical8,Day,276,MG,Kord,100,0,10,0,AP Round,Optical,Ammo Box,3390,254,72
748,Critical8,Day,337,RF,De Lisle,100,0,10,0,AP Round,Optical,Camo Cloak,3393,254,73
748,Critical8,Day,198,RF,Carcano M91/38,100,0,10,0,AP Round,Optical,Camo Cloak,3383,253,74
748,Critical8,Day,36,RF,Springfield,100,0,1,0,Exclusive,Optical,Camo Cloak,3109,233,75
